stop_id,route_types
2860212,3
2860213,3
2860223,3
2860229,3
2860230,3
2860256,3
2860259,3
2860273,3
2860274,3
2860277,3
2860279,3
2860292,3
2860294,3
2860310,3
2860314,3
2860315,3
2860316,3
2860318,3
2860324,3
2860331,3
2860332,3
2860340,3
2860343,3
2860349,3
2860353,3
2860354,3
2860357,3
2860364,3
2860366,3
2860372,3
2860373,3
2860374,3
2860386,3
2860392,3
2860394,3
2860397,3
2860419,3
2860423,3
2860424,3
2860425,3
2860427,3
2860428,3
2860429,3
2860432,3
2860434,3
2860440,3
2860444,3
2860456,3
2860472,3
2860473,3
2860474,3
2860476,3
2860478,3
2860484,3
2860495,3
2860502,3
2860510,3
2860524,3
2860536,3
2860542,3
2860545,3
2860551,3
2860555,3
2860559,3
2860564,3
2860567,3
2860570,3
2860572,3
2860573,3
2860574,3
2860580,3
2860586,3
2860594,3
2860595,3
2860598,3
2860605,3
2860622,3
2860626,3
2860627,3
2860642,3
2860644,3
2860648,3
2860698,3
2860717,3
2860957,3
2861021,3
2861402,3
2861813,3
2862011,3
2862018,3
2862214,3
2862301,3
2918961,3
2918962,3
2918969,3
2919017,3
2919020,3
2919054,3
2919055,3
2919060,3
2919061,3
2919064,3
2919080,3
2919089,3
2992043,3
2992048,3
2992049,3
2992050,3
2992057,3
2992062,3
2992099,3
2992100,3
2992142,3
2992214,3
2992286,3
2992305,3
2992314,3
2992345,3
2992361,3
2992405,3
2992421,3
2992453,3
2992463,3
2992504,3
2992508,3
2992521,3
2992525,3
2992640,3
2992643,3
2992659,3
2992690,3
2992779,3
2992780,3
2992844,3
2992845,3
2992877,3
2992905,3
2992909,3
2992921,3
2992959,3
2992989,3
2993033,3
2993037,3
2993107,3
2993130,3
2993134,3
2993165,3
2993261,3
2993264,3
2993302,3
2993334,3
2993359,3
2993400,3
2993415,3
2993444,3
2993448,3
2993482,3
2993486,3
2993490,3
2993495,3
2993533,3
2993545,3
2993557,3
2993571,3
2993572,3
2993596,3
2993687,3
2993707,3
2993797,3
2993821,3
2993833,3
2993836,3
2993857,3
2993861,3
2993867,3
2993875,3
2993888,3
2993908,3
2993916,3
2993922,3
2993929,3
2993952,3
2993975,3
2993978,3
2993982,3
2994062,3
2994065,3
2994085,3
2994097,3
2994101,3
2994121,3
2994182,3
2994191,3
2994209,3
2994210,3
2994212,3
2994216,3
2994220,3
2994261,3
2994280,3
2994304,3
2994340,3
3012026,3
3012027,3
3030114,3
3030115,3
3030116,3
3030120,3
3030125,3
3030129,3
3030131,3
3030137,3
3030138,3
3030139,3
3030149,3
3030155,3
3030156,3
3030165,3
3030167,3
3030168,3
3030169,3
3030170,3
3030171,3
3034755,3
3054582,3
3054584,3
3054585,3
3065340,3
3133733,3
3133734,3
3133796,3
3160191,3
3181263,3
3183666,3
3183667,3
3183668,3
3183669,3
3183670,3
3183671,3
3183672,3
3183673,3
3183674,3
3183675,3
3183676,3
3183677,3
3183678,3
3183679,3
3183680,3
3183681,3
3183682,3
3183683,3
3183684,3
3183685,3
3183686,3
3183687,3
3183688,3
3183689,3
3183690,3
3183692,3
3183693,3
3183694,3
3183697,3
3183698,3
3183699,3
3183701,3
3183702,3
3183704,3
3183706,3
3183707,3
3183708,3
3183709,3
3183710,3
3183712,3
3183713,3
3183714,3
3183715,3
3183716,3
3183717,3
3183719,3
3183720,3
3183721,3
3183722,3
3183723,3
3183724,3
3183725,3
3183728,3
3183729,3
3183730,3
3183731,3
3183734,3
3183735,3
3183736,3
3183737,3
3183738,3
3183739,3
3183740,3
3183741,3
3183742,3
3183743,3
3183744,3
3183745,3
3183746,3
3183747,3
3183748,3
3183750,3
3183752,3
3183753,3
3183755,3
3183756,3
3183757,3
3183758,3
3183759,3
3183760,3
3183761,3
3183763,3
3183764,3
3183765,3
3183766,3
3183767,3
3183768,3
3183769,3
3183770,3
3183771,3
3183772,3
3183774,3
3183775,3
3183776,3
3183777,3
3183778,3
3183779,3
3183780,3
3183781,3
3183783,3
3183784,3
3183785,3
3183786,3
3183787,3
3183789,3
3183790,3
3183791,3
3183792,3
3183793,3
3183794,3
3183795,3
3183796,3
3183797,3
3183798,3
3183799,3
3183800,3
3183801,3
3183802,3
3183803,3
3183804,3
3183805,3
3183806,3
3183807,3
3183808,3
3183809,3
3183810,3
3183812,3
3183813,3
3183815,3
3183816,3
3183818,3
3183819,3
3183820,3
3183822,3
3183823,3
3183824,3
3183825,3
3183826,3
3183827,3
3183828,3
3183829,3
3183830,3
3183833,3
3183834,3
3183835,3
3183836,3
3183837,3
3183838,3
3183839,3
3183840,3
3183841,3
3183842,3
3183843,3
3183844,3
3183845,3
3183846,3
3183847,3
3183849,3
3183850,3
3183851,3
3183852,3
3183853,3
3183854,3
3183855,3
3183856,3
3183858,3
3183859,3
3183860,3
3183861,3
3183862,3
3183863,3
3183864,3
3183866,3
3183867,3
3183868,3
3183869,3
3183870,3
3183871,3
3183872,3
3183873,3
3183874,3
3183875,3
3183876,3
3183877,3
3183878,3
3183882,3
3183883,3
3183884,3
3183885,3
3183886,3
3183887,3
3183888,3
3183889,3
3183890,3
3183891,3
3183892,3
3183893,3
3183896,3
3183899,3
3183900,3
3183901,3
3183902,3
3183903,3
3183904,3
3183905,3
3183906,3
3183907,3
3183908,3
3183909,3
3183910,3
3183911,3
3183912,3
3183913,3
3183914,3
3183915,3
3183916,3
3183917,3
3183918,3
3183919,3
3183920,3
3183921,3
3183922,3
3183923,3
3183924,3
3183925,3
3183926,3
3183927,3
3183928,3
3183929,3
3183930,3
3183931,3
3183932,3
3183933,3
3183934,3
3183935,3
3183936,3
3183937,3
3183938,3
3183939,3
3183940,3
3183941,3
3183942,3
3183943,3
3183944,3
3183945,3
3183946,3
3183947,3
3183948,3
3183949,3
3183950,3
3183951,3
3183952,3
3183955,3
3183956,3
3183959,3
3183961,3
3183963,3
3183964,3
3183965,3
3183966,3
3183967,3
3183968,3
3183969,3
3183970,3
3183971,3
3183972,3
3183973,3
3183974,3
3183975,3
3183976,3
3183977,3
3183978,3
3183979,3
3183980,3
3183981,3
3183982,3
3183983,3
3183984,3
3183985,3
3183986,3
3183988,3
3183989,3
3183990,3
3183991,3
3183993,3
3183994,3
3183995,3
3183996,3
3183997,3
3183998,3
3183999,3
3184000,3
3184001,3
3184002,3
3184003,3
3184004,3
3184005,3
3184006,3
3184007,3
3184008,3
3184009,3
3184010,3
3184011,3
3184012,3
3184013,3
3184014,3
3184015,3
3184016,3
3184017,3
3184018,3
3184019,3
3184020,3
3184021,3
3184022,3
3184023,3
3184024,3
3184026,3
3184027,3
3184028,3
3184029,3
3184030,3
3184031,3
3184032,3
3184033,3
3184034,3
3184035,3
3184036,3
3184037,3
3184038,3
3184039,3
3184040,3
3184041,3
3184042,3
3184043,3
3184044,3
3184048,3
3184049,3
3184050,3
3184051,3
3184052,3
3184053,3
3184054,3
3184055,3
3184056,3
3184057,3
3184058,3
3184059,3
3184060,3
3184061,3
3184062,3
3184063,3
3184065,3
3184066,3
3184067,3
3184068,3
3184069,3
3184070,3
3184071,3
3184072,3
3184073,3
3184074,3
3184075,3
3184077,3
3184078,3
3184079,3
3184080,3
3184081,3
3184082,3
3184083,3
3184085,3
3184090,3
3184093,3
3184096,3
3184097,3
3184098,3
3184099,3
3184100,3
3184101,3
3184102,3
3184103,3
3184104,3
3184105,3
3184106,3
3184108,3
3184109,3
3184110,3
3184111,3
3184112,3
3184113,3
3184114,3
3184115,3
3184116,3
3184117,3
3184118,3
3184119,3
3184120,3
3184121,3
3184122,3
3184123,3
3184124,3
3184125,3
3184126,3
3184127,3
3184128,3
3184129,3
3184131,3
3184132,3
3184133,3
3184136,3
3184137,3
3184138,3
3184139,3
3184140,3
3184141,3
3184143,3
3184144,3
3184145,3
3184146,3
3184147,3
3184148,3
3184149,3
3184150,3
3184151,3
3184152,3
3184153,3
3184154,3
3184155,3
3184156,3
3184157,3
3184158,3
3184159,3
3184160,3
3184161,3
3184162,3
3184169,3
3184170,3
3184171,3
3184172,3
3184173,3
3184174,3
3184175,3
3184176,3
3184177,3
3184178,3
3184179,3
3184180,3
3184181,3
3184182,3
3184183,3
3184184,3
3184185,3
3184186,3
3184187,3
3184188,3
3184189,3
3184190,3
3184191,3
3184192,3
3184193,3
3184194,3
3184195,3
3184196,3
3184198,3
3184199,3
3184200,3
3184201,3
3184202,3
3184203,3
3184204,3
3184205,3
3184206,3
3184207,3
3184208,3
3184209,3
3184210,3
3184211,3
3184212,3
3184213,3
3184214,3
3184215,3
3184216,3
3184217,3
3184218,3
3184219,3
3184220,3
3184221,3
3184222,3
3184223,3
3184224,3
3184226,3
3184228,3
3184229,3
3184230,3
3184231,3
3184232,3
3184233,3
3184234,3
3184236,3
3184237,3
3184238,3
3184239,3
3184240,3
3184241,3
3184242,3
3184243,3
3184244,3
3184245,3
3184246,3
3184247,3
3184248,3
3184249,3
3184250,3
3184251,3
3184252,3
3184253,3
3184254,3
3184255,3
3184256,3
3184257,3
3184258,3
3184259,3
3184260,3
3184261,3
3184264,3
3184265,3
3184266,3
3184267,3
3184268,3
3184269,3
3184271,3
3184272,3
3184273,3
3184274,3
3184275,3
3184276,3
3184277,3
3184278,3
3184279,3
3184280,3
3184281,3
3184282,3
3184283,3
3184284,3
3184285,3
3184286,3
3184288,3
3184289,3
3184290,3
3184291,3
3184292,3
3184293,3
3184294,3
3184295,3
3184296,3
3184297,3
3184298,3
3184299,3
3184300,3
3184301,3
3184302,3
3184303,3
3184304,3
3184305,3
3184308,3
3184309,3
3184310,3
3184311,3
3184312,3
3184313,3
3184314,3
3184315,3
3184317,3
3184318,3
3184319,3
3184320,3
3184321,3
3184322,3
3184323,3
3184324,3
3184325,3
3184326,3
3184327,3
3184329,3
3184331,3
3184332,3
3184333,3
3184334,3
3184335,3
3184336,3
3184337,3
3184339,3
3184340,3
3184341,3
3184342,3
3184343,3
3184344,3
3184345,3
3184346,3
3184347,3
3184348,3
3184349,3
3184350,3
3184351,3
3184352,3
3184353,3
3184354,3
3184355,3
3184356,3
3184357,3
3184358,3
3184359,3
3184360,3
3184361,3
3184363,3
3184364,3
3184365,3
3184366,3
3184367,3
3184368,3
3184369,3
3184370,3
3184371,3
3184372,3
3184373,3
3184374,3
3184375,3
3184377,3
3184378,3
3184379,3
3184380,3
3184381,3
3184382,3
3184383,3
3184384,3
3184385,3
3184386,3
3184387,3
3184389,3
3184390,3
3184391,3
3184392,3
3184393,3
3184394,3
3184395,3
3184404,3
3184405,3
3184406,3
3184407,3
3184408,3
3184409,3
3184410,3
3184411,3
3184412,3
3184413,3
3184414,3
3184415,3
3184416,3
3184417,3
3184418,3
3184419,3
3184420,3
3184421,3
3184422,3
3184423,3
3184424,3
3184425,3
3184426,3
3184427,3
3184428,3
3184429,3
3184430,3
3184431,3
3184432,3
3184433,3
3184434,3
3184435,3
3184436,3
3184438,3
3184440,3
3184441,3
3184442,3
3184443,3
3184463,3
3184465,3
3184466,3
3184468,3
3184469,3
3184470,3
3184472,3
3184473,3
3184474,3
3184475,3
3184476,3
3184477,3
3184478,3
3184479,3
3184480,3
3184481,3
3184482,3
3184483,3
3184485,3
3184486,3
3184487,3
3184488,3
3184489,3
3184490,3
3184491,3
3184492,3
3184493,3
3184494,3
3184495,3
3184496,3
3184497,3
3184498,3
3184499,3
3184500,3
3184501,3
3184502,3
3184503,3
3184504,3
3184505,3
3184506,3
3184507,3
3184508,3
3184509,3
3184510,3
3184511,3
3184512,3
3184513,3
3184514,3
3184515,3
3184516,3
3184517,3
3184518,3
3184519,3
3184520,3
3184521,3
3184522,3
3184523,3
3184524,3
3184525,3
3184526,3
3184527,3
3184528,3
3184529,3
3184534,3
3184535,3
3184536,3
3184537,3
3184538,3
3184539,3
3184540,3
3184543,3
3184544,3
3184545,3
3184546,3
3184547,3
3184548,3
3184549,3
3184550,3
3184551,3
3184552,3
3184553,3
3184554,3
3184555,3
3184556,3
3184557,3
3184558,3
3184559,3
3184560,3
3184561,3
3184562,3
3184563,3
3184564,3
3184565,3
3184566,3
3184567,3
3184568,3
3184569,3
3184570,3
3184571,3
3184572,3
3184573,3
3184574,3
3184575,3
3184576,3
3184578,3
3184582,3
3184583,3
3184584,3
3184585,3
3184586,3
3184589,3
3184590,3
3184591,3
3184592,3
3184593,3
3184594,3
3184597,3
3184598,3
3184599,3
3184600,3
3184601,3
3184602,3
3184603,3
3184604,3
3184605,3
3184606,3
3184607,3
3184608,3
3184609,3
3184610,3
3184611,3
3184612,3
3184613,3
3184614,3
3184615,3
3184616,3
3184617,3
3184618,3
3184619,3
3184620,3
3184621,3
3184622,3
3184623,3
3184624,3
3184625,3
3184626,3
3184627,3
3184628,3
3184629,3
3184630,3
3184631,3
3184632,3
3184633,3
3184634,3
3184635,3
3184636,3
3184637,3
3184638,3
3184639,3
3184640,3
3184641,3
3184646,3
3184647,3
3184648,3
3184649,3
3184650,3
3184651,3
3184652,3
3184653,3
3184654,3
3184655,3
3184658,3
3184659,3
3184660,3
3184661,3
3184662,3
3184663,3
3184664,3
3184683,3
3184684,3
3184685,3
3184686,3
3184687,3
3184688,3
3184689,3
3184690,3
3184691,3
3184692,3
3184693,3
3184694,3
3184702,3
3184703,3
3184704,3
3184705,3
3184706,3
3184707,3
3184708,3
3184709,3
3184710,3
3184711,3
3184712,3
3184713,3
3184714,3
3184725,3
3184727,3
3184728,3
3184730,3
3184731,3
3184732,3
3184733,3
3184734,3
3184735,3
3184737,3
3184739,3
3184740,3
3184741,3
3184743,3
3184744,3
3184745,3
3184746,3
3184747,3
3184748,3
3184749,3
3184750,3
3184751,3
3184753,3
3184754,3
3184755,3
3184756,3
3184757,3
3184758,3
3184759,3
3184760,3
3184761,3
3184762,3
3184763,3
3184764,3
3184765,3
3184766,3
3184767,3
3184768,3
3184769,3
3184770,3
3184771,3
3184772,3
3184773,3
3184774,3
3184775,3
3184776,3
3184777,3
3184778,3
3184779,3
3184780,3
3184782,3
3184783,3
3184784,3
3184785,3
3184786,3
3184789,3
3184790,3
3184791,3
3184792,3
3184793,3
3184794,3
3184796,3
3184797,3
3184798,3
3184799,3
3184800,3
3184801,3
3184802,3
3184803,3
3184804,3
3184805,3
3184806,3
3184807,3
3184808,3
3184809,3
3184810,3
3184811,3
3184812,3
3184813,3
3184814,3
3184815,3
3184816,3
3184817,3
3184818,3
3184819,3
3184820,3
3184821,3
3184822,3
3184823,3
3184824,3
3184825,3
3184826,3
3184827,3
3184828,3
3184829,3
3184830,3
3184831,3
3184832,3
3184833,3
3184834,3
3184835,3
3184836,3
3184837,3
3184838,3
3184839,3
3184840,3
3184841,3
3184842,3
3184843,3
3184844,3
3184845,3
3184846,3
3184847,3
3184848,3
3184849,3
3184850,3
3184851,3
3184852,3
3184853,3
3184854,3
3184855,3
3184856,3
3184857,3
3184858,3
3184859,3
3184860,3
3184861,3
3184862,3
3184863,3
3184864,3
3184865,3
3184866,3
3184867,3
3184868,3
3184869,3
3184870,3
3184871,3
3184872,3
3184873,3
3184874,3
3184875,3
3184876,3
3184877,3
3184878,3
3184879,3
3184880,3
3184881,3
3184882,3
3184883,3
3184884,3
3184885,3
3184886,3
3184887,3
3184888,3
3184889,3
3184890,3
3184892,3
3184893,3
3184894,3
3184895,3
3184896,3
3184897,3
3184898,3
3184899,3
3184900,3
3184901,3
3184902,3
3184903,3
3184904,3
3184905,3
3184907,3
3184908,3
3184909,3
3184910,3
3184911,3
3184912,3
3184913,3
3184914,3
3184915,3
3184916,3
3184917,3
3184928,3
3184929,3
3184930,3
3184931,3
3184932,3
3184933,3
3184934,3
3184935,3
3184936,3
3184937,3
3184938,3
3184939,3
3184940,3
3184941,3
3184942,3
3184943,3
3184944,3
3184945,3
3184946,3
3184947,3
3184948,3
3184949,3
3184950,3
3184951,3
3184952,3
3184953,3
3184955,3
3184957,3
3184958,3
3184959,3
3184960,3
3184961,3
3184962,3
3184963,3
3184964,3
3184966,3
3184967,3
3184968,3
3184969,3
3184970,3
3184971,3
3184972,3
3184973,3
3184974,3
3184975,3
3184976,3
3184977,3
3184978,3
3184981,3
3184982,3
3184984,3
3184986,3
3184988,3
3184989,3
3184990,3
3184991,3
3184992,3
3184993,3
3184994,3
3184995,3
3184996,3
3184997,3
3184998,3
3184999,3
3185000,3
3185001,3
3185002,3
3185004,3
3185005,3
3185006,3
3185007,3
3185009,3
3185011,3
3185012,3
3185013,3
3185014,3
3185016,3
3185017,3
3185018,3
3185019,3
3185020,3
3185021,3
3185022,3
3185023,3
3185024,3
3185026,3
3185027,3
3185028,3
3185029,3
3185030,3
3185031,3
3185032,3
3185035,3
3185036,3
3185037,3
3185038,3
3185039,3
3185040,3
3185041,3
3185042,3
3185043,3
3185044,3
3185045,3
3185046,3
3185047,3
3185048,3
3185049,3
3185050,3
3185051,3
3185052,3
3185053,3
3185054,3
3185055,3
3185056,3
3185057,3
3185058,3
3185059,3
3185064,3
3185065,3
3185066,3
3185067,3
3185068,3
3185069,3
3185070,3
3185071,3
3185072,3
3185073,3
3185074,3
3185075,3
3185076,3
3185077,3
3185078,3
3185079,3
3185080,3
3185081,3
3185082,3
3185083,3
3185084,3
3185088,3
3185089,3
3185090,3
3185091,3
3185092,3
3185093,3
3185094,3
3185095,3
3185096,3
3185097,3
3185098,3
3185099,3
3185101,3
3185105,3
3185106,3
3185107,3
3185108,3
3185109,3
3185110,3
3185111,3
3185112,3
3185113,3
3185114,3
3185116,3
3185117,3
3185118,3
3185119,3
3185120,3
3185121,3
3185122,3
3185123,3
3185124,3
3185125,3
3185126,3
3185127,3
3185128,3
3185129,3
3185130,3
3185131,3
3185132,3
3185133,3
3185134,3
3185135,3
3185136,3
3185137,3
3185139,3
3185140,3
3185141,3
3185144,3
3185145,3
3185146,3
3185147,3
3185148,3
3185149,3
3185150,3
3185151,3
3185152,3
3185153,3
3185154,3
3185155,3
3185156,3
3185157,3
3185158,3
3185159,3
3185160,3
3185161,3
3185162,3
3185163,3
3185164,3
3185165,3
3185166,3
3185167,3
3185168,3
3185170,3
3185171,3
3185172,3
3185173,3
3185176,3
3185177,3
3185178,3
3185179,3
3185180,3
3185181,3
3185182,3
3185183,3
3185184,3
3185185,3
3185186,3
3185187,3
3185188,3
3185189,3
3185190,3
3185191,3
3185192,3
3185193,3
3185194,3
3185195,3
3185197,3
3185198,3
3185199,3
3185202,3
3185206,3
3185207,3
3185209,3
3185212,3
3185213,3
3185215,3
3185216,3
3185217,3
3185218,3
3185219,3
3185220,3
3185221,3
3185222,3
3185223,3
3185224,3
3185225,3
3185226,3
3185229,3
3185232,3
3185233,3
3185234,3
3185235,3
3185236,3
3185237,3
3185238,3
3185239,3
3185240,3
3185241,3
3185242,3
3185243,3
3185244,3
3185245,3
3185246,3
3185247,3
3185248,3
3185249,3
3185250,3
3185251,3
3185252,3
3185253,3
3185254,3
3185256,3
3185257,3
3185258,3
3185259,3
3185260,3
3185261,3
3185262,3
3185263,3
3185264,3
3185265,3
3185266,3
3185267,3
3185268,3
3185269,3
3185270,3
3185271,3
3185272,3
3185273,3
3185274,3
3185275,3
3185276,3
3185277,3
3185278,3
3185279,3
3185280,3
3185282,3
3185283,3
3185284,3
3185285,3
3185286,3
3185288,3
3185289,3
3185290,3
3185291,3
3185292,3
3185293,3
3185294,3
3185295,3
3185296,3
3185297,3
3185298,3
3185299,3
3185300,3
3185301,3
3185302,3
3185303,3
3185305,3
3185306,3
3185307,3
3185308,3
3185309,3
3185310,3
3185311,3
3185312,3
3185313,3
3185314,3
3185315,3
3185316,3
3185317,3
3185318,3
3185319,3
3185320,3
3185321,3
3185322,3
3185323,3
3185324,3
3185325,3
3185326,3
3185327,3
3185328,3
3185329,3
3185332,3
3185333,3
3185334,3
3185335,3
3185336,3
3185338,3
3185339,3
3185340,3
3185341,3
3185342,3
3185343,3
3185344,3
3185345,3
3185346,3
3185347,3
3185348,3
3185349,3
3185350,3
3185351,3
3185352,3
3185353,3
3185354,3
3185355,3
3185356,3
3185357,3
3185358,3
3185359,3
3185360,3
3185361,3
3185362,3
3185363,3
3185364,3
3185365,3
3185366,3
3185367,3
3185368,3
3185369,3
3185370,3
3185371,3
3185372,3
3185373,3
3185374,3
3185375,3
3185376,3
3185377,3
3185378,3
3185379,3
3185380,3
3185381,3
3185382,3
3185383,3
3185384,3
3185385,3
3185386,3
3185387,3
3185388,3
3185389,3
3185400,3
3185401,3
3185403,3
3185405,3
3185407,3
3185411,3
3185413,3
3185414,3
3185415,3
3185416,3
3185417,3
3185420,3
3185423,3
3185424,3
3185425,3
3185426,3
3185427,3
3185428,3
3185429,3
3185432,3
3185433,3
3185440,3
3185441,3
3185447,3
3185449,3
3185450,3
3185455,3
3185457,3
3185459,3
3185461,3
3185462,3
3185463,3
3185471,3
3185472,3
3185473,3
3185474,3
3185475,3
3185476,3
3185477,3
3185478,3
3185479,3
3185480,3
3185481,3
3185482,3
3185483,3
3185484,3
3185485,3
3185488,3
3185489,3
3185491,3
3185493,3
3185494,3
3185495,3
3185502,3
3185503,3
3185508,3
3185509,3
3185510,3
3185511,3
3185512,3
3185514,3
3185523,3
3185524,3
3185525,3
3185526,3
3185527,3
3185528,3
3185529,3
3185530,3
3185531,3
3185532,3
3185533,3
3185534,3
3185535,3
3185536,3
3185537,3
3185538,3
3185539,3
3185540,3
3185541,3
3185542,3
3185543,3
3185544,3
3185545,3
3185546,3
3185547,3
3185548,3
3185549,3
3185550,3
3185551,3
3185552,3
3185553,3
3185554,3
3185555,3
3185556,3
3185558,3
3185559,3
3185560,3
3185561,3
3185562,3
3185563,3
3185564,3
3185565,3
3185566,3
3185571,3
3185572,3
3185573,3
3185574,3
3185575,3
3185576,3
3185577,3
3185578,3
3185579,3
3185580,3
3185581,3
3185582,3
3185583,3
3185584,3
3185585,3
3185586,3
3185587,3
3185588,3
3185589,3
3185590,3
3185591,3
3185592,3
3185593,3
3185594,3
3185595,3
3185596,3
3185597,3
3185599,3
3185600,3
3185601,3
3185602,3
3185603,3
3185604,3
3185605,3
3185606,3
3185607,3
3185608,3
3185609,3
3185610,3
3185611,3
3185612,3
3185613,3
3185614,3
3185615,3
3185616,3
3185617,3
3185618,3
3185619,3
3185624,3
3185625,3
3185626,3
3185627,3
3185630,3
3185631,3
3185632,3
3185635,3
3185636,3
3185637,3
3185639,3
3185642,3
3185643,3
3185644,3
3185645,3
3185646,3
3185647,3
3185648,3
3185649,3
3185650,3
3185651,3
3185652,3
3185653,3
3185655,3
3185656,3
3185659,3
3185660,3
3185661,3
3185662,3
3185663,3
3185664,3
3185665,3
3185666,3
3185667,3
3185668,3
3185669,3
3185670,3
3185671,3
3185672,3
3185673,3
3185674,3
3185680,3
3185681,3
3185682,3
3185683,3
3185684,3
3185685,3
3185686,3
3185687,3
3185688,3
3185689,3
3185690,3
3185691,3
3185692,3
3185693,3
3185695,3
3185696,3
3185697,3
3185698,3
3185699,3
3185700,3
3185701,3
3185702,3
3185703,3
3185704,3
3185705,3
3185706,3
3185707,3
3185708,3
3185709,3
3185710,3
3185711,3
3185712,3
3185713,3
3185714,3
3185715,3
3185717,3
3185718,3
3185719,3
3185720,3
3185721,3
3185722,3
3185723,3
3185724,3
3185725,3
3185726,3
3185727,3
3185728,3
3185729,3
3185730,3
3185732,3
3185733,3
3185734,3
3185735,3
3185736,3
3185737,3
3185738,3
3185739,3
3185740,3
3185741,3
3185742,3
3185743,3
3185744,3
3185745,3
3185746,3
3185747,3
3185748,3
3185749,3
3185750,3
3185751,3
3185752,3
3185753,3
3185755,3
3185756,3
3185757,3
3185758,3
3185759,3
3185760,3
3185761,3
3185762,3
3185763,3
3185764,3
3185765,3
3185766,3
3185767,3
3185768,3
3185769,3
3185770,3
3185771,3
3185772,3
3185773,3
3185774,3
3185775,3
3185776,3
3185777,3
3185778,3
3185779,3
3185780,3
3185781,3
3185782,3
3185783,3
3185785,3
3185786,3
3185787,3
3185788,3
3185789,3
3185790,3
3185791,3
3185792,3
3185793,3
3185794,3
3185796,3
3185797,3
3185798,3
3185799,3
3185800,3
3185801,3
3185802,3
3185803,3
3185804,3
3185805,3
3185806,3
3185807,3
3185808,3
3185809,3
3185810,3
3185811,3
3185812,3
3185813,3
3185815,3
3185816,3
3185817,3
3185818,3
3185819,3
3185820,3
3185821,3
3185822,3
3185823,3
3185825,3
3185826,3
3185829,3
3185830,3
3185831,3
3185833,3
3185834,3
3185835,3
3185843,3
3185844,3
3185845,3
3185846,3
3185847,3
3185848,3
3185849,3
3185851,3
3185852,3
3185853,3
3185855,3
3185856,3
3185857,3
3185858,3
3185859,3
3185860,3
3185861,3
3185862,3
3185863,3
3185864,3
3185865,3
3185866,3
3185867,3
3185868,3
3185869,3
3185870,3
3185871,3
3185872,3
3185873,3
3185874,3
3185875,3
3185876,3
3185877,3
3185878,3
3185879,3
3185880,3
3185881,3
3185882,3
3185883,3
3185884,3
3185885,3
3185886,3
3185887,3
3185888,3
3185889,3
3185890,3
3185891,3
3185892,3
3185893,3
3185894,3
3185895,3
3185896,3
3185897,3
3185898,3
3185899,3
3185900,3
3185901,3
3185902,3
3185903,3
3185904,3
3185905,3
3185906,3
3189854,3
3189855,3
3189856,3
3189857,3
3189859,3
3189860,3
3189861,3
3189862,3
3189863,3
3189864,3
3189865,3
3189866,3
3189867,3
3189868,3
3189869,3
3189870,3
3189871,3
3189872,3
3189873,3
3189874,3
3189875,3
3189876,3
3189877,3
3189878,3
3189879,3
3189880,3
3189881,3
3189882,3
3189883,3
3189884,3
3189885,3
3189886,3
3189887,3
3189888,3
3189889,3
3189890,3
3189891,3
3189892,3
3189893,3
3189894,3
3189895,3
3189896,3
3189897,3
3189898,3
3189899,3
3189900,3
3189901,3
3189902,3
3189903,3
3189904,3
3189905,3
3189906,3
3189907,3
3189908,3
3189909,3
3189910,3
3189911,3
3189912,3
3189913,3
3189914,3
3189915,3
3189916,3
3189917,3
3189918,3
3189919,3
3189922,3
3189923,3
3189924,3
3189925,3
3189926,3
3189927,3
3189940,3
3189941,3
3189942,3
3189943,3
3189944,3
3189945,3
3189946,3
3189947,3
3189948,3
3189949,3
3189950,3
3189951,3
3189952,3
3189953,3
3189954,3
3189955,3
3189956,3
3189958,3
3189960,3
3189961,3
3189962,3
3189963,3
3189964,3
3189965,3
3189966,3
3189967,3
3189968,3
3189969,3
3189970,3
3189971,3
3189972,3
3189973,3
3189974,3
3189975,3
3189976,3
3189977,3
3189978,3
3189979,3
3189980,3
3189981,3
3189982,3
3189983,3
3189984,3
3189985,3
3189986,3
3189987,3
3189988,3
3189989,3
3189990,3
3189991,3
3189992,3
3189993,3
3189994,3
3189995,3
3189996,3
3189997,3
3189998,3
3189999,3
3190000,3
3190001,3
3190002,3
3190003,3
3190004,3
3190005,3
3190006,3
3190007,3
3190008,3
3190009,3
3190010,3
3190011,3
3190012,3
3190013,3
3190014,3
3190015,3
3190016,3
3190017,3
3190018,3
3190019,3
3190020,3
3190022,3
3190023,3
3190024,3
3190025,3
3190026,3
3190027,3
3190028,3
3190029,3
3190030,3
3190031,3
3190032,3
3190033,3
3190034,3
3190035,3
3190036,3
3190037,3
3190038,3
3190039,3
3190040,3
3190041,3
3190042,3
3190043,3
3190044,3
3190045,3
3190046,3
3190047,3
3190048,3
3190049,3
3190050,3
3190051,3
3190052,3
3190053,3
3190054,3
3190055,3
3190056,3
3190057,3
3190058,3
3190059,3
3190060,3
3190061,3
3190062,3
3190063,3
3190064,3
3190065,3
3190066,3
3190067,3
3190068,3
3190069,3
3190070,3
3190071,3
3190072,3
3190073,3
3190074,3
3190075,3
3190077,3
3190078,3
3190079,3
3190080,3
3190084,3
3190085,3
3190086,3
3190087,3
3190088,3
3190089,3
3190090,3
3190091,3
3190092,3
3190101,3
3190102,3
3190103,3
3190104,3
3190105,3
3190106,3
3190107,3
3190108,3
3190109,3
3190110,3
3190111,3
3190112,3
3190113,3
3190114,3
3190115,3
3190116,3
3190117,3
3190118,3
3190119,3
3190120,3
3190121,3
3190122,3
3190123,3
3190124,3
3190125,3
3190126,3
3190127,3
3190128,3
3190129,3
3190130,3
3190131,3
3190132,3
3190133,3
3190134,3
3190135,3
3190136,3
3190137,3
3190138,3
3190139,3
3190140,3
3190141,3
3190142,3
3190143,3
3190144,3
3190145,3
3190146,3
3190147,3
3190148,3
3190149,3
3190150,3
3190151,3
3190152,3
3190153,3
3190154,3
3190155,3
3190156,3
3190157,3
3190158,3
3190159,3
3190160,3
3190161,3
3190162,3
3190163,3
3190164,3
3190165,3
3190169,3
3190170,3
3190175,3
3190176,3
3190177,3
3190178,3
3190179,3
3190180,3
3190181,3
3190182,3
3190183,3
3190184,3
3190185,3
3190186,3
3190187,3
3190188,3
3190189,3
3190190,3
3190191,3
3190192,3
3190193,3
3190194,3
3190195,3
3190196,3
3190197,3
3190198,3
3190199,3
3190200,3
3190201,3
3190202,3
3190203,3
3190204,3
3190205,3
3190206,3
3190207,3
3190208,3
3190209,3
3190210,3
3190211,3
3190212,3
3190213,3
3190214,3
3190215,3
3190216,3
3190219,3
3190220,3
3190221,3
3190222,3
3190223,3
3190224,3
3190225,3
3190226,3
3190227,3
3190228,3
3190229,3
3190230,3
3190231,3
3190232,3
3190233,3
3190234,3
3190235,3
3190236,3
3190237,3
3190238,3
3190239,3
3190240,3
3190241,3
3190242,3
3190243,3
3190244,3
3190245,3
3190246,3
3190247,3
3190248,3
3190249,3
3190250,3
3190251,3
3190252,3
3190253,3
3190254,3
3190255,3
3190256,3
3190257,3
3190258,3
3190259,3
3190260,3
3190261,3
3190262,3
3190263,3
3190264,3
3190265,3
3190266,3
3190267,3
3190268,3
3190269,3
3190270,3
3190271,3
3190272,3
3190273,3
3190274,3
3190275,3
3190276,3
3190277,3
3190278,3
3190279,3
3190280,3
3190281,3
3190282,3
3190283,3
3190284,3
3190285,3
3190286,3
3190287,3
3190288,3
3190289,3
3190290,3
3190291,3
3190292,3
3190293,3
3190294,3
3190295,3
3190296,3
3190297,3
3190298,3
3190299,3
3190300,3
3190304,3
3190305,3
3190306,3
3190307,3
3190308,3
3190309,3
3190310,3
3190311,3
3190312,3
3190313,3
3190314,3
3190315,3
3190316,3
3190317,3
3190318,3
3190319,3
3190320,3
3190321,3
3190322,3
3190324,3
3190325,3
3190326,3
3190327,3
3190328,3
3190329,3
3190330,3
3190331,3
3190332,3
3190333,3
3190334,3
3190335,3
3190336,3
3190337,3
3190338,3
3190339,3
3190340,3
3190341,3
3190342,3
3190343,3
3190344,3
3190345,3
3190346,3
3190347,3
3190348,3
3190349,3
3190350,3
3190351,3
3190352,3
3190353,3
3190354,3
3190355,3
3190356,3
3190357,3
3190358,3
3190359,3
3190360,3
3190361,3
3190362,3
3190364,3
3190365,3
3190366,3
3190367,3
3190368,3
3190369,3
3190370,3
3190371,3
3190372,3
3190373,3
3190374,3
3190375,3
3190376,3
3190377,3
3190378,3
3190379,3
3190382,3
3190383,3
3190384,3
3190385,3
3190386,3
3190387,3
3190388,3
3190389,3
3190390,3
3190391,3
3190392,3
3190393,3
3190394,3
3190395,3
3190396,3
3190397,3
3190398,3
3190399,3
3190400,3
3190401,3
3190402,3
3190403,3
3190404,3
3190405,3
3190406,3
3190407,3
3190408,3
3190409,3
3190410,3
3190411,3
3190412,3
3190413,3
3190414,3
3190415,3
3190417,3
3190418,3
3190419,3
3190420,3
3190421,3
3190422,3
3190423,3
3190424,3
3190425,3
3190426,3
3190427,3
3190429,3
3190430,3
3190431,3
3190432,3
3190433,3
3190434,3
3190435,3
3190436,3
3190437,3
3190438,3
3190439,3
3190440,3
3190441,3
3190442,3
3190443,3
3190444,3
3190445,3
3190446,3
3190447,3
3190448,3
3190449,3
3190450,3
3190451,3
3190452,3
3190453,3
3190454,3
3190455,3
3190456,3
3190457,3
3190458,3
3190459,3
3190460,3
3190461,3
3190462,3
3190463,3
3190464,3
3190465,3
3190466,3
3190467,3
3190468,3
3190469,3
3190470,3
3190471,3
3190472,3
3190473,3
3190474,3
3190475,3
3190476,3
3190477,3
3190478,3
3190479,3
3190480,3
3190481,3
3190482,3
3190483,3
3190484,3
3190485,3
3190486,3
3190487,3
3190488,3
3190489,3
3190490,3
3190491,3
3190492,3
3190493,3
3190494,3
3190495,3
3190496,3
3190497,3
3190498,3
3190499,3
3190500,3
3190501,3
3190502,3
3190503,3
3190504,3
3190505,3
3190506,3
3190507,3
3190508,3
3190509,3
3190510,3
3190511,3
3190512,3
3190513,3
3190514,3
3190515,3
3190516,3
3190517,3
3190518,3
3190519,3
3190520,3
3190521,3
3190522,3
3190523,3
3190524,3
3190527,3
3190528,3
3190529,3
3190530,3
3190531,3
3190532,3
3190533,3
3190534,3
3190535,3
3190536,3
3190537,3
3190538,3
3190539,3
3190540,3
3190541,3
3190542,3
3190543,3
3190544,3
3190545,3
3190546,3
3190547,3
3190550,3
3190551,3
3190552,3
3190553,3
3190554,3
3190555,3
3190556,3
3190557,3
3190558,3
3190559,3
3190560,3
3190561,3
3190562,3
3190563,3
3190564,3
3190565,3
3190566,3
3190567,3
3190568,3
3190569,3
3190570,3
3190571,3
3190572,3
3190573,3
3190574,3
3190575,3
3190576,3
3190577,3
3190578,3
3190579,3
3190580,3
3190581,3
3190582,3
3190583,3
3190584,3
3190585,3
3190586,3
3190587,3
3190588,3
3190589,3
3190590,3
3190591,3
3190592,3
3190593,3
3190594,3
3190595,3
3190596,3
3190597,3
3190598,3
3190599,3
3190600,3
3190601,3
3190602,3
3190603,3
3190604,3
3190605,3
3190606,3
3190607,3
3190608,3
3190609,3
3190610,3
3190611,3
3190612,3
3190613,3
3190614,3
3190615,3
3190616,3
3190617,3
3190618,3
3190619,3
3190620,3
3190621,3
3190622,3
3190623,3
3190624,3
3190625,3
3190626,3
3190627,3
3190628,3
3190629,3
3190630,3
3190631,3
3190632,3
3190633,3
3190634,3
3190635,3
3190636,3
3190637,3
3190638,3
3190639,3
3190640,3
3190641,3
3190642,3
3190643,3
3190644,3
3190645,3
3190646,3
3190647,3
3190649,3
3190650,3
3190651,3
3190652,3
3190653,3
3190654,3
3190655,3
3190656,3
3190657,3
3190658,3
3190659,3
3190660,3
3190661,3
3190662,3
3190663,3
3190664,3
3190665,3
3190666,3
3190667,3
3190668,3
3190669,3
3190670,3
3190671,3
3190672,3
3190673,3
3190674,3
3190675,3
3190676,3
3190677,3
3190678,3
3190679,3
3190680,3
3190681,3
3190682,3
3190683,3
3190684,3
3190685,3
3190686,3
3190687,3
3190688,3
3190689,3
3190690,3
3190691,3
3190692,3
3190693,3
3190694,3
3190695,3
3190696,3
3190697,3
3190698,3
3190699,3
3190700,3
3190701,3
3190702,3
3190703,3
3190704,3
3190705,3
3190706,3
3190707,3
3190708,3
3190709,3
3190710,3
3190711,3
3190712,3
3190713,3
3190714,3
3190715,3
3190716,3
3190717,3
3190718,3
3190719,3
3190720,3
3190721,3
3190722,3
3190723,3
3190724,3
3190725,3
3190726,3
3190727,3
3190728,3
3190729,3
3190730,3
3190731,3
3190732,3
3190733,3
3190734,3
3190735,3
3190736,3
3190737,3
3190738,3
3190739,3
3190740,3
3190741,3
3190742,3
3190743,3
3190744,3
3190745,3
3190746,3
3190747,3
3190748,3
3190749,3
3190750,3
3190751,3
3190752,3
3190753,3
3190754,3
3190755,3
3190756,3
3190757,3
3190758,3
3190759,3
3190760,3
3190761,3
3190762,3
3190763,3
3190764,3
3190765,3
3190766,3
3190767,3
3190768,3
3190769,3
3190770,3
3190771,3
3190772,3
3190773,3
3190774,3
3190775,3
3190776,3
3190777,3
3190778,3
3190779,3
3190780,3
3190781,3
3190782,3
3190783,3
3190784,3
3190785,3
3190786,3
3190787,3
3190788,3
3190789,3
3190790,3
3190791,3
3190792,3
3190793,3
3190794,3
3190795,3
3190796,3
3190797,3
3190798,3
3190799,3
3190800,3
3190801,3
3190802,3
3190803,3
3190804,3
3190805,3
3190806,3
3190807,3
3190808,3
3190809,3
3190810,3
3190811,3
3190812,3
3190813,3
3190814,3
3190815,3
3190816,3
3190817,3
3190818,3
3190819,3
3190820,3
3190821,3
3190822,3
3190824,3
3190825,3
3190826,3
3190827,3
3190828,3
3190829,3
3190830,3
3190831,3
3190832,3
3190833,3
3190834,3
3190835,3
3190836,3
3190837,3
3190838,3
3190839,3
3190840,3
3190841,3
3190842,3
3190843,3
3190846,3
3190847,3
3190848,3
3190850,3
3190851,3
3190852,3
3190853,3
3190854,3
3190855,3
3190856,3
3190857,3
3190858,3
3190860,3
3190862,3
3190863,3
3190865,3
3190866,3
3190867,3
3190868,3
3190869,3
3190870,3
3190871,3
3190872,3
3190873,3
3190874,3
3190875,3
3190876,3
3190877,3
3190878,3
3190879,3
3190880,3
3190881,3
3190882,3
3190883,3
3190884,3
3190885,3
3190886,3
3190887,3
3190888,3
3190889,3
3190890,3
3190891,3
3190892,3
3190893,3
3190894,3
3190895,3
3190896,3
3190897,3
3190898,3
3190899,3
3190900,3
3190901,3
3190902,3
3190903,3
3190904,3
3190905,3
3190906,3
3190907,3
3190908,3
3190909,3
3190910,3
3190911,3
3190912,3
3190913,3
3190914,3
3190915,3
3190916,3
3190917,3
3190918,3
3190919,3
3190920,3
3190921,3
3190922,3
3190923,3
3190924,3
3190925,3
3190926,3
3190927,3
3190928,3
3190929,3
3190930,3
3190931,3
3190932,3
3190933,3
3190934,3
3190935,3
3190936,3
3190937,3
3190938,3
3190939,3
3190940,3
3190941,3
3190942,3
3190943,3
3190944,3
3190945,3
3190946,3
3190947,3
3190948,3
3190949,3
3190950,3
3190951,3
3190952,3
3190953,3
3190954,3
3190955,3
3190956,3
3190957,3
3190958,3
3190959,3
3190960,3
3190961,3
3190962,3
3190963,3
3190964,3
3190965,3
3190966,3
3190967,3
3190968,3
3190969,3
3190970,3
3190971,3
3190972,3
3190973,3
3190974,3
3190975,3
3190976,3
3190980,3
3190981,3
3190982,3
3190983,3
3190984,3
3190985,3
3190986,3
3190987,3
3190988,3
3190989,3
3190990,3
3190991,3
3190992,3
3190993,3
3190994,3
3190995,3
3190996,3
3190997,3
3190998,3
3190999,3
3191000,3
3191001,3
3191002,3
3191003,3
3191004,3
3191005,3
3191006,3
3191007,3
3191008,3
3191009,3
3191010,3
3191011,3
3191012,3
3191013,3
3191014,3
3191015,3
3191016,3
3191017,3
3191018,3
3191019,3
3191020,3
3191021,3
3191022,3
3191023,3
3191024,3
3191025,3
3191026,3
3191027,3
3191028,3
3191029,3
3191030,3
3191031,3
3191032,3
3191033,3
3191034,3
3191035,3
3191036,3
3191037,3
3191038,3
3191039,3
3191040,3
3191041,3
3191042,3
3191044,3
3191045,3
3191047,3
3191048,3
3191049,3
3191050,3
3191051,3
3191052,3
3191053,3
3191054,3
3191055,3
3191056,3
3191057,3
3191058,3
3191059,3
3191060,3
3191061,3
3191062,3
3191063,3
3191064,3
3191065,3
3191068,3
3191069,3
3191070,3
3191071,3
3191072,3
3191073,3
3191074,3
3191075,3
3191076,3
3191077,3
3191078,3
3191079,3
3191080,3
3191081,3
3191082,3
3191083,3
3191084,3
3191085,3
3191086,3
3191087,3
3191088,3
3191089,3
3191090,3
3191091,3
3191092,3
3191093,3
3191094,3
3191095,3
3191096,3
3191097,3
3191098,3
3191099,3
3191100,3
3191101,3
3191102,3
3191103,3
3191104,3
3191105,3
3191106,3
3191107,3
3191108,3
3191109,3
3191110,3
3191115,3
3191116,3
3191119,3
3191120,3
3191133,3
3191134,3
3191135,3
3191136,3
3191137,3
3191138,3
3191139,3
3191140,3
3191141,3
3191142,3
3191143,3
3191144,3
3191145,3
3191146,3
3191147,3
3191148,3
3191149,3
3191150,3
3191155,3
3191156,3
3191157,3
3191158,3
3191159,3
3191160,3
3191161,3
3191162,3
3191163,3
3191164,3
3191165,3
3191166,3
3191167,3
3191168,3
3191169,3
3191170,3
3191171,3
3191172,3
3191173,3
3191174,3
3191175,3
3191176,3
3191177,3
3191178,3
3191179,3
3191180,3
3191181,3
3191182,3
3191183,3
3191184,3
3191185,3
3191186,3
3191187,3
3191188,3
3191189,3
3191190,3
3191191,3
3191192,3
3191193,3
3191194,3
3191195,3
3191196,3
3191197,3
3191198,3
3191199,3
3191200,3
3191201,3
3191202,3
3191203,3
3191204,3
3191205,3
3191206,3
3191207,3
3191208,3
3191209,3
3191210,3
3191211,3
3191212,3
3191214,3
3191215,3
3191217,3
3191218,3
3191219,3
3191220,3
3191221,3
3191222,3
3191223,3
3191224,3
3191225,3
3191226,3
3191227,3
3191228,3
3191229,3
3191230,3
3191231,3
3191232,3
3191233,3
3191234,3
3191235,3
3191236,3
3191237,3
3191238,3
3191239,3
3191240,3
3191241,3
3191242,3
3191243,3
3191244,3
3191245,3
3191246,3
3191247,3
3191248,3
3191249,3
3191250,3
3191251,3
3191252,3
3191253,3
3191254,3
3191255,3
3191256,3
3191257,3
3191258,3
3191259,3
3191260,3
3191261,3
3191262,3
3191263,3
3191264,3
3191265,3
3191266,3
3191267,3
3191268,3
3191269,3
3191270,3
3191271,3
3191272,3
3191273,3
3191274,3
3191275,3
3191276,3
3191277,3
3191278,3
3191279,3
3191280,3
3191281,3
3191282,3
3191283,3
3191284,3
3191285,3
3191286,3
3191287,3
3191288,3
3191289,3
3191290,3
3191291,3
3191292,3
3191293,3
3191294,3
3191295,3
3191296,3
3191299,3
3191300,3
3191301,3
3191302,3
3191303,3
3191304,3
3191305,3
3191306,3
3191307,3
3191308,3
3191309,3
3191310,3
3191311,3
3191312,3
3191313,3
3191314,3
3191315,3
3191316,3
3191317,3
3191318,3
3191319,3
3191320,3
3191321,3
3191322,3
3191323,3
3191324,3
3191325,3
3191326,3
3191327,3
3191328,3
3191329,3
3191330,3
3191331,3
3191332,3
3191333,3
3191334,3
3191335,3
3191336,3
3191337,3
3191338,3
3191339,3
3191340,3
3191341,3
3191342,3
3191343,3
3191344,3
3191345,3
3191346,3
3191347,3
3191348,3
3191349,3
3191350,3
3191351,3
3191352,3
3191353,3
3191354,3
3191355,3
3191356,3
3191357,3
3191358,3
3191359,3
3191360,3
3191361,3
3191362,3
3191363,3
3191364,3
3191365,3
3191366,3
3191367,3
3191368,3
3191369,3
3191370,3
3191371,3
3191372,3
3191373,3
3191374,3
3191375,3
3191376,3
3191377,3
3191378,3
3191379,3
3191380,3
3191381,3
3191382,3
3191383,3
3191384,3
3191385,3
3191386,3
3191387,3
3191388,3
3191389,3
3191390,3
3191391,3
3191392,3
3191393,3
3191394,3
3191395,3
3191396,3
3191397,3
3191398,3
3191399,3
3191400,3
3191401,3
3191402,3
3191403,3
3191404,3
3191405,3
3191406,3
3191407,3
3191408,3
3191409,3
3191410,3
3191411,3
3191412,3
3191413,3
3191414,3
3191415,3
3191416,3
3191417,3
3191420,3
3191421,3
3191422,3
3191423,3
3191424,3
3191425,3
3191426,3
3191427,3
3191428,3
3191429,3
3191430,3
3191431,3
3191432,3
3191433,3
3191434,3
3191435,3
3191436,3
3191437,3
3191438,3
3191439,3
3191440,3
3191441,3
3191442,3
3191443,3
3191444,3
3191445,3
3191446,3
3191447,3
3191448,3
3191449,3
3191450,3
3191451,3
3191452,3
3191453,3
3191454,3
3191456,3
3191457,3
3191458,3
3191459,3
3191460,3
3191461,3
3191462,3
3191463,3
3191464,3
3191465,3
3191466,3
3191467,3
3191468,3
3191469,3
3191470,3
3191471,3
3191472,3
3191473,3
3191474,3
3191475,3
3191476,3
3191477,3
3191478,3
3191479,3
3191480,3
3191481,3
3191482,3
3191483,3
3191484,3
3191485,3
3191486,3
3191487,3
3191488,3
3191489,3
3191490,3
3191491,3
3191492,3
3191493,3
3191494,3
3191495,3
3191496,3
3191497,3
3191498,3
3191499,3
3191500,3
3191501,3
3191502,3
3191503,3
3191504,3
3191505,3
3191506,3
3191507,3
3191508,3
3191509,3
3191510,3
3191511,3
3191512,3
3191513,3
3191514,3
3191515,3
3191516,3
3191517,3
3191518,3
3191519,3
3191520,3
3191521,3
3191522,3
3191523,3
3191524,3
3191525,3
3191526,3
3191527,3
3191528,3
3191529,3
3191530,3
3191531,3
3191532,3
3191533,3
3191534,3
3191535,3
3191536,3
3191537,3
3191538,3
3191539,3
3191540,3
3191541,3
3191542,3
3191543,3
3191544,3
3191545,3
3191546,3
3191547,3
3191548,3
3191549,3
3191550,3
3191551,3
3191552,3
3191553,3
3191554,3
3191555,3
3191556,3
3191557,3
3191558,3
3191559,3
3191560,3
3191561,3
3191562,3
3191563,3
3191564,3
3191565,3
3191566,3
3191567,3
3191570,3
3191571,3
3191572,3
3191573,3
3191574,3
3191575,3
3191576,3
3191577,3
3191578,3
3191579,3
3191580,3
3191581,3
3191582,3
3191583,3
3191584,3
3191585,3
3191586,3
3191587,3
3191588,3
3191589,3
3191590,3
3191591,3
3191592,3
3191593,3
3191594,3
3191595,3
3191596,3
3191597,3
3191598,3
3191599,3
3191600,3
3191601,3
3191602,3
3191603,3
3191604,3
3191605,3
3191606,3
3191607,3
3191608,3
3191609,3
3191610,3
3191611,3
3191612,3
3191613,3
3191614,3
3191615,3
3191616,3
3191617,3
3191618,3
3191619,3
3191620,3
3191621,3
3191622,3
3191623,3
3191624,3
3191625,3
3191626,3
3191627,3
3191628,3
3191629,3
3191630,3
3191631,3
3191632,3
3191633,3
3191634,3
3191635,3
3191636,3
3191637,3
3191638,3
3191639,3
3191640,3
3191641,3
3191642,3
3191643,3
3191644,3
3191645,3
3191646,3
3191647,3
3191648,3
3191649,3
3191650,3
3191651,3
3191652,3
3191653,3
3191654,3
3191655,3
3191656,3
3191657,3
3191658,3
3191659,3
3191660,3
3191661,3
3191662,3
3191663,3
3191664,3
3191665,3
3191666,3
3191667,3
3191668,3
3191669,3
3191670,3
3191671,3
3191672,3
3191673,3
3191675,3
3191676,3
3191677,3
3191678,3
3191679,3
3191680,3
3191681,3
3191682,3
3191683,3
3191684,3
3191685,3
3191687,3
3191688,3
3191689,3
3191690,3
3191691,3
3191692,3
3191693,3
3191695,3
3191696,3
3191697,3
3191698,3
3191699,3
3191700,3
3191701,3
3191702,3
3191703,3
3191704,3
3191705,3
3191706,3
3191707,3
3191708,3
3191709,3
3191710,3
3191711,3
3191712,3
3191713,3
3191714,3
3191715,3
3191716,3
3191717,3
3191718,3
3191719,3
3191720,3
3191721,3
3191722,3
3191723,3
3191724,3
3191725,3
3191726,3
3191727,3
3191728,3
3191729,3
3191730,3
3191731,3
3191732,3
3191733,3
3191734,3
3191735,3
3191736,3
3191737,3
3191738,3
3191739,3
3191740,3
3191741,3
3191742,3
3191743,3
3191744,3
3191745,3
3191746,3
3191747,3
3191748,3
3191749,3
3191750,3
3191751,3
3191752,3
3191753,3
3191754,3
3191755,3
3191756,3
3191757,3
3191758,3
3191759,3
3191768,3
3191769,3
3191770,3
3191771,3
3191772,3
3191774,3
3191775,3
3191776,3
3191777,3
3191778,3
3191779,3
3191780,3
3191781,3
3191782,3
3191783,3
3191784,3
3191785,3
3191786,3
3191787,3
3191788,3
3191789,3
3191790,3
3191791,3
3191792,3
3191793,3
3191794,3
3191795,3
3191796,3
3191797,3
3191798,3
3191799,3
3191800,3
3191801,3
3191802,3
3191803,3
3191804,3
3191805,3
3191806,3
3191807,3
3191808,3
3191809,3
3191810,3
3191811,3
3191812,3
3191813,3
3191814,3
3191815,3
3191816,3
3191817,3
3191818,3
3191819,3
3191820,3
3191821,3
3191822,3
3191823,3
3191824,3
3191825,3
3191826,3
3191827,3
3191828,3
3191829,3
3191830,3
3191831,3
3191832,3
3191833,3
3191834,3
3191835,3
3191836,3
3191837,3
3191838,3
3191839,3
3191840,3
3191841,3
3191842,3
3191845,3
3191846,3
3191847,3
3191848,3
3191849,3
3191850,3
3191851,3
3191852,3
3191853,3
3191855,3
3191856,3
3191857,3
3191858,3
3191859,3
3191860,3
3191861,3
3191862,3
3191863,3
3191864,3
3191865,3
3191866,3
3191867,3
3191868,3
3191869,3
3191870,3
3191871,3
3191872,3
3191873,3
3191874,3
3191875,3
3191876,3
3191877,3
3191878,3
3191879,3
3191880,3
3191881,3
3191882,3
3191883,3
3191884,3
3191885,3
3191888,3
3191889,3
3191890,3
3191891,3
3191892,3
3191893,3
3191894,3
3191895,3
3191896,3
3191897,3
3191898,3
3191899,3
3191900,3
3191901,3
3191902,3
3191903,3
3191904,3
3191905,3
3191906,3
3191907,3
3191908,3
3191909,3
3191914,3
3191915,3
3191916,3
3191917,3
3191918,3
3191919,3
3191920,3
3191921,3
3191922,3
3191923,3
3191924,3
3191925,3
3191926,3
3191927,3
3191928,3
3191929,3
3191930,3
3191931,3
3191932,3
3191933,3
3191934,3
3191935,3
3191936,3
3191937,3
3191938,3
3191939,3
3191940,3
3191941,3
3191942,3
3191943,3
3191944,3
3191945,3
3191946,3
3191947,3
3191948,3
3191949,3
3191950,3
3191951,3
3191952,3
3191953,3
3191954,3
3191955,3
3191956,3
3191957,3
3191958,3
3191959,3
3191960,3
3191961,3
3191962,3
3191963,3
3191964,3
3191965,3
3191966,3
3191967,3
3191968,3
3191969,3
3191970,3
3191971,3
3191972,3
3191973,3
3191974,3
3191975,3
3191976,3
3191977,3
3191978,3
3191979,3
3191980,3
3191981,3
3191982,3
3191983,3
3191984,3
3191985,3
3191986,3
3191987,3
3191988,3
3191989,3
3191990,3
3191991,3
3191992,3
3191993,3
3191994,3
3191995,3
3191996,3
3191999,3
3192000,3
3192001,3
3192002,3
3192003,3
3192004,3
3192005,3
3192006,3
3192007,3
3192008,3
3192009,3
3192011,3
3192012,3
3192014,3
3192016,3
3192017,3
3192018,3
3192019,3
3192020,3
3192021,3
3192022,3
3192023,3
3192024,3
3192025,3
3192026,3
3192027,3
3192028,3
3192029,3
3192030,3
3192031,3
3192032,3
3192033,3
3192034,3
3192035,3
3192036,3
3192037,3
3192038,3
3192039,3
3192041,3
3192042,3
3192043,3
3192044,3
3192045,3
3192046,3
3192047,3
3192048,3
3192049,3
3192050,3
3192051,3
3192052,3
3192053,3
3192054,3
3192055,3
3192056,3
3192057,3
3192058,3
3192059,3
3192060,3
3192061,3
3192062,3
3192063,3
3192064,3
3192065,3
3192066,3
3192067,3
3192068,3
3192069,3
3192070,3
3192071,3
3192072,3
3192073,3
3192074,3
3192075,3
3192076,3
3192077,3
3192078,3
3192079,3
3192080,3
3192081,3
3192082,3
3192083,3
3192084,3
3192085,3
3192086,3
3192087,3
3192088,3
3192089,3
3192090,3
3192091,3
3192092,3
3192093,3
3192094,3
3192095,3
3192096,3
3192097,3
3192098,3
3192101,3
3192103,3
3192105,3
3192109,3
3192110,3
3192114,3
3192115,3
3192116,3
3192117,3
3192118,3
3192119,3
3192122,3
3192123,3
3192124,3
3192125,3
3192126,3
3192127,3
3192128,3
3192129,3
3192130,3
3192131,3
3192132,3
3192133,3
3192134,3
3192135,3
3192136,3
3192137,3
3192138,3
3192139,3
3192140,3
3192141,3
3192142,3
3192143,3
3192144,3
3192145,3
3192146,3
3192147,3
3192148,3
3192149,3
3192150,3
3192151,3
3192152,3
3192153,3
3192154,3
3192155,3
3192159,3
3192160,3
3192161,3
3192162,3
3192163,3
3192164,3
3192165,3
3192166,3
3192167,3
3192168,3
3192169,3
3192170,3
3192171,3
3192172,3
3192173,3
3192174,3
3192175,3
3192176,3
3192177,3
3192178,3
3192179,3
3192180,3
3192181,3
3192182,3
3192183,3
3192185,3
3192186,3
3192188,3
3192190,3
3192191,3
3192192,3
3192193,3
3192194,3
3192195,3
3192196,3
3192197,3
3192198,3
3192199,3
3192200,3
3192201,3
3192205,3
3192209,3
3192210,3
3192213,3
3192214,3
3192221,3
3192222,3
3192223,3
3192226,3
3192227,3
3192229,3
3192230,3
3192231,3
3192233,3
3192234,3
3192236,3
3192237,3
3192238,3
3192239,3
3192240,3
3192241,3
3192242,3
3192243,3
3192244,3
3192246,3
3192247,3
3192248,3
3192249,3
3192250,3
3192251,3
3192252,3
3192253,3
3192254,3
3192255,3
3192256,3
3192257,3
3192258,3
3192259,3
3192260,3
3192261,3
3192262,3
3192264,3
3192265,3
3192266,3
3192267,3
3192268,3
3192269,3
3192270,3
3192271,3
3192272,3
3192273,3
3192274,3
3192275,3
3192276,3
3192277,3
3192278,3
3192279,3
3192280,3
3192281,3
3192282,3
3192283,3
3192284,3
3192285,3
3192286,3
3192287,3
3192288,3
3192289,3
3192290,3
3192291,3
3192292,3
3192293,3
3192294,3
3192295,3
3192296,3
3192297,3
3192298,3
3192299,3
3192300,3
3192301,3
3192304,3
3192305,3
3192306,3
3192307,3
3192311,3
3192312,3
3192313,3
3192314,3
3192315,3
3192316,3
3192317,3
3192318,3
3192319,3
3192320,3
3192321,3
3192322,3
3192323,3
3192324,3
3192325,3
3192326,3
3192327,3
3192328,3
3192329,3
3192330,3
3192331,3
3192332,3
3192333,3
3192334,3
3192335,3
3192336,3
3192337,3
3192338,3
3192339,3
3192340,3
3192341,3
3192342,3
3192344,3
3192345,3
3192347,3
3192348,3
3192349,3
3192350,3
3192351,3
3192352,3
3192353,3
3192354,3
3192355,3
3192356,3
3192357,3
3192358,3
3192360,3
3192361,3
3192362,3
3192363,3
3192364,3
3192365,3
3192366,3
3192367,3
3192368,3
3192369,3
3192370,3
3192371,3
3192372,3
3192373,3
3192374,3
3192375,3
3192376,3
3192377,3
3192378,3
3192379,3
3192380,3
3192381,3
3192382,3
3192383,3
3192384,3
3192385,3
3192386,3
3192387,3
3192388,3
3192389,3
3192390,3
3192391,3
3192392,3
3192393,3
3192394,3
3192395,3
3192396,3
3192397,3
3192398,3
3192399,3
3192400,3
3192401,3
3192402,3
3192403,3
3192404,3
3192405,3
3192406,3
3192407,3
3192408,3
3192409,3
3192410,3
3192411,3
3192412,3
3192413,3
3192414,3
3192415,3
3192416,3
3192417,3
3192418,3
3192419,3
3192420,3
3192421,3
3192422,3
3192423,3
3192424,3
3192425,3
3192426,3
3192427,3
3192428,3
3192429,3
3192430,3
3192431,3
3192432,3
3192433,3
3192434,3
3192435,3
3192436,3
3192437,3
3192438,3
3192439,3
3192440,3
3192441,3
3192444,3
3192445,3
3192446,3
3192447,3
3192448,3
3192449,3
3192450,3
3192451,3
3192452,3
3192453,3
3192454,3
3192455,3
3192456,3
3192457,3
3192458,3
3192459,3
3192460,3
3192461,3
3192462,3
3192463,3
3192464,3
3192465,3
3192466,3
3192467,3
3192468,3
3192469,3
3192470,3
3192471,3
3192472,3
3192473,3
3192474,3
3192475,3
3192476,3
3192477,3
3192478,3
3192479,3
3192480,3
3192481,3
3192482,3
3192484,3
3192485,3
3192486,3
3192487,3
3192488,3
3192489,3
3192490,3
3192491,3
3192492,3
3192493,3
3192494,3
3192495,3
3192496,3
3192497,3
3192498,3
3192499,3
3192500,3
3192501,3
3192502,3
3192503,3
3192504,3
3192505,3
3192506,3
3192507,3
3192508,3
3192509,3
3192510,3
3192511,3
3192512,3
3192513,3
3192514,3
3192515,3
3192516,3
3192517,3
3192518,3
3192519,3
3192520,3
3192521,3
3192522,3
3192523,3
3192524,3
3192525,3
3192526,3
3192527,3
3192528,3
3192529,3
3192530,3
3192531,3
3192532,3
3192533,3
3192534,3
3192535,3
3192536,3
3192537,3
3192538,3
3192539,3
3192540,3
3192541,3
3192542,3
3192543,3
3192544,3
3192545,3
3192546,3
3192547,3
3192548,3
3192549,3
3192550,3
3192551,3
3192552,3
3192553,3
3192554,3
3192555,3
3192556,3
3192557,3
3192558,3
3192559,3
3192560,3
3192561,3
3192562,3
3192563,3
3192564,3
3192565,3
3192566,3
3192567,3
3192568,3
3192569,3
3192570,3
3192571,3
3192572,3
3192573,3
3192574,3
3192575,3
3192576,3
3192577,3
3192578,3
3192579,3
3192580,3
3192581,3
3192582,3
3192583,3
3192584,3
3192585,3
3192586,3
3192588,3
3192589,3
3192590,3
3192591,3
3192592,3
3192593,3
3192594,3
3192595,3
3192596,3
3192597,3
3192598,3
3192599,3
3192601,3
3192603,3
3192604,3
3192605,3
3192606,3
3192607,3
3192608,3
3192609,3
3192610,3
3192611,3
3192612,3
3192613,3
3192614,3
3192615,3
3192616,3
3192617,3
3192618,3
3192619,3
3192620,3
3192621,3
3192622,3
3192623,3
3192624,3
3192625,3
3192626,3
3192627,3
3192628,3
3192629,3
3192630,3
3192631,3
3192632,3
3192633,3
3192634,3
3192635,3
3192636,3
3192637,3
3192638,3
3192639,3
3192640,3
3192641,3
3192642,3
3192643,3
3192644,3
3192645,3
3192646,3
3192647,3
3192648,3
3192649,3
3192650,3
3192651,3
3192652,3
3192653,3
3192654,3
3192655,3
3192656,3
3192657,3
3192658,3
3192661,3
3192662,3
3192663,3
3192664,3
3192665,3
3192666,3
3192667,3
3192668,3
3192669,3
3192670,3
3192671,3
3192672,3
3192673,3
3192674,3
3192675,3
3192676,3
3192677,3
3192678,3
3192679,3
3192680,3
3192681,3
3192682,3
3192683,3
3192684,3
3192685,3
3192686,3
3192687,3
3192688,3
3192689,3
3192707,3
3192708,3
3192709,3
3192710,3
3192711,3
3192712,3
3192714,3
3192715,3
3192716,3
3192717,3
3192718,3
3192719,3
3192720,3
3192721,3
3192742,3
3192743,3
3192744,3
3192745,3
3192746,3
3192747,3
3192748,3
3192749,3
3192750,3
3192751,3
3192752,3
3192757,3
3192758,3
3192759,3
3192760,3
3192761,3
3192762,3
3192763,3
3192766,3
3192827,3
3192828,3
3192829,3
3192830,3
3192831,3
3192832,3
3192833,3
3192834,3
3192835,3
3192836,3
3192837,3
3192838,3
3192839,3
3192840,3
3192841,3
3192842,3
3192843,3
3192844,3
3192845,3
3192846,3
3192847,3
3192848,3
3192894,3
3192895,3
3192896,3
3192897,3
3192898,3
3192899,3
3192900,3
3192901,3
3192902,3
3192903,3
3192904,3
3192905,3
3192906,3
3192908,3
3192909,3
3192910,3
3192911,3
3192912,3
3192913,3
3192914,3
3192920,3
3192921,3
3192922,3
3192923,3
3192924,3
3192931,3
3192932,3
3192933,3
3192934,3
3192935,3
3192936,3
3192937,3
3192938,3
3192939,3
3192940,3
3192941,3
3192942,3
3192943,3
3192944,3
3192945,3
3192946,3
3192947,3
3192948,3
3192949,3
3192950,3
3192951,3
3192954,3
3192955,3
3192956,3
3192957,3
3192958,3
3192967,3
3192971,3
3192972,3
3192973,3
3192974,3
3192977,3
3192978,3
3192979,3
3192980,3
3192981,3
3192982,3
3192983,3
3192984,3
3192985,3
3192986,3
3192987,3
3192988,3
3192989,3
3192990,3
3192991,3
3192992,3
3192993,3
3192994,3
3192996,3
3192997,3
3192998,3
3192999,3
3193000,3
3193001,3
3193002,3
3193003,3
3193004,3
3193005,3
3193007,3
3193008,3
3193009,3
3193010,3
3193023,3
3193024,3
3193025,3
3193026,3
3193027,3
3193028,3
3193029,3
3193030,3
3193031,3
3193032,3
3193035,3
3193036,3
3193037,3
3193050,3
3193051,3
3193052,3
3193053,3
3193055,3
3193056,3
3193057,3
3193058,3
3193059,3
3193060,3
3193061,3
3193062,3
3193064,3
3193065,3
3193067,3
3193069,3
3193070,3
3193079,3
3193080,3
3193097,3
3193098,3
3193099,3
3193100,3
3193103,3
3193104,3
3193105,3
3193106,3
3193107,3
3193108,3
3193109,3
3193110,3
3193111,3
3193112,3
3193113,3
3193114,3
3193123,3
3193124,3
3193125,3
3193126,3
3193127,3
3193128,3
3193129,3
3193130,3
3193131,3
3193132,3
3193135,3
3193137,3
3193138,3
3193139,3
3193140,3
3193143,3
3193144,3
3193145,3
3193146,3
3193147,3
3193148,3
3193149,3
3193150,3
3193151,3
3193152,3
3193153,3
3193154,3
3193155,3
3193156,3
3193157,3
3193158,3
3193159,3
3193160,3
3193161,3
3193162,3
3193163,3
3193164,3
3193165,3
3193166,3
3193167,3
3193168,3
3193169,3
3193170,3
3193171,3
3193172,3
3193173,3
3193174,3
3193175,3
3193176,3
3193177,3
3193178,3
3193179,3
3193181,3
3193185,3
3193186,3
3193187,3
3193188,3
3193189,3
3193190,3
3193191,3
3193192,3
3193193,3
3193194,3
3193195,3
3193196,3
3193197,3
3193202,3
3193203,3
3193204,3
3193205,3
3193206,3
3193208,3
3193210,3
3193211,3
3193212,3
3193214,3
3193216,3
3193220,3
3193222,3
3193223,3
3193225,3
3193226,3
3193229,3
3193230,3
3193231,3
3193232,3
3193233,3
3193234,3
3193235,3
3193236,3
3193237,3
3193238,3
3193240,3
3193241,3
3193243,3
3193244,3
3193245,3
3209664,3
3209669,3
3209670,3
3209686,3
3209732,3
3209738,3
3209763,3
3209793,3
3209798,3
3209858,3
3209866,3
3209867,3
3209874,3
3209888,3
3209889,3
3209941,3
3209942,3
3209947,3
3209966,3
3209967,3
3209968,3
3209990,3
3210023,3
3210046,3
3210061,3
3210068,3
3210069,3
3210079,3
3210083,3
3210084,3
3210085,3
3210094,3
3210109,3
3210118,3
3210121,3
3210159,3
3210160,3
3210164,3
3210165,3
3210166,3
3210168,3
3210182,3
3210193,3
3210194,3
3210229,3
3210240,3
3210244,3
3210270,3
3210283,3
3210292,3
3210299,3
3210303,3
3210307,3
3210319,3
3210332,3
3210336,3
3210345,3
3210347,3
3210351,3
3210362,3
3210366,3
3210368,3
3210384,3
3210385,3
3210393,3
3210394,3
3210408,3
3210419,3
3210421,3
3210431,3
3210440,3
3210465,3
3210474,3
3210478,3
3210482,3
3210487,3
3210488,3
3210518,3
3210520,3
3210525,3
3210554,3
3210561,3
3210562,3
3210566,3
3210580,3
3210659,3
3210665,3
3210667,3
3210669,3
3210679,3
3210680,3
3210681,3
3210699,3
3210704,3
3210710,3
3210714,3
3210716,3
3210744,3
3210802,3
3210803,3
3210874,3
3210889,3
3210891,3
3210923,3
3210925,3
3210930,3
3210931,3
3210932,3
3210934,3
3210937,3
3210944,3
3210961,3
3210976,3
3210980,3
3210982,3
3210985,3
3210987,3
3210997,3
3210998,3
3210999,3
3211011,3
3211016,3
3211030,3
3211035,3
3211040,3
3211080,3
3211081,3
3211103,3
3211104,3
3211121,3
3211124,3
3211131,3
3211143,3
3211147,3
3211151,3
3211156,3
3211166,3
3211168,3
3211169,3
3211174,3
3211178,3
3211189,3
3211194,3
3211200,3
3211229,3
3211272,3
3211371,3
3211411,3
3211412,3
3211413,3
3211414,3
3211417,3
3211428,3
3211429,3
3211444,3
3211446,3
3211448,3
3211449,3
3211452,3
3211459,3
3211464,3
3211465,3
3211502,3
3211503,3
3211505,3
3211510,3
3211519,3
3211533,3
3211556,3
3211567,3
3211574,3
3211575,3
3211579,3
3211581,3
3211583,3
3211585,3
3211587,3
3211607,3
3211608,3
3211617,3
3211620,3
3211670,3
3211683,3
3211719,3
3211737,3
3211743,3
3211748,3
3211760,3
3211783,3
3211791,3
3211792,3
3211795,3
3211803,3
3211813,3
3211875,3
3211882,3
3211903,3
3211904,3
3211909,3
3211910,3
3211912,3
3211916,3
3211920,3
3211943,3
3211945,3
3211947,3
3211956,3
3211957,3
3211958,3
3211960,3
3211965,3
3211968,3
3211971,3
3211973,3
3211974,3
3211975,3
3211976,3
3211981,3
3212003,3
3212014,3
3212015,3
3212018,3
3212023,3
3212027,3
3212033,3
3212036,3
3212044,3
3212047,3
3212053,3
3212055,3
3212058,3
3212059,3
3212066,3
3212070,3
3212075,3
3212076,3
3212077,3
3212087,3
3212089,3
3212093,3
3212094,3
3212096,3
3212098,3
3212100,3
3212102,3
3212106,3
3212114,3
3212135,3
3212157,3
3212162,3
3212175,3
3212178,3
3212179,3
3212190,3
3212191,3
3212192,3
3212198,3
3212202,3
3212207,3
3212221,3
3212223,3
3212234,3
3212235,3
3212240,3
3212269,3
3212270,3
3212278,3
3212281,3
3212286,3
3212295,3
3212307,3
3212310,3
3212313,3
3212317,3
3212322,3
3212331,3
3212343,3
3212351,3
3212359,3
3212368,3
3212372,3
3212386,3
3212390,3
3212402,3
3212404,3
3212405,3
3212414,3
3212420,3
3212424,3
3212429,3
3212433,3
3212445,3
3212448,3
3212451,3
3212453,3
3212455,3
3212456,3
3212467,3
3212468,3
3212472,3
3212475,3
3212478,3
3212482,3
3212483,3
3212489,3
3212502,3
3212551,3
3212559,3
3212560,3
3212562,3
3212564,3
3212566,3
3212567,3
3212569,3
3212574,3
3212577,3
3212587,3
3212588,3
3212591,3
3212596,3
3212598,3
3212611,3
3212614,3
3212617,3
3212620,3
3212623,3
3212627,3
3212629,3
3212630,3
3212631,3
3212636,3
3212638,3
3212639,3
3212642,3
3212655,3
3212658,3
3212660,3
3212664,3
3212665,3
3212666,3
3212667,3
3212671,3
3212673,3
3212674,3
3212675,3
3212678,3
3212682,3
3212683,3
3212818,3
3212823,3
3212825,3
3212836,3
3212843,3
3212868,3
3212930,3
3212932,3
3212939,3
3212942,3
3212943,3
3212951,3
3212955,3
3212990,3
3212995,3
3213007,3
3213012,3
3213015,3
3213020,3
3213033,3
3213040,3
3213074,3
3213108,3
3213110,3
3213116,3
3213127,3
3213131,3
3213134,3
3213138,3
3213159,3
3213163,3
3213164,3
3213170,3
3213172,3
3213210,3
3213231,3
3213233,3
3213250,3
3213251,3
3213254,3
3213255,3
3213283,3
3213285,3
3213286,3
3213287,3
3213294,3
3213298,3
3213299,3
3213302,3
3213307,3
3213308,3
3213310,3
3213312,3
3213318,3
3213320,3
3213327,3
3213328,3
3213347,3
3213353,3
3213355,3
3213369,3
3213380,3
3213383,3
3213405,3
3213410,3
3213423,3
3213428,3
3213436,3
3213445,3
3213448,3
3213449,3
3213463,3
3213466,3
3213470,3
3213479,3
3213488,3
3213498,3
3213506,3
3213507,3
3213511,3
3213513,3
3213517,3
3213521,3
3213523,3
3213525,3
3213530,3
3213532,3
3213542,3
3213551,3
3213556,3
3213557,3
3213572,3
3213573,3
3213577,3
3213584,3
3213585,3
3213586,3
3213591,3
3213592,3
3213597,3
3213606,3
3213620,3
3213622,3
3213624,3
3213626,3
3213628,3
3213629,3
3213630,3
3213631,3
3213639,3
3213640,3
3213647,3
3213661,3
3213769,3
3213778,3
3213823,3
3213828,3
3213830,3
3213835,3
3213841,3
3213859,3
3213861,3
3213870,3
3213887,3
3213910,3
3213911,3
3213918,3
3213919,3
3213938,3
3213940,3
3213985,3
3214001,3
3214004,3
3214009,3
3214126,3
3214143,3
3214157,3
3214176,3
3214191,3
3214194,3
3214208,3
3214234,3
3214238,3
3214256,3
3214283,3
3214286,3
3214303,3
3214325,3
3214333,3
3214351,3
3214353,3
3214355,3
3214361,3
3214381,3
3214406,3
3214407,3
3214450,3
3214492,3
3214495,3
3214498,3
3214499,3
3214501,3
3214505,3
3214506,3
3214507,3
3214523,3
3214539,3
3214540,3
3214543,3
3214544,3
3214561,3
3214573,3
3214598,3
3214603,3
3214604,3
3214628,3
3214637,3
3214650,3
3214663,3
3214669,3
3214687,3
3214689,3
3214694,3
3214695,3
3214701,3
3214710,3
3214718,3
3214781,3
3214785,3
3214804,3
3214817,3
3214819,3
3214821,3
3214822,3
3214825,3
3214826,3
3214862,3
3214880,3
3214882,3
3214892,3
3214904,3
3214921,3
3214925,3
3214936,3
3214938,3
3214957,3
3214988,3
3214989,3
3214992,3
3215026,3
3215046,3
3215070,3
3215076,3
3215141,3
3215150,3
3215159,3
3215164,3
3215242,3
3215274,3
3215278,3
3215290,3
3215293,3
3215312,3
3215327,3
3215370,3
3215372,3
3215407,3
3215441,3
3215450,3
3215456,3
3215464,3
3215476,3
3215512,3
3215562,3
3215568,3
3215571,3
3215574,3
3215581,3
3215590,3
3215595,3
3215598,3
3215605,3
3215609,3
3215610,3
3215615,3
3215624,3
3215630,3
3215632,3
3215645,3
3215646,3
3215664,3
3215666,3
3215668,3
3215669,3
3215687,3
3215696,3
3215700,3
3215710,3
3215711,3
3215773,3
3215785,3
3215794,3
3215803,3
3215812,3
3215815,3
3215856,3
3215872,3
3215878,3
3215892,3
3215906,3
3215916,3
3215918,3
3215919,3
3215922,3
3215929,3
3215932,3
3215962,3
3216012,3
3216030,3
3216032,3
3216048,3
3216051,3
3216076,3
3216080,3
3216085,3
3216096,3
3216097,3
3216098,3
3216118,3
3216133,3
3216154,3
3216160,3
3216167,3
3216170,3
3216171,3
3216174,3
3216175,3
3216182,3
3216183,3
3216185,3
3216186,3
3216187,3
3216194,3
3216196,3
3216198,3
3216199,3
3216201,3
3216204,3
3216205,3
3216208,3
3216211,3
3216215,3
3216216,3
3216229,3
3216230,3
3216231,3
3216236,3
3216237,3
3216240,3
3216241,3
3216243,3
3216247,3
3216248,3
3216250,3
3216255,3
3216256,3
3216263,3
3216264,3
3216266,3
3216267,3
3216269,3
3216270,3
3216273,3
3216299,3
3216302,3
3216303,3
3216305,3
3216308,3
3216311,3
3216312,3
3216313,3
3216316,3
3216319,3
3216328,3
3216329,3
3216338,3
3216339,3
3216403,3
3216405,3
3216406,3
3216413,3
3216417,3
3216418,3
3216422,3
3216424,3
3216425,3
3216427,3
3216431,3
3216432,3
3216433,3
3216435,3
3216437,3
3216440,3
3216441,3
3216442,3
3216443,3
3216445,3
3216446,3
3216449,3
3216450,3
3216451,3
3216452,3
3216453,3
3216454,3
3216458,3
3216460,3
3216461,3
3216462,3
3216463,3
3216466,3
3216467,3
3216474,3
3216479,3
3216480,3
3216481,3
3216482,3
3216486,3
3216487,3
3216488,3
3216489,3
3216497,3
3216498,3
3216499,3
3216500,3
3216502,3
3216504,3
3216511,3
3216512,3
3216514,3
3216515,3
3216520,3
3216522,3
3216523,3
3216524,3
3216526,3
3216531,3
3216532,3
3216534,3
3216535,3
3216537,3
3216538,3
3216539,3
3237340,3
3237341,3
3237342,3
3237343,3
3237344,3
3237345,3
3237346,3
3237347,3
3237348,3
3237349,3
3237350,3
3237351,3
3237352,3
3237353,3
3237354,3
3237355,3
3237356,3
3237357,3
3237358,3
3237359,3
3237360,3
3237361,3
3237362,3
3237365,3
3237367,3
3237369,3
3237370,3
3237371,3
3237372,3
3237373,3
3237374,3
3237375,3
3237376,3
3237377,3
3237378,3
3237380,3
3237381,3
3237382,3
3237383,3
3237384,3
3237386,3
3237387,3
3237388,3
3237389,3
3237390,3
3237391,3
3237392,3
3237393,3
3237394,3
3237395,3
3237396,3
3237397,3
3237398,3
3237399,3
3237400,3
3237401,3
3237402,3
3237403,3
3237404,3
3237405,3
3237407,3
3237408,3
3237409,3
3237410,3
3237411,3
3237412,3
3237413,3
3237414,3
3237415,3
3237416,3
3237417,3
3237418,3
3237419,3
3237420,3
3237421,3
3237422,3
3237423,3
3237426,3
3237427,3
3237428,3
3237429,3
3237430,3
3237431,3
3237432,3
3237433,3
3237434,3
3237435,3
3237436,3
3237437,3
3237438,3
3237439,3
3237440,3
3237441,3
3237442,3
3237443,3
3237444,3
3237445,3
3237446,3
3237447,3
3237448,3
3237449,3
3237450,3
3237451,3
3237452,3
3237453,3
3237454,3
3237455,3
3237456,3
3237457,3
3237458,3
3237459,3
3237460,3
3237461,3
3237462,3
3237463,3
3237464,3
3237465,3
3237466,3
3237467,3
3237468,3
3237469,3
3237470,3
3237471,3
3237472,3
3237473,3
3237474,3
3237475,3
3237476,3
3237477,3
3237478,3
3237479,3
3237480,3
3237482,3
3237483,3
3237484,3
3237485,3
3237486,3
3237487,3
3237488,3
3237489,3
3237490,3
3237491,3
3237492,3
3237493,3
3237494,3
3237495,3
3237496,3
3237497,3
3237498,3
3237499,3
3237500,3
3237501,3
3237502,3
3237503,3
3237504,3
3237505,3
3237506,3
3237507,3
3237508,3
3237509,3
3237510,3
3237511,3
3237512,3
3237513,3
3237514,3
3237515,3
3237516,3
3237517,3
3237518,3
3237519,3
3237520,3
3237521,3
3237522,3
3237523,3
3237524,3
3237525,3
3237526,3
3237527,3
3237528,3
3237529,3
3237530,3
3237531,3
3237532,3
3237533,3
3237534,3
3237535,3
3237536,3
3237537,3
3237538,3
3237539,3
3237540,3
3237541,3
3237542,3
3237543,3
3237544,3
3237545,3
3237546,3
3237547,3
3237548,3
3237549,3
3237550,3
3237551,3
3237552,3
3237553,3
3237554,3
3237555,3
3237556,3
3237557,3
3237558,3
3237559,3
3237560,3
3237561,3
3237562,3
3237563,3
3237564,3
3237565,3
3237566,3
3237567,3
3237568,3
3237569,3
3237570,3
3237571,3
3237572,3
3237573,3
3237574,3
3237575,3
3237576,3
3237577,3
3237578,3
3237579,3
3237580,3
3237581,3
3237582,3
3237583,3
3237584,3
3237585,3
3237586,3
3237587,3
3237588,3
3237589,3
3237590,3
3237591,3
3237592,3
3237593,3
3237594,3
3237595,3
3237596,3
3237597,3
3237598,3
3237599,3
3237600,3
3237601,3
3237602,3
3237603,3
3237604,3
3237605,3
3237606,3
3237607,3
3237608,3
3237609,3
3237610,3
3237611,3
3237612,3
3237613,3
3237614,3
3237615,3
3237616,3
3237618,3
3237619,3
3237620,3
3237621,3
3237622,3
3237623,3
3237624,3
3237625,3
3237626,3
3237627,3
3237628,3
3237629,3
3237630,3
3237631,3
3242780,3
3244238,3
3244239,3
3256435,3
3256436,3
3256437,3
3256441,3
3256442,3
3256443,3
3256444,3
3256445,3
3256446,3
3256447,3
3256448,3
3256486,3
3256487,3
3256488,3
3256489,3
3256490,3
3256491,3
3256492,3
3256493,3
3256494,3
3256495,3
3256496,3
3256497,3
3256498,3
3256499,3
3256500,3
3256501,3
3256503,3
3256504,3
3256505,3
3256506,3
3256507,3
3256508,3
3256509,3
3256510,3
3256511,3
3256512,3
3256513,3
3256514,3
3256515,3
3256516,3
3256517,3
3256518,3
3256519,3
3256520,3
3256521,3
3256522,3
3256523,3
3256524,3
3256525,3
3256526,3
3256528,3
3256529,3
3256530,3
3256531,3
3256532,3
3256533,3
3256534,3
3256535,3
3256536,3
3256537,3
3256538,3
3256539,3
3256540,3
3256541,3
3256542,3
3256543,3
3256544,3
3256545,3
3256546,3
3256547,3
3256548,3
3256549,3
3256550,3
3256551,3
3256552,3
3256553,3
3256554,3
3256556,3
3256557,3
3256558,3
3256559,3
3256560,3
3256561,3
3256562,3
3256563,3
3256564,3
3256565,3
3256566,3
3256569,3
3256570,3
3256571,3
3256572,3
3256575,3
3256576,3
3256577,3
3256578,3
3256579,3
3256580,3
3256581,3
3256582,3
3256583,3
3256584,3
3256585,3
3256586,3
3256587,3
3256588,3
3256589,3
3256590,3
3256591,3
3256592,3
3256593,3
3256594,3
3256595,3
3256596,3
3256597,3
3256598,3
3256599,3
3256601,3
3256602,3
3256603,3
3256604,3
3256605,3
3256606,3
3256607,3
3256608,3
3256609,3
3256610,3
3256611,3
3256612,3
3256613,3
3256614,3
3256615,3
3256616,3
3256617,3
3256619,3
3256620,3
3256621,3
3256622,3
3256623,3
3256624,3
3256625,3
3256626,3
3256627,3
3256628,3
3256633,3
3256634,3
3256635,3
3256636,3
3256637,3
3256638,3
3256639,3
3256640,3
3256641,3
3256642,3
3256643,3
3256645,3
3256646,3
3256647,3
3256648,3
3256650,3
3256651,3
3256652,3
3256653,3
3256654,3
3256655,3
3256657,3
3256658,3
3256659,3
3256660,3
3256661,3
3256662,3
3256663,3
3256664,3
3256665,3
3256666,3
3256667,3
3256668,3
3256669,3
3256670,3
3256671,3
3256672,3
3256673,3
3256674,3
3256675,3
3256676,3
3256677,3
3256678,3
3256679,3
3256680,3
3256681,3
3256682,3
3256683,3
3256684,3
3256685,3
3256686,3
3256688,3
3256689,3
3256690,3
3256691,3
3256692,3
3256693,3
3256694,3
3256695,3
3256697,3
3256698,3
3256699,3
3256700,3
3256701,3
3256702,3
3256703,3
3256704,3
3256705,3
3256706,3
3256707,3
3256708,3
3256709,3
3256710,3
3256711,3
3256712,3
3256713,3
3256714,3
3256715,3
3256716,3
3256717,3
3256718,3
3256719,3
3256720,3
3256721,3
3256722,3
3256723,3
3256724,3
3256725,3
3256726,3
3256727,3
3256728,3
3256729,3
3256732,3
3256733,3
3256734,3
3256735,3
3256738,3
3256739,3
3256741,3
3256742,3
3256743,3
3256744,3
3256745,3
3256746,3
3256747,3
3256748,3
3256751,3
3256752,3
3256757,3
3256758,3
3256759,3
3256760,3
3256761,3
3256762,3
3256763,3
3256764,3
3256765,3
3256766,3
3256767,3
3256768,3
3256769,3
3256770,3
3256771,3
3256772,3
3256773,3
3256774,3
3256775,3
3256776,3
3256777,3
3256778,3
3256779,3
3256780,3
3256781,3
3256782,3
3256783,3
3256784,3
3256785,3
3256786,3
3256788,3
3256789,3
3256790,3
3256793,3
3256794,3
3256795,3
3256797,3
3256798,3
3256799,3
3256800,3
3256801,3
3256802,3
3256803,3
3256804,3
3256805,3
3256806,3
3256807,3
3256808,3
3256809,3
3256810,3
3256811,3
3256812,3
3256813,3
3256814,3
3256815,3
3256816,3
3256817,3
3256818,3
3256819,3
3256820,3
3256821,3
3256822,3
3256823,3
3256824,3
3256825,3
3256826,3
3256827,3
3256828,3
3256829,3
3256834,3
3256835,3
3256836,3
3256838,3
3256839,3
3256841,3
3256842,3
3256844,3
3256845,3
3256846,3
3256847,3
3256848,3
3256849,3
3256850,3
3256851,3
3256852,3
3256853,3
3256854,3
3256855,3
3256860,3
3256861,3
3256862,3
3256871,3
3256872,3
3256873,3
3256874,3
3256875,3
3256876,3
3256877,3
3256878,3
3256879,3
3256880,3
3256881,3
3256882,3
3256883,3
3256884,3
3256885,3
3256886,3
3256887,3
3256888,3
3256890,3
3256891,3
3256892,3
3256894,3
3256895,3
3256897,3
3256898,3
3256901,3
3256902,3
3256903,3
3256904,3
3256905,3
3256906,3
3256907,3
3256908,3
3256909,3
3256910,3
3256911,3
3256912,3
3256913,3
3256914,3
3256915,3
3256916,3
3256917,3
3256918,3
3256919,3
3256920,3
3256921,3
3256922,3
3256923,3
3256924,3
3256925,3
3256926,3
3256927,3
3256928,3
3256929,3
3256930,3
3256931,3
3256932,3
3256933,3
3256934,3
3256935,3
3256936,3
3256937,3
3256938,3
3256939,3
3256940,3
3256941,3
3256942,3
3256943,3
3256944,3
3256945,3
3256946,3
3256947,3
3256948,3
3256951,3
3256952,3
3256953,3
3256954,3
3256955,3
3256956,3
3256957,3
3256958,3
3256959,3
3256960,3
3256961,3
3256962,3
3256963,3
3256964,3
3256965,3
3256966,3
3256967,3
3256968,3
3256969,3
3256970,3
3256971,3
3256972,3
3256973,3
3256974,3
3256975,3
3256976,3
3256977,3
3256978,3
3256979,3
3256980,3
3256981,3
3256982,3
3256983,3
3256984,3
3256985,3
3256986,3
3256987,3
3256988,3
3256989,3
3256990,3
3256991,3
3256992,3
3256993,3
3256994,3
3256995,3
3256996,3
3256997,3
3256998,3
3256999,3
3257000,3
3257001,3
3257002,3
3257003,3
3257004,3
3257005,3
3257006,3
3257007,3
3257008,3
3257009,3
3257010,3
3257011,3
3257012,3
3257013,3
3257014,3
3257015,3
3257016,3
3257017,3
3257018,3
3257019,3
3257020,3
3257021,3
3257022,3
3257023,3
3257024,3
3257025,3
3257028,3
3257029,3
3257030,3
3257031,3
3257032,3
3257033,3
3257034,3
3257035,3
3257036,3
3257037,3
3257038,3
3257039,3
3257040,3
3257041,3
3257042,3
3257043,3
3257044,3
3257045,3
3257047,3
3257048,3
3257049,3
3257051,3
3257052,3
3257053,3
3257054,3
3257055,3
3257057,3
3257058,3
3257059,3
3257060,3
3257061,3
3257062,3
3257063,3
3257064,3
3257065,3
3257066,3
3257067,3
3257068,3
3257069,3
3257070,3
3257071,3
3257072,3
3257073,3
3257074,3
3257075,3
3257076,3
3257077,3
3257078,3
3257079,3
3257080,3
3257081,3
3257082,3
3257083,3
3257084,3
3257085,3
3257086,3
3257087,3
3257088,3
3257089,3
3257090,3
3257091,3
3257092,3
3257093,3
3257094,3
3257097,3
3257098,3
3257099,3
3257100,3
3257101,3
3257102,3
3257103,3
3257104,3
3257105,3
3257106,3
3257107,3
3257108,3
3257109,3
3257110,3
3257111,3
3257112,3
3257113,3
3257114,3
3257115,3
3257116,3
3257117,3
3257118,3
3257119,3
3257120,3
3257121,3
3257122,3
3257123,3
3257124,3
3257125,3
3257126,3
3257127,3
3257128,3
3257129,3
3257130,3
3257131,3
3257132,3
3257133,3
3257134,3
3257135,3
3257137,3
3257139,3
3257141,3
3257142,3
3257143,3
3257144,3
3257145,3
3257146,3
3257147,3
3257148,3
3257149,3
3257150,3
3257151,3
3257152,3
3257153,3
3257154,3
3257155,3
3257156,3
3257157,3
3257158,3
3257159,3
3257160,3
3257161,3
3257162,3
3257163,3
3257164,3
3257165,3
3257167,3
3257168,3
3257169,3
3257170,3
3257171,3
3257172,3
3257173,3
3257174,3
3257175,3
3257176,3
3257177,3
3257178,3
3257179,3
3257181,3
3257183,3
3257185,3
3257186,3
3257187,3
3257188,3
3257189,3
3257190,3
3257191,3
3257192,3
3257193,3
3257194,3
3257195,3
3257196,3
3257197,3
3257198,3
3257199,3
3257200,3
3257201,3
3257202,3
3257204,3
3257205,3
3257206,3
3257207,3
3257208,3
3257209,3
3257210,3
3257211,3
3257212,3
3257213,3
3257214,3
3257215,3
3257216,3
3257218,3
3257219,3
3257220,3
3257221,3
3257222,3
3257223,3
3257224,3
3257225,3
3257226,3
3257227,3
3257228,3
3257229,3
3257230,3
3257231,3
3257232,3
3257233,3
3257234,3
3257235,3
3257236,3
3257237,3
3257238,3
3257239,3
3257240,3
3257241,3
3257242,3
3257244,3
3257245,3
3257246,3
3257247,3
3257248,3
3257249,3
3257250,3
3257251,3
3257252,3
3257253,3
3257254,3
3257256,3
3257258,3
3257259,3
3257260,3
3257262,3
3257263,3
3257264,3
3257265,3
3257266,3
3257267,3
3257269,3
3257270,3
3257271,3
3257272,3
3257273,3
3257274,3
3257275,3
3257276,3
3257277,3
3257278,3
3257279,3
3257280,3
3257281,3
3257282,3
3257283,3
3257284,3
3257285,3
3257286,3
3257287,3
3257288,3
3257289,3
3257290,3
3257291,3
3257292,3
3257293,3
3257294,3
3257296,3
3257298,3
3257300,3
3257304,3
3257305,3
3257306,3
3257308,3
3257309,3
3257310,3
3257311,3
3257312,3
3257313,3
3257314,3
3257315,3
3257316,3
3257317,3
3257318,3
3257319,3
3257321,3
3257322,3
3257323,3
3257324,3
3257325,3
3257326,3
3257327,3
3257328,3
3257329,3
3257330,3
3257331,3
3257332,3
3257333,3
3257334,3
3257335,3
3257336,3
3257337,3
3257338,3
3257339,3
3257340,3
3257341,3
3257342,3
3257343,3
3257344,3
3257345,3
3257346,3
3257347,3
3257348,3
3257349,3
3257350,3
3257351,3
3257352,3
3257353,3
3257354,3
3257355,3
3257356,3
3257357,3
3257358,3
3257359,3
3257361,3
3257362,3
3257364,3
3257365,3
3257366,3
3257367,3
3257368,3
3257369,3
3257371,3
3257372,3
3257373,3
3257374,3
3257375,3
3257376,3
3257377,3
3257378,3
3257379,3
3257380,3
3257381,3
3257382,3
3257383,3
3257384,3
3257385,3
3257386,3
3257387,3
3257390,3
3257391,3
3257392,3
3257393,3
3257394,3
3257395,3
3257396,3
3257397,3
3257398,3
3257399,3
3257400,3
3257401,3
3257402,3
3257403,3
3257404,3
3257405,3
3257406,3
3257407,3
3257408,3
3257409,3
3257410,3
3257411,3
3257413,3
3257414,3
3257415,3
3257416,3
3257417,3
3257418,3
3257419,3
3257420,3
3257421,3
3257422,3
3257423,3
3257424,3
3257425,3
3257426,3
3257427,3
3257428,3
3257429,3
3257430,3
3257431,3
3257432,3
3257433,3
3257434,3
3257435,3
3257436,3
3257437,3
3257438,3
3257439,3
3257440,3
3257442,3
3257443,3
3257444,3
3257445,3
3257446,3
3257447,3
3257448,3
3257449,3
3257450,3
3257451,3
3257452,3
3257453,3
3257454,3
3257457,3
3257458,3
3257459,3
3257460,3
3257461,3
3257462,3
3257463,3
3257464,3
3257465,3
3257466,3
3257467,3
3257468,3
3257469,3
3257470,3
3257471,3
3257472,3
3257473,3
3257474,3
3257475,3
3257476,3
3257477,3
3257478,3
3257479,3
3257480,3
3257481,3
3257482,3
3257483,3
3257484,3
3257485,3
3257486,3
3257487,3
3257488,3
3257489,3
3257490,3
3257491,3
3257492,3
3257493,3
3257494,3
3257496,3
3257497,3
3257498,3
3257499,3
3257500,3
3257502,3
3257503,3
3257507,3
3257509,3
3257510,3
3257511,3
3257512,3
3257513,3
3257514,3
3257515,3
3257518,3
3257519,3
3257520,3
3257521,3
3257522,3
3257523,3
3257524,3
3257525,3
3257526,3
3257527,3
3257528,3
3257529,3
3257530,3
3257531,3
3257532,3
3257533,3
3257534,3
3257535,3
3257536,3
3257537,3
3257538,3
3257539,3
3257540,3
3257541,3
3257542,3
3257543,3
3257544,3
3257545,3
3257546,3
3257547,3
3257548,3
3257549,3
3257550,3
3257551,3
3257552,3
3257553,3
3257554,3
3257555,3
3257556,3
3257557,3
3257558,3
3257559,3
3257560,3
3257561,3
3257562,3
3257563,3
3257564,3
3257565,3
3257566,3
3257567,3
3257568,3
3257569,3
3257570,3
3257571,3
3257572,3
3257573,3
3257574,3
3257575,3
3257576,3
3257577,3
3257578,3
3257579,3
3257580,3
3257581,3
3257582,3
3257583,3
3257584,3
3257585,3
3257586,3
3257587,3
3257589,3
3257590,3
3257591,3
3257592,3
3257593,3
3257594,3
3257595,3
3257596,3
3257597,3
3257598,3
3257599,3
3257600,3
3257601,3
3257602,3
3257603,3
3257604,3
3257605,3
3257606,3
3257607,3
3257608,3
3257609,3
3257610,3
3257611,3
3257612,3
3257613,3
3257614,3
3257615,3
3257616,3
3257617,3
3257618,3
3257619,3
3257620,3
3257621,3
3257622,3
3257623,3
3257624,3
3257625,3
3257626,3
3257627,3
3257628,3
3257629,3
3257630,3
3257631,3
3257632,3
3257633,3
3257634,3
3257635,3
3257636,3
3257637,3
3257638,3
3257639,3
3257640,3
3257641,3
3257642,3
3257643,3
3257644,3
3257647,3
3257649,3
3257650,3
3257652,3
3257658,3
3257659,3
3257660,3
3257661,3
3257662,3
3257663,3
3257664,3
3257665,3
3257666,3
3257667,3
3257668,3
3257669,3
3257670,3
3257671,3
3257672,3
3257673,3
3257674,3
3257676,3
3257678,3
3257679,3
3257680,3
3257681,3
3257682,3
3257683,3
3257684,3
3257685,3
3257688,3
3257689,3
3257690,3
3257692,3
3257693,3
3257694,3
3257697,3
3257698,3
3257700,3
3257701,3
3257702,3
3257704,3
3257706,3
3257707,3
3257708,3
3257710,3
3257712,3
3257713,3
3257714,3
3257715,3
3257716,3
3257718,3
3257719,3
3257720,3
3257721,3
3257722,3
3257723,3
3257724,3
3257725,3
3257726,3
3257727,3
3257728,3
3257729,3
3257730,3
3257731,3
3257732,3
3257733,3
3257734,3
3257737,3
3257738,3
3257739,3
3257740,3
3257741,3
3257742,3
3257743,3
3257744,3
3257745,3
3257748,3
3257749,3
3257750,3
3257751,3
3257752,3
3257753,3
3257754,3
3257755,3
3257756,3
3257757,3
3257758,3
3257759,3
3257760,3
3257761,3
3257762,3
3257763,3
3257765,3
3257766,3
3257767,3
3257769,3
3257770,3
3257771,3
3257773,3
3257775,3
3257777,3
3257778,3
3257779,3
3257780,3
3257781,3
3257784,3
3257785,3
3257786,3
3257787,3
3257788,3
3257789,3
3257790,3
3257791,3
3257794,3
3257795,3
3257796,3
3257797,3
3257798,3
3257799,3
3257800,3
3257801,3
3257802,3
3257803,3
3257804,3
3257805,3
3257806,3
3257807,3
3257808,3
3257809,3
3257810,3
3257811,3
3257812,3
3257813,3
3257814,3
3257815,3
3257816,3
3257817,3
3257818,3
3257821,3
3257822,3
3257823,3
3257824,3
3257825,3
3257826,3
3257827,3
3257828,3
3257829,3
3257837,3
3257838,3
3257839,3
3257840,3
3257841,3
3257842,3
3257843,3
3257844,3
3257845,3
3257846,3
3257847,3
3257848,3
3257849,3
3257850,3
3257851,3
3257852,3
3257853,3
3257854,3
3257855,3
3257856,3
3257857,3
3257858,3
3257859,3
3257860,3
3257861,3
3257862,3
3257863,3
3257864,3
3257865,3
3257867,3
3257869,3
3257871,3
3257872,3
3257873,3
3257874,3
3257875,3
3257876,3
3257877,3
3257878,3
3257879,3
3257880,3
3257881,3
3257882,3
3257883,3
3257884,3
3257885,3
3257886,3
3257887,3
3257888,3
3257889,3
3257890,3
3257891,3
3257892,3
3257893,3
3257894,3
3257895,3
3257896,3
3257897,3
3257898,3
3257899,3
3257900,3
3257901,3
3257902,3
3257903,3
3257904,3
3257905,3
3257906,3
3257907,3
3257908,3
3257909,3
3257910,3
3257911,3
3257912,3
3257913,3
3257914,3
3257915,3
3257916,3
3257917,3
3257919,3
3257920,3
3257921,3
3257922,3
3257923,3
3257924,3
3257925,3
3257926,3
3257927,3
3257928,3
3257930,3
3257931,3
3257932,3
3257933,3
3257934,3
3257936,3
3257937,3
3257938,3
3257939,3
3257940,3
3257941,3
3257942,3
3257943,3
3257944,3
3257945,3
3257946,3
3257947,3
3257948,3
3257949,3
3257950,3
3257951,3
3257952,3
3257953,3
3257954,3
3257955,3
3257956,3
3257957,3
3257958,3
3257959,3
3257960,3
3257961,3
3257962,3
3257963,3
3257964,3
3257965,3
3257966,3
3257967,3
3257968,3
3257969,3
3257970,3
3257972,3
3257973,3
3257974,3
3257975,3
3257976,3
3257977,3
3257978,3
3257979,3
3257980,3
3257981,3
3257982,3
3257983,3
3257984,3
3257985,3
3257986,3
3257987,3
3257988,3
3257990,3
3257992,3
3257997,3
3257999,3
3258001,3
3258003,3
3258006,3
3258007,3
3258008,3
3258009,3
3258010,3
3258011,3
3258012,3
3258013,3
3258014,3
3258015,3
3258016,3
3258018,3
3258019,3
3258020,3
3258021,3
3258023,3
3258024,3
3258026,3
3258027,3
3258028,3
3258029,3
3258030,3
3258031,3
3258032,3
3258033,3
3258034,3
3258035,3
3258037,3
3258038,3
3258039,3
3258041,3
3258043,3
3258044,3
3258045,3
3258047,3
3258048,3
3258049,3
3258050,3
3258051,3
3258052,3
3258053,3
3258054,3
3258055,3
3258056,3
3258057,3
3258058,3
3258059,3
3258060,3
3258062,3
3258063,3
3258064,3
3258065,3
3258066,3
3258067,3
3258068,3
3258069,3
3258070,3
3258071,3
3258072,3
3258073,3
3258074,3
3258075,3
3258076,3
3258077,3
3258078,3
3258079,3
3258080,3
3258081,3
3258082,3
3258083,3
3258084,3
3258085,3
3258086,3
3258087,3
3258088,3
3258089,3
3258090,3
3258091,3
3258092,3
3258093,3
3258094,3
3258095,3
3258096,3
3258097,3
3258098,3
3258099,3
3258100,3
3258101,3
3258102,3
3258103,3
3258104,3
3258105,3
3258106,3
3258107,3
3258108,3
3258109,3
3258111,3
3258112,3
3258113,3
3258114,3
3258115,3
3258116,3
3258117,3
3258118,3
3258119,3
3258120,3
3258121,3
3258122,3
3258123,3
3258124,3
3258125,3
3258126,3
3258127,3
3258128,3
3258129,3
3258130,3
3258131,3
3258132,3
3258133,3
3258134,3
3258135,3
3258136,3
3258137,3
3258138,3
3258139,3
3258140,3
3258141,3
3258142,3
3258143,3
3258146,3
3258147,3
3258148,3
3258149,3
3258150,3
3258151,3
3258153,3
3258154,3
3258155,3
3258156,3
3258157,3
3258158,3
3258159,3
3258160,3
3258161,3
3258162,3
3258163,3
3258164,3
3258165,3
3258166,3
3258167,3
3258168,3
3258169,3
3258170,3
3258171,3
3258172,3
3258173,3
3258174,3
3258175,3
3258177,3
3258178,3
3258179,3
3258180,3
3258181,3
3258182,3
3258183,3
3258184,3
3258185,3
3258186,3
3258187,3
3258188,3
3258189,3
3258190,3
3258191,3
3258192,3
3258193,3
3258194,3
3258195,3
3258196,3
3258197,3
3258198,3
3258199,3
3258200,3
3258201,3
3258202,3
3258203,3
3258204,3
3258205,3
3258206,3
3258208,3
3258209,3
3258210,3
3258211,3
3258212,3
3258213,3
3258214,3
3258215,3
3258216,3
3258217,3
3258218,3
3258219,3
3258220,3
3258221,3
3258222,3
3258223,3
3258224,3
3258225,3
3258226,3
3258227,3
3258228,3
3258230,3
3258231,3
3258232,3
3258233,3
3258234,3
3258235,3
3258236,3
3258237,3
3258238,3
3258239,3
3258240,3
3258241,3
3258242,3
3258243,3
3258244,3
3258245,3
3258246,3
3258247,3
3258248,3
3258249,3
3258250,3
3258251,3
3258252,3
3258253,3
3258254,3
3258255,3
3258256,3
3258257,3
3258258,3
3258259,3
3258260,3
3258261,3
3258262,3
3258263,3
3258264,3
3258265,3
3258266,3
3258267,3
3258268,3
3258269,3
3258270,3
3258271,3
3258272,3
3258273,3
3258274,3
3258275,3
3258276,3
3258277,3
3258278,3
3258279,3
3258280,3
3258281,3
3258282,3
3258283,3
3258284,3
3258285,3
3258286,3
3258287,3
3258288,3
3258289,3
3258290,3
3258291,3
3258292,3
3258293,3
3258294,3
3258295,3
3258296,3
3258297,3
3258298,3
3258299,3
3258300,3
3258301,3
3258302,3
3258303,3
3258304,3
3258305,3
3258306,3
3258307,3
3258308,3
3258309,3
3258310,3
3258311,3
3258312,3
3258313,3
3258314,3
3258315,3
3258316,3
3258317,3
3258318,3
3258319,3
3258320,3
3258321,3
3258322,3
3258323,3
3258324,3
3258325,3
3258326,3
3258327,3
3258328,3
3258329,3
3258330,3
3258331,3
3258332,3
3258333,3
3258334,3
3258335,3
3258336,3
3258337,3
3258338,3
3258339,3
3258340,3
3258341,3
3258342,3
3258343,3
3258344,3
3258345,3
3258346,3
3258347,3
3258348,3
3258349,3
3258350,3
3258351,3
3258352,3
3258353,3
3258354,3
3258355,3
3258356,3
3258357,3
3258358,3
3258359,3
3258360,3
3258361,3
3258362,3
3258363,3
3258364,3
3258365,3
3258366,3
3258367,3
3258368,3
3258369,3
3258370,3
3258371,3
3258372,3
3258373,3
3258374,3
3258375,3
3258376,3
3258377,3
3258378,3
3258379,3
3258380,3
3258381,3
3258382,3
3258383,3
3258384,3
3258385,3
3258386,3
3258387,3
3258388,3
3258389,3
3258391,3
3258392,3
3258395,3
3258396,3
3258397,3
3258398,3
3258399,3
3258400,3
3258401,3
3258402,3
3258403,3
3258404,3
3258405,3
3258406,3
3258407,3
3258408,3
3258410,3
3258411,3
3258412,3
3258413,3
3258414,3
3258415,3
3258416,3
3258417,3
3258418,3
3258419,3
3258420,3
3258421,3
3258422,3
3258423,3
3258424,3
3258425,3
3258426,3
3258427,3
3258428,3
3258429,3
3258430,3
3258431,3
3258432,3
3258433,3
3258434,3
3258435,3
3258436,3
3258437,3
3258438,3
3258439,3
3258440,3
3258441,3
3258443,3
3258444,3
3258445,3
3258446,3
3258447,3
3258448,3
3258449,3
3258450,3
3258452,3
3258453,3
3258454,3
3258455,3
3258456,3
3258457,3
3258458,3
3258459,3
3258460,3
3258461,3
3258462,3
3258463,3
3258464,3
3258465,3
3258466,3
3258467,3
3258468,3
3258469,3
3258470,3
3258471,3
3258472,3
3258473,3
3258474,3
3258475,3
3258476,3
3258477,3
3258478,3
3258479,3
3258480,3
3258481,3
3258482,3
3258483,3
3258484,3
3258485,3
3258486,3
3258487,3
3258488,3
3258489,3
3258490,3
3258491,3
3258492,3
3258493,3
3258494,3
3258495,3
3258496,3
3258497,3
3258498,3
3258499,3
3258500,3
3258501,3
3258502,3
3258503,3
3258504,3
3258505,3
3258506,3
3258507,3
3258508,3
3258509,3
3258510,3
3258511,3
3258512,3
3258516,3
3258517,3
3258518,3
3258519,3
3258520,3
3258521,3
3258522,3
3258523,3
3258524,3
3258525,3
3258526,3
3258527,3
3258528,3
3258529,3
3258530,3
3258531,3
3258532,3
3258533,3
3258534,3
3258535,3
3258536,3
3258537,3
3258538,3
3258539,3
3258540,3
3258541,3
3258542,3
3258543,3
3258545,3
3258546,3
3258547,3
3258548,3
3258549,3
3258550,3
3258551,3
3258552,3
3258553,3
3258554,3
3258555,3
3258556,3
3258557,3
3258558,3
3258559,3
3258560,3
3258561,3
3258562,3
3258568,3
3258569,3
3258570,3
3258571,3
3258572,3
3258573,3
3258574,3
3258575,3
3258576,3
3258577,3
3258578,3
3258579,3
3258580,3
3258581,3
3258582,3
3258583,3
3258584,3
3258585,3
3258586,3
3258587,3
3258588,3
3258589,3
3258590,3
3258591,3
3258592,3
3258593,3
3258594,3
3258595,3
3258596,3
3258597,3
3258598,3
3258599,3
3258600,3
3258601,3
3258602,3
3258603,3
3258604,3
3258605,3
3258606,3
3258607,3
3258608,3
3258610,3
3258612,3
3258613,3
3258614,3
3258615,3
3258616,3
3258617,3
3258618,3
3258619,3
3258620,3
3258621,3
3258622,3
3258623,3
3258624,3
3258625,3
3258626,3
3258627,3
3258628,3
3258629,3
3258630,3
3258631,3
3258632,3
3258633,3
3258634,3
3258635,3
3258636,3
3258637,3
3258638,3
3258639,3
3258640,3
3258641,3
3258642,3
3258643,3
3258644,3
3258645,3
3258646,3
3258647,3
3258648,3
3258649,3
3258650,3
3258651,3
3258652,3
3258653,3
3258654,3
3258655,3
3258656,3
3258657,3
3258658,3
3258659,3
3258660,3
3258661,3
3258662,3
3258663,3
3258664,3
3258665,3
3258666,3
3258667,3
3258668,3
3258669,3
3258670,3
3258671,3
3258672,3
3258673,3
3258674,3
3258675,3
3258676,3
3258677,3
3258678,3
3258679,3
3258680,3
3258681,3
3258682,3
3258683,3
3258686,3
3258687,3
3258688,3
3258689,3
3258690,3
3258691,3
3258692,3
3258693,3
3258694,3
3258695,3
3258696,3
3258697,3
3258699,3
3258700,3
3258702,3
3258703,3
3258704,3
3258705,3
3258706,3
3258707,3
3258708,3
3258709,3
3258710,3
3258711,3
3258712,3
3258713,3
3258714,3
3258715,3
3258716,3
3258717,3
3258718,3
3258719,3
3258720,3
3258721,3
3258722,3
3258723,3
3258725,3
3258726,3
3258727,3
3258728,3
3258729,3
3258730,3
3258731,3
3258732,3
3258733,3
3258735,3
3258736,3
3258737,3
3258738,3
3258739,3
3258740,3
3258741,3
3258742,3
3258743,3
3258744,3
3258745,3
3258746,3
3258747,3
3258748,3
3258749,3
3258750,3
3258751,3
3258752,3
3258753,3
3258795,3
3258796,3
3258797,3
3258798,3
3258799,3
3258800,3
3258802,3
3258803,3
3258804,3
3258805,3
3258806,3
3258807,3
3258808,3
3261575,3
3261576,3
3261577,3
3261578,3
3269189,3
3269190,3
3269191,3
3269192,3
3269193,3
3269194,3
3269195,3
3269196,3
3269197,3
3269198,3
3269199,3
3284251,3
3317683,3
3317684,3
3317685,3
3317686,3
3317687,3
3317688,3
3317689,3
3317690,3
3317692,3
3317693,3
3317694,3
3317695,3
3317697,3
3317698,3
3317699,3
3317701,3
3317702,3
3317704,3
3317705,3
3317706,3
3317707,3
3317708,3
3317709,3
3317710,3
3317711,3
3317712,3
3317713,3
3317714,3
3317715,3
3317716,3
3317717,3
3384414,3
3384550,3
3384554,3
3384555,3
3384562,3
3428620,3
3428621,3
3428622,3
3428623,3
3428625,3
3428627,3
3428629,3
3428631,3
3428632,3
3428633,3
3428635,3
3428636,3
3428637,3
3428638,3
3428639,3
3428640,3
3428641,3
3428642,3
3428643,3
3428644,3
3428646,3
3428647,3
3428649,3
3428651,3
3428652,3
3428653,3
3428654,3
3428655,3
3428656,3
3428657,3
3428658,3
3428659,3
3428660,3
3517721,3
3517722,3
3517723,3
3517724,3
3517725,3
3517726,3
3517727,3
3517728,3
3517729,3
3517730,3
3517731,3
3517732,3
3517733,3
3517734,3
3517735,3
3517736,3
3517737,3
3517738,3
3517739,3
3517740,3
3517741,3
3517742,3
3517743,3
3517744,3
3517745,3
3517746,3
3517747,3
3517748,3
3517749,3
3517750,3
3517751,3
3517752,3
3517753,3
3517754,3
3517755,3
3517756,3
3517757,3
3517758,3
3517759,3
3517760,3
3517761,3
3517762,3
3517764,3
3517765,3
3517766,3
3517767,3
3517768,3
3517769,3
3517770,3
3517771,3
3517772,3
3517773,3
3517774,3
3517775,3
3517776,3
3517777,3
3517778,3
3517779,3
3517780,3
3517781,3
3517782,3
3517783,3
3517784,3
3517785,3
3517786,3
3517787,3
3517788,3
3517789,3
3517790,3
3517791,3
3517792,3
3517793,3
3517794,3
3517795,3
3517796,3
3517798,3
3517799,3
3517800,3
3517803,3
3517804,3
3517805,3
3517806,3
3517807,3
3517808,3
3517809,3
3537022,3
3537052,3
3537053,3
3537054,3
3537055,3
3537058,3
3537059,3
3537060,3
3537061,3
3537062,3
3537063,3
3537066,3
3537069,3
3537070,3
3537071,3
3537072,3
3537073,3
3537074,3
3537075,3
3537076,3
3537077,3
3540968,3
3540969,3
3540970,3
3540971,3
3540972,3
3540973,3
3540974,3
3540975,3
3540982,3
3540983,3
3540984,3
3540985,3
3540986,3
3540989,3
3540990,3
3540991,3
3540992,3
3540993,3
3540994,3
3540995,3
3540996,3
3540997,3
3540998,3
3540999,3
3541000,3
3541001,3
3541002,3
3541003,3
3541004,3
3541005,3
3541011,3
3541012,3
3541013,3
3541014,3
3541015,3
3541016,3
3541017,3
3541018,3
3541019,3
3541020,3
3541021,3
3541022,3
3541023,3
3541024,3
3541025,3
3541026,3
3541027,3
3541028,3
3541029,3
3541030,3
3541031,3
3541032,3
3541035,3
3541036,3
3541037,3
3541038,3
3541039,3
3541040,3
3541041,3
3541042,3
3541043,3
3541044,3
3541045,3
3541046,3
3541047,3
3541048,3
3541049,3
3541050,3
3541051,3
3541052,3
3541053,3
3541054,3
3541055,3
3541056,3
3541057,3
3541058,3
3541059,3
3541060,3
3541061,3
3541062,3
3541063,3
3541064,3
3541065,3
3541066,3
3541067,3
3541068,3
3541069,3
3541070,3
3541071,3
3541072,3
3541073,3
3541074,3
3541075,3
3541076,3
3541077,3
3541078,3
3541079,3
3541080,3
3541081,3
3541082,3
3541083,3
3541084,3
3543837,3
3543838,3
3543839,3
3543840,3
3543841,3
3543842,3
3543843,3
3543844,3
3543845,3
3543846,3
3543849,3
3543850,3
3543851,3
3543852,3
3543853,3
3543854,3
3543855,3
3543857,3
3543858,3
3543860,3
3543861,3
3552195,3
3552197,3
3552198,3
3552204,3
3552397,3
3552526,3
3552527,3
3552529,3
3552531,3
3552532,3
3552533,3
3552535,3
3552536,3
3552537,3
3552538,3
3552539,3
3552540,3
3552541,3
3552542,3
3552543,3
3552544,3
3552546,3
3552547,3
3552548,3
3552549,3
3552550,3
3552551,3
3552552,3
3552553,3
3552554,3
3552555,3
3552556,3
3552557,3
3552558,3
3552559,3
3552560,3
3552561,3
3552562,3
3552563,3
3552565,3
3552566,3
3552567,3
3552568,3
3552569,3
3552570,3
3552571,3
3552572,3
3552573,3
3552574,3
3552575,3
3552576,3
3552577,3
3552578,3
3552579,3
3552581,3
3552582,3
3552583,3
3552584,3
3552585,3
3552586,3
3552587,3
3552588,3
3552589,3
3552590,3
3552591,3
3552592,3
3552593,3
3552594,3
3552595,3
3552596,3
3552597,3
3552598,3
3552599,3
3552600,3
3552601,3
3552602,3
3552603,3
3552604,3
3552605,3
3552606,3
3552607,3
3552608,3
3552609,3
3552610,3
3552611,3
3552613,3
3552614,3
3552615,3
3552616,3
3552617,3
3552618,3
3552619,3
3552621,3
3552622,3
3552623,3
3552624,3
3552625,3
3552626,3
3552627,3
3552628,3
3552629,3
3552630,3
3552631,3
3552632,3
3552633,3
3552634,3
3552635,3
3552637,3
3552638,3
3552639,3
3552641,3
3552642,3
3552643,3
3552644,3
3552645,3
3552647,3
3552648,3
3552649,3
3552650,3
3552651,3
3552657,3
3552658,3
3552659,3
3552660,3
3552661,3
3552662,3
3552663,3
3552664,3
3552665,3
3552666,3
3552667,3
3552668,3
3552669,3
3552670,3
3552671,3
3552672,3
3552673,3
3552674,3
3552675,3
3552676,3
3552677,3
3552678,3
3552679,3
3552680,3
3552681,3
3552682,3
3552683,3
3552684,3
3552685,3
3552686,3
3552687,3
3552688,3
3552689,3
3552690,3
3552693,3
3552694,3
3552695,3
3555241,3
3555242,3
3555243,3
3555247,3
3555248,3
3555249,3
3555250,3
3555251,3
3555252,3
3555253,3
3555254,3
3570036,3
3570037,3
3570038,3
3578656,3
3578659,3
3578665,3
3578666,3
3578667,3
3578669,3
3578701,3
3578702,3
3578708,3
3578709,3
3578710,3
3578713,3
3578714,3
3578717,3
3578724,3
3578725,3
3578727,3
3578728,3
3578734,3
3578735,3
3578737,3
3578738,3
3578739,3
3578740,3
3578743,3
3578745,3
3578750,3
3578752,3
3578753,3
3578754,3
3578756,3
3578757,3
3578758,3
3578759,3
3578761,3
3578763,3
3578764,3
3578767,3
3578768,3
3578769,3
3578770,3
3578772,3
3578773,3
3578774,3
3578775,3
3578778,3
3578780,3
3578781,3
3578782,3
3578784,3
3578787,3
3578788,3
3578790,3
3578791,3
3578792,3
3578796,3
3578797,3
3578798,3
3578799,3
3578800,3
3578801,3
3578802,3
3578803,3
3578811,3
3578812,3
3578816,3
3578821,3
3621176,3
3621177,3
3621178,3
3621179,3
3621180,3
3621181,3
3621182,3
3621183,3
3621184,3
3621185,3
3621186,3
3621187,3
3621188,3
3621189,3
3621190,3
3621191,3
3621192,3
3621193,3
3621194,3
3621195,3
3621196,3
3621197,3
3621198,3
3621199,3
3621200,3
3621201,3
3621202,3
3621203,3
3621204,3
3621205,3
3621206,3
3621207,3
3621208,3
3621209,3
3621210,3
3621211,3
3621212,3
3621213,3
3621214,3
3621216,3
3621217,3
3621218,3
3621219,3
3621220,3
3621223,3
3621224,3
3621225,3
3621226,3
3621227,3
3621228,3
3621229,3
3621230,3
3621231,3
3621232,3
3621233,3
3621234,3
3621235,3
3621236,3
3621237,3
3632400,3
3632401,3
3632402,3
3632403,3
3632404,3
3632405,3
3632406,3
3632407,3
3632408,3
3632409,3
3632410,3
3632411,3
3632412,3
3632413,3
3632414,3
3632415,3
3632416,3
3632417,3
3632418,3
3632419,3
3632420,3
3632421,3
3632422,3
3632423,3
3632424,3
3632425,3
3632426,3
3632427,3
3632428,3
3632429,3
3632430,3
3632431,3
3632432,3
3632433,3
3632434,3
3632435,3
3632436,3
3632437,3
3632438,3
3632439,3
3632440,3
3632441,3
3632442,3
3632443,3
3632444,3
3632445,3
3632446,3
3632447,3
3632448,3
3632449,3
3632450,3
3632451,3
3632452,3
3632453,3
3632454,3
3632455,3
3632456,3
3632457,3
3632458,3
3632459,3
3632482,3
3632483,3
3632484,3
3632485,3
3632486,3
3632487,3
3632488,3
3632489,3
3632490,3
3632491,3
3632492,3
3634534,3
3634535,3
3634536,3
3670788,3
3670789,3
3670790,3
3670791,3
3670838,3
3672984,3
3672985,3
3672986,3
3672987,3
3672988,3
3707624,3
3707625,3
3726434,3
3774507,3
3774508,3
3774509,3
3774511,3
3774512,3
3774513,3
3774514,3
3774515,3
3774516,3
3774517,3
3774518,3
3774519,3
3774520,3
3774521,3
3774522,3
3774523,3
3774524,3
3774525,3
3774526,3
3774527,3
3774528,3
3774529,3
3774530,3
3774531,3
3774532,3
3774533,3
3774535,3
3774536,3
3774537,3
3774538,3
3774539,3
3774540,3
3774541,3
3774542,3
3774543,3
3774544,3
3774545,3
3774546,3
3774547,3
3774548,3
3774549,3
3774550,3
3774551,3
3774552,3
3774553,3
3774554,3
3774555,3
3774556,3
3774557,3
3774558,3
3774559,3
3774560,3
3774561,3
3774562,3
3774563,3
3774564,3
3774565,3
3774566,3
3774567,3
3774569,3
3774570,3
3774571,3
3774572,3
3774573,3
3774574,3
3774575,3
3774576,3
3774577,3
3774578,3
3774579,3
3774580,3
3774581,3
3774582,3
3774583,3
3774584,3
3774585,3
3774586,3
3774587,3
3774588,3
3774589,3
3774590,3
3774593,3
3774594,3
3774595,3
3774596,3
3774597,3
3774598,3
3774599,3
3774600,3
3774601,3
3774602,3
3774603,3
3774604,3
3774605,3
3774606,3
3774607,3
3774608,3
3774609,3
3774610,3
3774611,3
3774612,3
3774613,3
3774614,3
3774615,3
3774616,3
3774617,3
3774618,3
3774619,3
3774620,3
3774622,3
3774623,3
3774624,3
3774625,3
3774627,3
3774628,3
3774629,3
3774631,3
3774632,3
3774633,3
3774634,3
3774635,3
3774636,3
3774637,3
3774638,3
3774639,3
3774640,3
3774641,3
3774642,3
3774643,3
3774644,3
3774645,3
3774646,3
3774647,3
3774648,3
3774649,3
3774650,3
3774651,3
3774652,3
3774653,3
3774654,3
3774655,3
3774656,3
3774657,3
3774658,3
3774659,3
3774660,3
3774661,3
3774662,3
3774663,3
3774664,3
3774665,3
3774666,3
3774667,3
3774668,3
3774669,3
3774670,3
3774672,3
3774673,3
3774674,3
3774675,3
3774676,3
3774677,3
3774678,3
3774679,3
3774680,3
3774681,3
3774682,3
3774683,3
3774685,3
3774686,3
3774687,3
3774688,3
3774689,3
3774690,3
3774691,3
3774692,3
3774693,3
3774694,3
3774695,3
3774696,3
3774697,3
3774698,3
3774699,3
3774700,3
3774701,3
3774702,3
3774703,3
3774704,3
3774705,3
3774706,3
3774707,3
3774708,3
3774709,3
3774710,3
3774711,3
3774713,3
3774714,3
3774715,3
3774716,3
3774717,3
3774718,3
3774720,3
3774721,3
3774722,3
3774723,3
3774724,3
3774725,3
3774726,3
3774727,3
3774728,3
3774729,3
3774730,3
3774731,3
3774732,3
3774733,3
3774735,3
3774736,3
3774737,3
3774738,3
3774740,3
3774741,3
3774742,3
3774745,3
3774746,3
3774747,3
3774748,3
3774749,3
3774751,3
3774752,3
3774753,3
3774754,3
3774755,3
3774758,3
3774759,3
3774760,3
3774763,3
3774764,3
3774765,3
3774766,3
3774767,3
3774768,3
3774769,3
3774770,3
3774771,3
3774772,3
3774773,3
3774774,3
3774775,3
3774776,3
3774777,3
3774778,3
3774779,3
3774781,3
3774782,3
3774783,3
3774784,3
3774785,3
3774786,3
3774787,3
3774788,3
3774789,3
3774790,3
3774791,3
3774792,3
3774793,3
3774794,3
3774797,3
3774798,3
3774799,3
3774800,3
3774802,3
3774803,3
3774804,3
3774805,3
3774806,3
3774807,3
3774808,3
3774809,3
3774810,3
3774811,3
3774812,3
3774813,3
3774814,3
3774815,3
3774816,3
3774817,3
3774819,3
3774820,3
3774821,3
3774822,3
3774823,3
3774824,3
3774825,3
3774826,3
3774827,3
3774828,3
3774829,3
3774830,3
3774831,3
3774832,3
3774833,3
3774834,3
3774835,3
3774836,3
3774837,3
3774838,3
3774839,3
3774840,3
3774841,3
3774842,3
3774843,3
3774844,3
3774845,3
3774846,3
3774847,3
3774848,3
3774849,3
3774850,3
3774851,3
3774852,3
3774853,3
3774854,3
3774855,3
3774856,3
3774857,3
3774858,3
3774859,3
3774861,3
3774862,3
3774863,3
3774864,3
3774865,3
3774866,3
3774867,3
3774868,3
3774869,3
3774871,3
3774873,3
3774880,3
3774881,3
3774882,3
3774883,3
3774884,3
3774885,3
3774886,3
3774887,3
3774888,3
3774889,3
3774890,3
3774891,3
3774892,3
3774893,3
3774894,3
3774895,3
3774896,3
3774897,3
3774898,3
3774899,3
3774900,3
3774901,3
3774902,3
3774903,3
3774904,3
3774905,3
3774906,3
3774907,3
3774908,3
3774909,3
3774910,3
3774911,3
3774913,3
3774915,3
3774916,3
3774917,3
3774918,3
3774919,3
3774920,3
3774921,3
3774922,3
3774923,3
3774924,3
3774925,3
3774926,3
3774927,3
3774928,3
3774929,3
3774930,3
3774931,3
3774932,3
3774933,3
3774934,3
3774935,3
3774936,3
3774937,3
3774938,3
3774939,3
3774940,3
3774941,3
3774942,3
3774943,3
3774944,3
3774945,3
3774946,3
3774947,3
3774948,3
3774949,3
3774950,3
3774951,3
3774952,3
3774953,3
3774954,3
3774955,3
3774956,3
3774957,3
3774958,3
3774959,3
3774960,3
3774961,3
3774962,3
3774963,3
3774964,3
3774965,3
3774966,3
3774967,3
3774968,3
3774969,3
3774970,3
3774971,3
3774972,3
3774973,3
3774974,3
3774975,3
3774976,3
3774977,3
3774978,3
3774979,3
3774980,3
3774981,3
3774982,3
3774983,3
3774984,3
3774985,3
3774986,3
3774987,3
3774988,3
3774989,3
3774990,3
3774991,3
3774992,3
3774993,3
3774994,3
3774995,3
3774996,3
3774997,3
3774998,3
3774999,3
3775000,3
3775001,3
3775002,3
3775003,3
3775004,3
3775005,3
3775006,3
3775007,3
3775008,3
3775009,3
3775010,3
3775011,3
3775012,3
3775013,3
3775014,3
3775015,3
3775016,3
3775017,3
3775018,3
3775019,3
3775020,3
3775021,3
3775022,3
3775023,3
3775024,3
3775025,3
3775026,3
3775027,3
3775028,3
3775029,3
3775030,3
3775031,3
3775032,3
3775033,3
3775034,3
3775035,3
3775037,3
3775038,3
3775039,3
3775040,3
3775041,3
3775042,3
3775043,3
3775044,3
3775045,3
3775046,3
3775047,3
3775048,3
3775049,3
3775050,3
3775051,3
3775052,3
3775053,3
3775055,3
3775056,3
3775057,3
3775058,3
3775059,3
3775060,3
3775061,3
3775062,3
3775063,3
3775064,3
3775065,3
3775066,3
3775067,3
3775068,3
3775069,3
3775070,3
3775071,3
3775072,3
3775073,3
3775074,3
3775075,3
3775076,3
3775077,3
3775078,3
3775079,3
3775080,3
3775081,3
3775082,3
3775083,3
3775084,3
3775085,3
3775086,3
3775087,3
3775088,3
3775089,3
3775090,3
3775091,3
3775092,3
3775093,3
3775094,3
3775095,3
3775096,3
3775097,3
3775098,3
3775099,3
3775100,3
3775101,3
3775102,3
3775103,3
3775104,3
3775105,3
3775106,3
3775107,3
3775108,3
3775109,3
3775110,3
3775113,3
3775114,3
3775115,3
3775117,3
3775118,3
3775119,3
3775120,3
3775121,3
3775122,3
3775123,3
3775124,3
3775125,3
3775126,3
3775127,3
3775128,3
3775129,3
3775130,3
3775131,3
3775132,3
3775133,3
3775134,3
3775135,3
3775136,3
3775137,3
3775138,3
3775139,3
3775140,3
3775141,3
3775142,3
3775143,3
3775144,3
3775145,3
3775146,3
3775147,3
3775148,3
3775149,3
3775150,3
3775151,3
3775152,3
3775153,3
3775154,3
3775155,3
3775156,3
3775157,3
3775158,3
3775159,3
3775160,3
3775161,3
3775162,3
3775163,3
3775164,3
3775165,3
3775166,3
3775167,3
3775168,3
3775169,3
3775170,3
3775171,3
3775172,3
3775173,3
3775174,3
3775175,3
3775176,3
3775177,3
3775178,3
3775179,3
3775180,3
3775181,3
3775182,3
3775183,3
3775184,3
3775185,3
3775186,3
3775187,3
3775188,3
3775189,3
3775190,3
3775191,3
3775192,3
3775193,3
3775194,3
3775195,3
3775196,3
3775197,3
3775198,3
3775199,3
3775200,3
3775201,3
3775202,3
3775203,3
3775204,3
3775205,3
3775206,3
3775207,3
3775208,3
3775209,3
3775210,3
3775211,3
3775212,3
3775213,3
3775214,3
3775215,3
3775216,3
3775217,3
3775218,3
3775220,3
3775221,3
3775222,3
3775223,3
3775224,3
3775225,3
3775226,3
3775227,3
3775228,3
3775229,3
3775230,3
3775231,3
3775232,3
3775233,3
3775234,3
3775235,3
3775236,3
3775237,3
3775238,3
3775239,3
3775240,3
3775241,3
3775242,3
3775244,3
3775246,3
3775247,3
3775248,3
3775249,3
3775250,3
3775251,3
3775252,3
3775253,3
3775254,3
3775255,3
3775256,3
3775257,3
3775258,3
3775259,3
3775260,3
3775261,3
3775262,3
3775263,3
3775264,3
3775265,3
3775266,3
3775267,3
3775270,3
3775271,3
3775273,3
3775274,3
3775275,3
3775278,3
3775279,3
3775280,3
3775281,3
3775283,3
3775284,3
3775285,3
3775287,3
3775288,3
3775289,3
3775290,3
3775292,3
3775293,3
3775294,3
3775295,3
3775296,3
3775297,3
3775298,3
3775299,3
3775300,3
3775301,3
3775302,3
3775303,3
3775304,3
3775305,3
3775306,3
3775307,3
3775308,3
3775309,3
3775310,3
3775311,3
3775312,3
3775313,3
3775314,3
3775315,3
3775316,3
3775317,3
3775318,3
3775319,3
3775320,3
3775321,3
3775322,3
3775323,3
3775324,3
3775325,3
3775326,3
3775327,3
3775328,3
3775329,3
3775330,3
3775331,3
3775332,3
3775333,3
3775334,3
3775335,3
3775336,3
3775337,3
3775339,3
3775340,3
3775341,3
3775342,3
3775343,3
3775344,3
3775345,3
3775346,3
3775347,3
3775348,3
3775349,3
3775350,3
3775351,3
3775352,3
3775353,3
3775354,3
3775355,3
3775356,3
3775357,3
3775359,3
3775360,3
3775361,3
3775363,3
3775364,3
3775365,3
3775366,3
3775367,3
3775368,3
3775369,3
3775370,3
3775373,3
3775375,3
3775376,3
3775378,3
3775379,3
3775380,3
3775381,3
3775382,3
3775383,3
3775384,3
3775387,3
3775389,3
3775390,3
3775391,3
3775392,3
3775393,3
3775394,3
3775395,3
3775396,3
3775397,3
3775398,3
3775401,3
3775402,3
3775403,3
3775404,3
3775405,3
3775406,3
3775407,3
3775409,3
3775410,3
3775412,3
3775413,3
3775414,3
3775415,3
3775416,3
3775417,3
3775418,3
3775419,3
3775420,3
3775421,3
3775422,3
3775423,3
3775424,3
3775425,3
3775426,3
3775427,3
3775428,3
3775429,3
3775430,3
3775431,3
3775432,3
3775433,3
3775434,3
3775435,3
3775436,3
3775438,3
3775439,3
3775440,3
3775441,3
3775442,3
3775443,3
3775444,3
3775445,3
3775446,3
3775447,3
3775448,3
3775449,3
3775450,3
3775451,3
3775452,3
3775453,3
3775454,3
3775455,3
3775456,3
3775458,3
3775459,3
3775460,3
3775461,3
3775462,3
3775463,3
3775464,3
3775465,3
3775466,3
3775467,3
3775468,3
3775469,3
3775470,3
3775471,3
3775472,3
3775473,3
3775474,3
3775475,3
3775476,3
3775478,3
3775479,3
3775480,3
3775481,3
3775482,3
3775483,3
3775484,3
3775485,3
3775486,3
3775487,3
3775488,3
3775489,3
3775490,3
3775491,3
3775492,3
3775493,3
3775494,3
3775495,3
3775496,3
3775497,3
3775498,3
3775499,3
3775500,3
3775501,3
3775502,3
3775503,3
3775505,3
3775508,3
3775509,3
3775510,3
3775511,3
3775512,3
3775513,3
3775514,3
3775515,3
3775516,3
3775517,3
3775518,3
3775519,3
3775520,3
3775521,3
3775522,3
3775523,3
3775524,3
3775525,3
3775526,3
3775527,3
3775528,3
3775529,3
3775530,3
3775531,3
3775532,3
3775533,3
3775534,3
3775535,3
3775537,3
3775538,3
3775539,3
3775540,3
3775541,3
3775542,3
3775543,3
3775544,3
3775545,3
3775546,3
3775547,3
3775548,3
3775549,3
3775550,3
3775551,3
3775552,3
3775553,3
3775554,3
3775555,3
3775556,3
3775557,3
3775558,3
3775559,3
3775562,3
3775563,3
3775564,3
3775565,3
3775566,3
3775567,3
3775568,3
3775570,3
3775571,3
3775584,3
3775585,3
3775586,3
3775587,3
3775588,3
3775589,3
3775591,3
3775593,3
3775594,3
3775595,3
3775598,3
3775599,3
3775600,3
3775601,3
3775602,3
3775603,3
3775604,3
3775605,3
3775607,3
3775608,3
3775609,3
3775612,3
3775614,3
3775615,3
3775616,3
3775618,3
3775619,3
3775620,3
3775621,3
3775622,3
3775623,3
3775624,3
3775625,3
3775626,3
3775627,3
3775629,3
3775630,3
3775631,3
3775632,3
3775633,3
3775634,3
3775635,3
3775636,3
3775637,3
3775638,3
3775639,3
3775640,3
3775641,3
3775642,3
3775643,3
3775644,3
3775650,3
3775651,3
3775652,3
3775655,3
3775656,3
3775657,3
3775659,3
3775660,3
3775661,3
3775662,3
3775663,3
3775664,3
3775665,3
3775666,3
3775667,3
3775668,3
3775669,3
3775670,3
3775671,3
3775672,3
3775673,3
3775674,3
3775675,3
3775676,3
3775677,3
3775678,3
3775679,3
3775680,3
3775681,3
3775682,3
3775683,3
3775685,3
3775686,3
3775687,3
3775688,3
3775689,3
3775690,3
3775691,3
3775692,3
3775693,3
3775694,3
3775695,3
3775696,3
3775697,3
3775698,3
3775699,3
3775700,3
3775701,3
3775702,3
3775704,3
3775705,3
3775706,3
3775707,3
3775708,3
3775709,3
3775710,3
3775711,3
3775712,3
3775713,3
3775714,3
3775715,3
3775717,3
3775718,3
3775719,3
3775720,3
3775721,3
3775722,3
3775723,3
3775724,3
3775728,3
3775730,3
3775731,3
3775732,3
3775733,3
3775734,3
3775735,3
3775736,3
3775737,3
3775738,3
3775739,3
3775740,3
3775741,3
3775742,3
3775743,3
3775744,3
3775745,3
3775746,3
3775747,3
3775748,3
3775749,3
3775750,3
3775751,3
3775752,3
3775753,3
3775754,3
3775755,3
3775756,3
3775757,3
3775758,3
3775759,3
3775760,3
3775761,3
3775762,3
3775763,3
3775764,3
3775765,3
3775766,3
3775767,3
3775768,3
3775769,3
3775770,3
3775771,3
3775772,3
3775773,3
3775774,3
3775775,3
3775776,3
3775777,3
3775778,3
3775779,3
3775780,3
3775781,3
3775782,3
3775783,3
3775784,3
3775785,3
3775786,3
3775787,3
3775788,3
3775789,3
3775790,3
3775791,3
3775792,3
3775794,3
3775795,3
3775796,3
3775797,3
3775798,3
3775799,3
3775800,3
3775801,3
3775802,3
3775803,3
3775804,3
3775805,3
3775806,3
3775807,3
3775808,3
3775810,3
3775811,3
3775812,3
3775813,3
3775814,3
3775815,3
3775816,3
3775817,3
3775818,3
3775819,3
3775820,3
3775821,3
3775822,3
3775824,3
3775825,3
3775826,3
3775827,3
3775828,3
3775829,3
3775830,3
3775831,3
3775832,3
3775833,3
3775834,3
3775835,3
3775836,3
3775837,3
3775838,3
3775839,3
3775840,3
3775841,3
3775842,3
3775843,3
3775844,3
3775845,3
3775846,3
3775847,3
3775848,3
3775849,3
3775850,3
3775851,3
3775852,3
3775853,3
3775855,3
3775856,3
3775857,3
3775858,3
3775859,3
3775860,3
3775861,3
3775863,3
3775864,3
3775865,3
3775866,3
3775867,3
3775868,3
3775869,3
3775870,3
3775871,3
3775872,3
3775873,3
3775874,3
3775875,3
3775876,3
3775878,3
3775879,3
3775880,3
3775881,3
3775885,3
3775886,3
3775887,3
3775888,3
3775889,3
3775890,3
3775891,3
3775892,3
3775894,3
3775895,3
3775896,3
3775897,3
3775898,3
3775899,3
3775900,3
3775901,3
3775902,3
3775903,3
3775904,3
3775905,3
3775906,3
3775907,3
3775908,3
3775909,3
3775910,3
3775911,3
3775912,3
3775913,3
3775914,3
3775915,3
3775916,3
3775917,3
3775918,3
3775919,3
3775920,3
3775921,3
3775922,3
3775923,3
3775924,3
3775925,3
3775926,3
3775927,3
3775928,3
3775929,3
3775930,3
3775931,3
3775932,3
3775933,3
3775934,3
3775935,3
3775936,3
3775937,3
3775938,3
3775939,3
3775940,3
3775941,3
3775942,3
3775943,3
3775944,3
3775945,3
3775946,3
3775947,3
3775948,3
3775949,3
3775950,3
3775951,3
3775952,3
3775953,3
3775954,3
3775955,3
3775956,3
3775957,3
3775958,3
3775959,3
3775960,3
3775961,3
3775962,3
3775963,3
3775964,3
3775965,3
3775966,3
3775967,3
3775968,3
3775969,3
3775970,3
3775971,3
3775972,3
3775973,3
3775974,3
3775975,3
3775976,3
3775977,3
3775978,3
3775979,3
3775981,3
3775982,3
3775983,3
3775984,3
3775985,3
3775986,3
3775987,3
3775988,3
3775989,3
3775990,3
3775991,3
3775992,3
3775993,3
3775994,3
3775995,3
3775996,3
3775997,3
3775998,3
3775999,3
3776000,3
3776001,3
3776002,3
3776003,3
3776004,3
3776005,3
3776007,3
3776008,3
3776009,3
3776010,3
3776011,3
3776012,3
3776013,3
3776014,3
3776015,3
3776016,3
3776017,3
3776018,3
3776019,3
3776020,3
3776022,3
3776023,3
3776024,3
3776025,3
3776026,3
3776027,3
3776030,3
3776032,3
3776033,3
3776034,3
3776035,3
3776036,3
3776037,3
3776038,3
3776039,3
3776040,3
3776041,3
3776042,3
3776043,3
3776044,3
3776045,3
3776050,3
3776051,3
3776052,3
3776053,3
3776054,3
3776055,3
3776056,3
3776057,3
3776058,3
3776059,3
3776061,3
3776062,3
3776063,3
3776064,3
3776065,3
3776066,3
3776077,3
3776079,3
3776080,3
3776081,3
3776082,3
3776083,3
3776085,3
3776086,3
3776087,3
3776089,3
3776090,3
3776092,3
3776093,3
3776094,3
3776095,3
3776096,3
3776097,3
3776098,3
3776099,3
3776101,3
3776102,3
3776103,3
3776104,3
3776105,3
3776106,3
3776107,3
3776108,3
3776109,3
3776110,3
3776111,3
3776112,3
3776113,3
3776114,3
3776115,3
3776116,3
3776117,3
3776118,3
3776119,3
3776120,3
3776121,3
3776122,3
3776123,3
3776124,3
3776125,3
3776126,3
3776127,3
3776128,3
3776129,3
3776130,3
3776131,3
3776132,3
3776133,3
3776134,3
3776135,3
3776136,3
3776137,3
3776138,3
3776139,3
3776140,3
3776141,3
3776142,3
3776144,3
3776145,3
3776147,3
3776148,3
3776149,3
3776150,3
3776152,3
3776153,3
3776154,3
3776156,3
3776157,3
3776158,3
3776159,3
3776161,3
3776162,3
3776163,3
3776165,3
3776166,3
3776167,3
3776168,3
3776169,3
3776170,3
3776172,3
3776173,3
3776174,3
3776175,3
3776177,3
3776178,3
3776179,3
3776180,3
3776181,3
3776182,3
3776183,3
3776184,3
3776185,3
3776186,3
3776187,3
3776190,3
3776191,3
3776192,3
3776193,3
3776194,3
3776195,3
3776197,3
3776198,3
3776200,3
3776201,3
3776202,3
3776203,3
3776204,3
3776205,3
3776206,3
3776207,3
3776208,3
3776209,3
3776210,3
3776211,3
3776212,3
3776213,3
3776215,3
3776216,3
3776217,3
3776218,3
3776219,3
3776221,3
3776222,3
3776223,3
3776224,3
3776225,3
3776226,3
3776227,3
3776228,3
3776229,3
3776230,3
3776231,3
3776232,3
3776233,3
3776234,3
3776235,3
3776236,3
3776239,3
3776240,3
3776241,3
3776242,3
3776243,3
3776244,3
3776245,3
3776246,3
3776247,3
3776248,3
3776249,3
3776250,3
3776251,3
3776253,3
3776254,3
3776255,3
3776256,3
3776258,3
3776259,3
3776260,3
3776261,3
3776262,3
3776263,3
3776264,3
3776265,3
3776266,3
3776267,3
3776268,3
3776269,3
3776270,3
3776271,3
3776272,3
3776273,3
3776274,3
3776276,3
3776277,3
3776278,3
3776279,3
3776280,3
3776282,3
3776283,3
3776284,3
3776285,3
3776286,3
3776287,3
3776288,3
3776289,3
3776290,3
3776291,3
3776293,3
3776294,3
3776295,3
3776296,3
3776299,3
3776301,3
3776302,3
3776303,3
3776304,3
3776305,3
3776306,3
3776307,3
3776308,3
3776309,3
3776310,3
3776311,3
3776312,3
3776313,3
3776314,3
3776315,3
3776316,3
3776317,3
3776318,3
3776319,3
3776320,3
3776322,3
3776323,3
3776324,3
3776325,3
3776326,3
3776327,3
3776328,3
3776329,3
3776330,3
3776331,3
3776332,3
3776333,3
3776334,3
3776335,3
3776336,3
3776337,3
3776340,3
3776341,3
3776343,3
3776344,3
3776352,3
3776353,3
3776354,3
3776355,3
3776356,3
3776357,3
3776358,3
3776359,3
3776360,3
3776361,3
3776362,3
3776364,3
3776365,3
3776366,3
3776367,3
3776368,3
3776369,3
3776370,3
3776371,3
3776372,3
3776373,3
3776374,3
3776375,3
3776376,3
3776377,3
3776378,3
3776380,3
3776381,3
3776382,3
3776383,3
3776384,3
3776387,3
3776388,3
3776392,3
3776393,3
3776394,3
3776395,3
3776396,3
3776399,3
3776400,3
3776401,3
3776402,3
3776403,3
3776404,3
3776405,3
3776406,3
3776407,3
3776408,3
3776409,3
3776410,3
3776411,3
3776412,3
3776413,3
3776414,3
3776417,3
3776418,3
3776420,3
3776421,3
3776422,3
3776423,3
3776424,3
3776425,3
3776426,3
3776427,3
3776428,3
3776429,3
3776430,3
3776431,3
3776432,3
3776433,3
3776434,3
3776435,3
3776436,3
3776438,3
3776439,3
3776440,3
3776441,3
3776442,3
3776443,3
3776444,3
3776445,3
3776446,3
3776447,3
3776448,3
3776449,3
3776451,3
3776452,3
3776453,3
3776454,3
3776455,3
3776456,3
3776457,3
3776459,3
3776460,3
3776461,3
3776462,3
3776463,3
3776464,3
3776465,3
3776466,3
3776467,3
3776468,3
3776469,3
3776470,3
3776471,3
3776472,3
3776473,3
3776474,3
3776475,3
3776476,3
3776477,3
3776478,3
3776479,3
3776480,3
3776483,3
3776485,3
3776486,3
3776487,3
3776488,3
3776490,3
3776491,3
3776492,3
3776493,3
3776494,3
3776495,3
3776496,3
3776497,3
3776498,3
3776499,3
3776500,3
3776501,3
3776502,3
3776503,3
3776504,3
3776505,3
3776506,3
3776510,3
3776511,3
3776512,3
3776513,3
3776515,3
3776516,3
3776517,3
3776518,3
3776519,3
3776520,3
3776521,3
3776522,3
3776523,3
3776525,3
3776526,3
3776528,3
3776529,3
3776530,3
3776531,3
3776532,3
3776533,3
3776534,3
3776535,3
3776536,3
3776537,3
3776538,3
3776539,3
3776540,3
3776541,3
3776542,3
3776543,3
3776544,3
3776545,3
3776546,3
3776547,3
3776548,3
3776550,3
3776551,3
3776553,3
3776554,3
3776555,3
3776556,3
3776557,3
3776558,3
3776559,3
3776560,3
3776561,3
3776562,3
3776563,3
3776569,3
3776570,3
3776571,3
3776572,3
3776573,3
3776574,3
3776579,3
3776581,3
3776582,3
3776583,3
3776584,3
3776585,3
3776586,3
3776587,3
3776588,3
3776589,3
3776590,3
3776591,3
3776592,3
3776593,3
3776594,3
3776595,3
3776596,3
3776597,3
3776598,3
3776599,3
3776600,3
3776601,3
3776602,3
3776603,3
3776604,3
3776605,3
3776606,3
3776607,3
3776612,3
3776613,3
3776614,3
3776615,3
3776618,3
3776619,3
3776620,3
3776623,3
3776626,3
3776627,3
3776629,3
3776630,3
3776631,3
3776633,3
3776634,3
3776635,3
3776636,3
3776637,3
3776638,3
3776639,3
3776640,3
3776643,3
3776644,3
3776645,3
3776646,3
3776647,3
3776650,3
3776651,3
3776652,3
3776654,3
3776655,3
3776657,3
3776658,3
3776659,3
3776660,3
3776661,3
3776662,3
3776664,3
3776665,3
3776666,3
3776667,3
3776668,3
3776669,3
3776670,3
3776671,3
3776672,3
3776673,3
3776674,3
3776675,3
3776676,3
3776678,3
3776679,3
3776680,3
3776681,3
3776682,3
3776683,3
3776685,3
3776689,3
3776690,3
3776691,3
3776692,3
3776693,3
3776694,3
3776695,3
3776696,3
3776697,3
3776698,3
3776699,3
3776700,3
3776701,3
3776702,3
3776703,3
3776704,3
3776705,3
3776706,3
3776707,3
3776708,3
3776709,3
3776711,3
3776712,3
3776713,3
3776714,3
3776715,3
3776716,3
3776717,3
3776718,3
3776720,3
3776722,3
3776723,3
3776724,3
3776725,3
3776728,3
3776729,3
3776730,3
3776731,3
3776732,3
3776734,3
3776735,3
3776736,3
3776737,3
3776738,3
3776739,3
3776740,3
3776741,3
3776742,3
3776743,3
3776744,3
3776745,3
3776746,3
3776747,3
3776748,3
3776749,3
3776750,3
3776751,3
3776752,3
3776753,3
3776754,3
3776755,3
3776756,3
3776757,3
3776758,3
3776759,3
3776760,3
3776761,3
3776762,3
3776763,3
3776764,3
3776765,3
3776766,3
3776767,3
3776768,3
3776769,3
3776770,3
3776771,3
3776772,3
3776773,3
3776774,3
3776775,3
3776777,3
3776778,3
3776779,3
3776780,3
3776781,3
3776782,3
3776783,3
3776784,3
3776785,3
3776786,3
3776787,3
3776788,3
3776789,3
3776790,3
3776792,3
3776793,3
3776794,3
3776795,3
3776796,3
3776797,3
3776798,3
3776799,3
3776800,3
3776801,3
3776802,3
3776803,3
3776804,3
3776805,3
3776806,3
3776807,3
3776808,3
3776809,3
3776810,3
3776811,3
3776812,3
3776813,3
3776814,3
3776815,3
3776816,3
3776817,3
3776819,3
3776820,3
3776821,3
3776822,3
3776823,3
3776824,3
3776825,3
3776826,3
3776829,3
3776830,3
3776831,3
3776832,3
3776833,3
3776834,3
3776835,3
3776836,3
3776837,3
3776838,3
3776839,3
3776840,3
3776841,3
3776842,3
3776843,3
3776844,3
3776845,3
3776846,3
3776847,3
3776848,3
3776849,3
3776850,3
3776851,3
3776852,3
3776853,3
3776855,3
3776856,3
3776857,3
3776858,3
3776859,3
3776860,3
3776861,3
3776862,3
3776863,3
3776864,3
3776865,3
3776866,3
3776867,3
3776868,3
3776869,3
3776870,3
3776871,3
3776872,3
3776873,3
3776874,3
3776875,3
3776876,3
3776877,3
3776879,3
3776880,3
3776881,3
3776882,3
3776883,3
3776884,3
3776885,3
3776886,3
3776887,3
3776888,3
3776889,3
3776890,3
3776891,3
3776893,3
3776894,3
3776895,3
3776896,3
3776898,3
3776899,3
3776901,3
3776902,3
3776904,3
3776907,3
3776908,3
3776910,3
3776912,3
3776913,3
3776914,3
3776915,3
3776916,3
3776917,3
3776918,3
3776919,3
3776920,3
3776921,3
3776924,3
3776925,3
3776926,3
3776927,3
3776928,3
3776930,3
3776931,3
3776933,3
3776934,3
3776935,3
3776936,3
3776937,3
3776938,3
3776939,3
3776940,3
3776941,3
3776942,3
3776943,3
3776944,3
3776945,3
3776946,3
3776947,3
3776948,3
3776956,3
3776959,3
3776960,3
3776961,3
3776962,3
3776965,3
3776966,3
3776968,3
3776969,3
3776970,3
3776972,3
3776973,3
3776974,3
3776979,3
3776980,3
3776981,3
3776982,3
3776983,3
3776984,3
3776985,3
3776987,3
3776988,3
3776989,3
3776990,3
3776991,3
3776992,3
3776993,3
3777004,3
3777005,3
3777006,3
3777007,3
3777009,3
3777010,3
3777014,3
3777015,3
3777016,3
3777017,3
3777018,3
3777020,3
3777021,3
3777022,3
3777023,3
3777024,3
3777025,3
3777026,3
3777027,3
3777028,3
3777029,3
3777030,3
3777031,3
3777032,3
3777033,3
3777034,3
3777037,3
3777038,3
3777039,3
3777040,3
3777041,3
3777043,3
3777044,3
3777045,3
3777046,3
3777049,3
3777050,3
3777052,3
3777053,3
3777054,3
3777055,3
3777056,3
3777057,3
3777058,3
3777059,3
3777060,3
3777061,3
3777062,3
3777063,3
3777065,3
3777066,3
3777067,3
3777068,3
3777069,3
3777070,3
3777071,3
3777072,3
3777073,3
3777078,3
3777079,3
3777080,3
3777081,3
3777082,3
3777083,3
3777084,3
3777085,3
3777086,3
3777087,3
3777088,3
3777089,3
3777090,3
3777091,3
3777092,3
3777093,3
3777094,3
3777095,3
3777096,3
3777098,3
3777099,3
3777100,3
3777101,3
3777102,3
3777103,3
3777104,3
3777105,3
3777106,3
3777107,3
3777109,3
3777110,3
3777111,3
3777112,3
3777113,3
3777115,3
3777116,3
3777117,3
3777118,3
3777119,3
3777120,3
3777121,3
3777122,3
3777123,3
3777125,3
3777126,3
3777127,3
3777128,3
3777129,3
3777130,3
3777131,3
3777136,3
3777137,3
3777138,3
3777139,3
3777140,3
3777141,3
3777142,3
3777143,3
3777144,3
3777145,3
3777146,3
3777147,3
3777148,3
3777149,3
3777150,3
3777151,3
3777152,3
3777153,3
3777154,3
3777155,3
3777156,3
3777157,3
3777158,3
3777159,3
3777160,3
3777161,3
3777162,3
3777163,3
3777164,3
3777165,3
3777166,3
3777167,3
3777168,3
3777169,3
3777170,3
3777171,3
3777172,3
3777174,3
3777175,3
3777176,3
3777177,3
3777178,3
3777181,3
3777182,3
3777183,3
3777184,3
3777185,3
3777186,3
3777187,3
3777188,3
3777189,3
3777190,3
3777191,3
3777192,3
3777193,3
3777194,3
3777195,3
3777196,3
3777197,3
3777198,3
3777199,3
3777200,3
3777201,3
3777202,3
3777203,3
3777205,3
3777206,3
3777207,3
3777208,3
3777209,3
3777210,3
3777211,3
3777215,3
3777216,3
3777217,3
3777218,3
3777219,3
3777220,3
3777221,3
3777222,3
3777224,3
3777225,3
3777226,3
3777227,3
3777228,3
3777229,3
3777230,3
3777231,3
3777232,3
3777233,3
3777235,3
3777236,3
3777239,3
3777240,3
3777241,3
3777242,3
3777243,3
3777244,3
3777245,3
3777246,3
3777247,3
3777248,3
3777249,3
3777250,3
3777251,3
3777252,3
3777253,3
3777254,3
3777255,3
3777258,3
3777259,3
3777260,3
3777261,3
3777262,3
3777265,3
3777266,3
3777268,3
3777269,3
3777270,3
3777271,3
3777272,3
3777274,3
3777275,3
3777276,3
3777277,3
3777278,3
3777279,3
3777280,3
3777281,3
3777282,3
3777283,3
3777284,3
3777285,3
3777287,3
3777288,3
3777289,3
3777290,3
3777291,3
3777292,3
3777293,3
3777294,3
3777295,3
3777296,3
3777297,3
3777298,3
3777299,3
3777300,3
3777301,3
3777302,3
3777303,3
3777304,3
3777305,3
3777306,3
3777307,3
3777308,3
3777310,3
3777311,3
3777312,3
3777313,3
3777315,3
3777316,3
3777317,3
3777319,3
3777320,3
3777321,3
3777322,3
3777323,3
3777324,3
3777325,3
3777326,3
3777327,3
3777328,3
3777329,3
3777330,3
3777331,3
3777332,3
3777333,3
3777334,3
3777335,3
3777336,3
3777337,3
3777338,3
3777339,3
3777341,3
3777342,3
3777343,3
3777344,3
3777345,3
3777346,3
3777347,3
3777349,3
3777350,3
3777351,3
3777352,3
3777353,3
3777354,3
3777355,3
3777356,3
3777357,3
3777358,3
3777359,3
3777360,3
3777361,3
3777362,3
3777363,3
3777364,3
3777365,3
3777367,3
3777368,3
3777369,3
3777370,3
3777371,3
3777372,3
3777373,3
3777374,3
3777375,3
3777376,3
3777377,3
3777378,3
3777379,3
3777380,3
3777381,3
3777382,3
3777383,3
3777384,3
3777386,3
3777387,3
3777388,3
3777389,3
3777390,3
3777391,3
3777392,3
3777393,3
3777394,3
3777395,3
3777396,3
3777397,3
3777398,3
3777399,3
3777400,3
3777401,3
3777402,3
3777403,3
3777407,3
3777409,3
3777411,3
3777414,3
3777419,3
3777420,3
3777425,3
3777426,3
3777427,3
3777428,3
3777429,3
3777431,3
3777432,3
3777437,3
3777439,3
3777440,3
3777441,3
3777442,3
3777443,3
3777444,3
3777445,3
3777446,3
3777447,3
3777449,3
3777450,3
3777451,3
3777452,3
3777453,3
3777454,3
3777455,3
3777456,3
3777457,3
3777458,3
3777459,3
3777460,3
3777461,3
3777463,3
3777464,3
3777465,3
3777466,3
3777467,3
3777468,3
3777469,3
3777470,3
3777471,3
3777472,3
3777473,3
3777474,3
3777475,3
3777476,3
3777477,3
3777478,3
3777480,3
3777481,3
3777482,3
3777483,3
3777484,3
3777485,3
3777486,3
3777487,3
3777488,3
3777491,3
3777492,3
3777493,3
3777494,3
3777495,3
3777496,3
3777497,3
3777498,3
3777499,3
3777500,3
3777501,3
3777504,3
3777505,3
3777506,3
3777507,3
3777508,3
3777509,3
3777510,3
3777511,3
3777512,3
3777513,3
3777514,3
3777515,3
3777517,3
3777519,3
3777521,3
3777522,3
3777523,3
3777524,3
3777525,3
3777526,3
3777527,3
3777528,3
3777529,3
3777530,3
3777531,3
3777532,3
3777533,3
3777534,3
3777535,3
3777536,3
3777537,3
3777538,3
3777539,3
3777540,3
3777541,3
3777542,3
3777543,3
3777544,3
3777545,3
3777546,3
3777547,3
3777548,3
3777549,3
3777550,3
3777552,3
3777553,3
3777554,3
3777555,3
3777556,3
3777557,3
3777558,3
3777559,3
3777563,3
3777564,3
3777566,3
3777567,3
3777568,3
3777569,3
3777571,3
3777574,3
3777575,3
3777576,3
3777578,3
3777579,3
3777580,3
3777581,3
3777582,3
3777585,3
3777586,3
3777587,3
3777590,3
3777592,3
3777593,3
3777595,3
3777596,3
3777598,3
3777599,3
3777600,3
3777601,3
3777604,3
3777607,3
3777608,3
3777609,3
3777610,3
3777611,3
3777613,3
3777614,3
3777615,3
3777616,3
3777617,3
3777618,3
3777620,3
3777621,3
3777623,3
3777624,3
3777625,3
3777626,3
3777627,3
3777628,3
3777629,3
3777630,3
3777631,3
3777633,3
3777634,3
3777638,3
3777639,3
3777640,3
3777641,3
3777642,3
3777643,3
3777644,3
3777645,3
3777647,3
3777648,3
3777649,3
3777650,3
3777651,3
3777652,3
3777653,3
3777654,3
3777655,3
3777656,3
3777657,3
3777658,3
3777659,3
3777660,3
3777661,3
3777662,3
3777663,3
3777664,3
3777665,3
3777666,3
3777667,3
3777668,3
3777669,3
3777670,3
3777671,3
3777672,3
3777673,3
3777676,3
3777677,3
3777679,3
3777680,3
3777681,3
3777682,3
3777683,3
3777685,3
3777686,3
3777687,3
3777710,3
3777711,3
3777712,3
3777713,3
3777714,3
3777715,3
3777716,3
3777717,3
3777718,3
3777719,3
3777720,3
3777721,3
3777722,3
3777723,3
3777724,3
3777726,3
3777727,3
3777728,3
3777731,3
3777732,3
3777733,3
3777734,3
3777735,3
3777736,3
3777737,3
3777738,3
3777739,3
3777740,3
3777741,3
3777742,3
3777743,3
3777744,3
3777745,3
3777746,3
3777747,3
3777748,3
3777749,3
3777751,3
3777752,3
3777753,3
3777754,3
3777755,3
3777756,3
3777757,3
3777758,3
3777759,3
3777760,3
3777761,3
3777762,3
3777763,3
3777764,3
3777765,3
3777766,3
3777767,3
3777768,3
3777770,3
3777772,3
3777773,3
3777774,3
3777775,3
3777776,3
3777777,3
3777778,3
3777779,3
3777780,3
3777781,3
3777782,3
3777783,3
3777784,3
3777785,3
3777786,3
3777787,3
3777788,3
3777789,3
3777790,3
3777791,3
3777792,3
3777793,3
3777794,3
3777796,3
3777798,3
3777800,3
3777801,3
3777802,3
3777803,3
3777804,3
3777805,3
3777806,3
3777807,3
3777810,3
3777811,3
3777812,3
3777813,3
3777815,3
3777816,3
3777817,3
3777818,3
3777819,3
3777820,3
3777821,3
3777823,3
3777824,3
3777826,3
3777827,3
3777828,3
3777830,3
3777831,3
3777832,3
3777833,3
3777834,3
3777835,3
3777836,3
3777837,3
3777838,3
3777839,3
3777840,3
3777841,3
3777842,3
3777843,3
3784774,3
3822180,3
3822181,3
3824181,3
3824182,3
3824183,3
3824184,3
3824185,3
3824186,3
3824647,3
3824648,3
3824650,3
3824652,3
3824653,3
3824654,3
3824657,3
3824662,3
3824663,3
3824665,3
3824666,3
3824667,3
3824668,3
3824669,3
3824670,3
3824671,3
3824672,3
3824673,3
3824674,3
3824675,3
3824676,3
3824677,3
3824678,3
3824679,3
3824680,3
3824682,3
3824683,3
3824684,3
3824686,3
3824687,3
3824688,3
3824690,3
3824692,3
3824693,3
3824694,3
3824695,3
3824696,3
3824697,3
3824699,3
3824700,3
3824701,3
3824702,3
3824703,3
3824704,3
3824705,3
3824706,3
3824707,3
3824708,3
3824710,3
3824711,3
3824715,3
3824718,3
3824719,3
3824720,3
3824721,3
3824722,3
3824723,3
3824724,3
3824725,3
3824726,3
3824727,3
3824728,3
3824729,3
3824730,3
3824731,3
3824732,3
3824733,3
3824740,3
3824741,3
3824742,3
3824743,3
3824745,3
3824746,3
3824747,3
3824749,3
3824752,3
3824753,3
3824754,3
3824757,3
3824758,3
3824759,3
3824760,3
3824763,3
3824764,3
3824765,3
3824771,3
3824772,3
3824773,3
3824774,3
3824775,3
3824776,3
3824777,3
3824778,3
3824779,3
3824780,3
3824781,3
3824782,3
3824783,3
3824784,3
3824785,3
3824786,3
3824790,3
3824791,3
3824792,3
3824796,3
3824797,3
3824798,3
3824799,3
3824800,3
3824801,3
3824802,3
3824803,3
3824804,3
3824805,3
3824806,3
3824807,3
3824808,3
3824814,3
3824815,3
3824816,3
3824817,3
3824818,3
3824819,3
3824820,3
3824821,3
3824822,3
3824823,3
3824824,3
3824825,3
3824827,3
3824828,3
3824833,3
3824834,3
3824835,3
3824837,3
3824838,3
3824839,3
3824840,3
3824841,3
3824842,3
3824843,3
3824844,3
3824845,3
3824846,3
3824848,3
3824849,3
3824850,3
3824851,3
3824852,3
3824853,3
3824854,3
3824857,3
3824858,3
3824859,3
3824860,3
3824861,3
3824862,3
3824863,3
3824865,3
3824866,3
3824867,3
3824868,3
3824869,3
3824870,3
3824871,3
3824872,3
3824873,3
3824874,3
3824875,3
3824876,3
3824877,3
3824878,3
3824879,3
3824880,3
3824881,3
3824882,3
3824883,3
3824884,3
3824885,3
3824886,3
3824889,3
3824890,3
3824891,3
3824892,3
3824893,3
3824894,3
3824895,3
3824896,3
3824897,3
3824898,3
3824899,3
3824900,3
3824901,3
3824902,3
3824903,3
3824904,3
3824905,3
3824906,3
3824907,3
3824908,3
3824909,3
3824910,3
3824911,3
3824912,3
3824913,3
3824914,3
3824915,3
3824916,3
3824917,3
3824918,3
3824919,3
3824921,3
3824922,3
3824923,3
3824924,3
3824925,3
3824926,3
3824927,3
3824928,3
3824930,3
3824931,3
3824934,3
3824935,3
3824936,3
3824937,3
3824938,3
3824939,3
3824940,3
3824941,3
3824942,3
3824943,3
3824944,3
3824945,3
3824946,3
3824947,3
3824948,3
3824949,3
3824950,3
3824951,3
3824952,3
3824953,3
3824954,3
3824955,3
3824956,3
3824957,3
3824958,3
3824959,3
3824960,3
3824961,3
3824962,3
3824963,3
3824964,3
3824966,3
3824967,3
3824968,3
3824969,3
3824970,3
3824971,3
3824972,3
3824973,3
3824974,3
3824975,3
3824976,3
3824977,3
3824978,3
3824979,3
3824980,3
3824982,3
3824983,3
3824984,3
3824985,3
3824986,3
3824987,3
3824988,3
3824989,3
3824990,3
3824991,3
3824992,3
3824993,3
3824994,3
3824995,3
3824996,3
3824997,3
3824998,3
3824999,3
3825000,3
3825001,3
3825002,3
3825003,3
3825004,3
3825005,3
3825006,3
3825007,3
3825008,3
3825009,3
3825010,3
3825011,3
3825012,3
3825013,3
3825014,3
3825015,3
3825016,3
3825017,3
3825018,3
3825019,3
3825020,3
3825021,3
3825022,3
3825023,3
3825024,3
3825025,3
3825026,3
3825027,3
3825028,3
3825029,3
3825030,3
3825031,3
3825032,3
3825033,3
3825034,3
3825035,3
3825036,3
3825037,3
3825040,3
3825041,3
3825042,3
3825043,3
3825044,3
3825046,3
3825047,3
3825048,3
3825049,3
3825050,3
3825051,3
3825052,3
3825053,3
3825054,3
3825057,3
3825058,3
3825059,3
3825060,3
3825061,3
3825062,3
3825063,3
3825064,3
3825065,3
3825066,3
3825067,3
3825068,3
3825069,3
3825071,3
3825072,3
3825073,3
3825074,3
3825077,3
3825078,3
3825079,3
3825080,3
3825081,3
3825082,3
3825083,3
3825084,3
3825086,3
3825087,3
3825089,3
3825090,3
3825103,3
3825104,3
3825105,3
3825106,3
3825107,3
3825108,3
3825109,3
3825110,3
3825111,3
3825112,3
3825113,3
3825114,3
3825115,3
3825116,3
3825117,3
3825119,3
3825122,3
3825125,3
3825126,3
3825127,3
3825128,3
3825129,3
3825136,3
3825137,3
3825138,3
3825139,3
3825140,3
3825141,3
3825142,3
3825143,3
3825144,3
3825145,3
3825146,3
3825175,3
3825176,3
3825177,3
3825179,3
3825206,3
3825207,3
3825231,3
3825232,3
3825233,3
3825264,3
3825265,3
3825266,3
3825267,3
3825268,3
3825269,3
3825270,3
3825271,3
3825272,3
3825276,3
3825277,3
3825278,3
3825285,3
3825289,3
3825290,3
3825291,3
3825292,3
3825293,3
3825295,3
3825296,3
3825297,3
3825298,3
3825299,3
3825300,3
3825301,3
3825302,3
3825303,3
3825304,3
3825305,3
3825306,3
3825307,3
3825308,3
3825309,3
3825310,3
3825311,3
3825318,3
3825319,3
3825320,3
3825321,3
3825322,3
3825323,3
3825324,3
3825325,3
3825326,3
3825327,3
3825328,3
3825335,3
3825336,3
3825338,3
3825340,3
3825341,3
3825343,3
3825345,3
3825348,3
3825361,3
3825364,3
3825374,3
3825375,3
3825378,3
3825381,3
3825397,3
3825398,3
3825399,3
3825400,3
3825401,3
3825402,3
3825403,3
3825404,3
3825405,3
3825406,3
3825407,3
3825408,3
3825409,3
3825410,3
3825411,3
3825412,3
3825413,3
3825414,3
3825415,3
3825416,3
3825417,3
3825418,3
3825419,3
3825423,3
3825424,3
3825427,3
3825428,3
3825429,3
3825430,3
3825431,3
3825432,3
3825433,3
3825434,3
3825438,3
3825439,3
3825440,3
3825441,3
3825442,3
3825443,3
3825444,3
3825445,3
3825447,3
3825449,3
3825451,3
3825453,3
3825454,3
3825455,3
3825456,3
3825457,3
3825465,3
3825466,3
3825467,3
3825469,3
3825470,3
3825471,3
3825472,3
3825473,3
3825474,3
3825475,3
3825476,3
3825477,3
3825478,3
3825479,3
3825480,3
3825481,3
3825482,3
3825483,3
3825485,3
3825486,3
3825487,3
3825488,3
3825489,3
3825490,3
3825491,3
3825492,3
3825493,3
3825494,3
3825495,3
3825496,3
3825497,3
3825498,3
3825499,3
3825500,3
3825501,3
3825502,3
3825503,3
3825504,3
3825505,3
3825506,3
3825507,3
3825508,3
3825509,3
3825510,3
3825511,3
3825514,3
3825515,3
3825516,3
3825517,3
3825518,3
3825519,3
3825520,3
3825521,3
3825522,3
3825523,3
3825524,3
3825525,3
3825526,3
3825527,3
3825528,3
3825530,3
3825531,3
3825532,3
3825533,3
3825534,3
3825535,3
3825536,3
3825537,3
3825538,3
3825540,3
3825541,3
3825542,3
3825543,3
3825544,3
3825545,3
3825546,3
3825547,3
3825548,3
3825549,3
3825550,3
3825551,3
3825552,3
3825553,3
3825554,3
3825555,3
3825556,3
3825557,3
3825558,3
3825559,3
3825560,3
3825561,3
3825562,3
3825563,3
3825564,3
3825565,3
3825566,3
3825567,3
3825568,3
3825569,3
3825570,3
3825571,3
3825572,3
3825573,3
3825574,3
3825575,3
3825576,3
3825577,3
3825578,3
3825580,3
3825581,3
3825582,3
3825583,3
3825584,3
3825585,3
3825588,3
3825589,3
3825591,3
3825592,3
3825593,3
3825594,3
3825595,3
3825596,3
3825597,3
3825598,3
3825599,3
3825600,3
3825601,3
3825602,3
3825603,3
3825604,3
3825605,3
3825606,3
3825607,3
3825608,3
3825609,3
3825610,3
3825611,3
3825612,3
3825613,3
3825614,3
3825615,3
3825616,3
3825617,3
3825618,3
3825619,3
3825620,3
3825621,3
3825622,3
3825623,3
3825624,3
3825625,3
3825626,3
3825627,3
3825628,3
3825629,3
3825631,3
3825632,3
3825633,3
3825634,3
3825635,3
3825636,3
3825637,3
3825638,3
3825643,3
3825650,3
3825651,3
3825654,3
3825655,3
3825656,3
3825657,3
3825658,3
3825659,3
3825660,3
3825661,3
3825662,3
3825663,3
3825666,3
3825667,3
3825668,3
3825669,3
3825672,3
3825673,3
3825674,3
3825675,3
3825676,3
3825677,3
3825678,3
3825679,3
3825680,3
3825681,3
3825682,3
3825683,3
3825684,3
3825687,3
3825688,3
3825695,3
3825696,3
3825697,3
3825698,3
3825699,3
3825700,3
3825701,3
3825702,3
3825703,3
3825704,3
3825705,3
3825706,3
3825707,3
3825708,3
3825709,3
3825710,3
3825711,3
3825712,3
3825713,3
3825714,3
3825715,3
3825716,3
3825717,3
3825718,3
3825719,3
3825720,3
3825721,3
3825722,3
3825723,3
3825724,3
3825725,3
3825726,3
3825727,3
3825728,3
3825730,3
3825731,3
3825736,3
3825737,3
3825738,3
3825739,3
3825740,3
3825741,3
3825742,3
3825743,3
3825744,3
3825745,3
3825746,3
3825747,3
3825748,3
3825750,3
3825751,3
3825752,3
3825755,3
3825756,3
3825759,3
3825760,3
3825765,3
3825766,3
3825769,3
3825770,3
3825771,3
3825772,3
3825774,3
3825775,3
3825778,3
3825779,3
3825783,3
3825784,3
3825785,3
3825786,3
3825787,3
3825788,3
3825792,3
3825795,3
3825796,3
3825797,3
3825798,3
3825799,3
3825800,3
3825801,3
3825802,3
3825803,3
3825808,3
3825809,3
3825810,3
3825811,3
3825812,3
3825813,3
3825814,3
3825815,3
3825817,3
3825822,3
3825825,3
3825826,3
3825827,3
3825828,3
3825829,3
3825830,3
3825831,3
3825832,3
3825833,3
3825834,3
3825835,3
3825836,3
3825837,3
3825838,3
3825839,3
3825840,3
3825841,3
3825842,3
3825843,3
3825844,3
3825845,3
3825846,3
3825847,3
3825848,3
3825849,3
3825850,3
3825851,3
3825852,3
3825853,3
3825854,3
3825855,3
3825856,3
3825857,3
3825858,3
3825859,3
3825860,3
3825861,3
3825862,3
3825863,3
3825864,3
3825865,3
3825866,3
3825867,3
3825868,3
3825869,3
3825870,3
3825871,3
3825872,3
3825873,3
3825874,3
3825875,3
3825876,3
3825877,3
3825878,3
3825879,3
3825880,3
3825881,3
3825882,3
3825883,3
3825884,3
3825885,3
3825886,3
3825887,3
3825888,3
3825889,3
3825890,3
3825891,3
3825892,3
3825893,3
3825894,3
3825895,3
3825896,3
3825897,3
3825898,3
3825899,3
3825900,3
3825901,3
3825902,3
3825903,3
3825905,3
3825906,3
3825907,3
3825908,3
3825910,3
3825911,3
3825912,3
3825913,3
3825914,3
3825915,3
3825916,3
3825917,3
3825918,3
3825919,3
3825920,3
3825921,3
3825922,3
3825923,3
3825924,3
3825925,3
3825926,3
3825927,3
3825928,3
3825929,3
3825930,3
3825931,3
3825932,3
3825933,3
3825934,3
3825935,3
3825936,3
3825937,3
3825938,3
3825941,3
3825943,3
3825944,3
3825945,3
3825946,3
3825947,3
3825948,3
3825949,3
3825950,3
3825951,3
3825952,3
3825953,3
3825954,3
3825956,3
3825958,3
3825959,3
3825960,3
3825964,3
3825965,3
3825966,3
3825967,3
3825968,3
3825969,3
3825970,3
3825971,3
3825972,3
3825973,3
3825974,3
3825975,3
3825976,3
3825977,3
3825978,3
3825979,3
3825980,3
3825981,3
3825982,3
3825983,3
3825984,3
3825985,3
3825986,3
3825987,3
3825989,3
3825993,3
3825995,3
3825996,3
3825997,3
3825999,3
3826000,3
3826003,3
3826004,3
3826005,3
3826006,3
3826007,3
3826008,3
3826019,3
3826020,3
3826022,3
3826024,3
3826026,3
3826028,3
3826030,3
3826034,3
3826037,3
3826046,3
3826047,3
3826051,3
3826056,3
3826058,3
3826059,3
3826060,3
3826061,3
3826062,3
3826063,3
3826064,3
3826065,3
3826066,3
3826067,3
3826070,3
3826073,3
3826074,3
3826075,3
3826076,3
3826080,3
3826084,3
3826085,3
3826086,3
3826087,3
3826088,3
3826089,3
3826090,3
3826091,3
3826092,3
3826093,3
3826095,3
3826096,3
3826097,3
3826098,3
3826099,3
3826100,3
3826102,3
3826103,3
3826106,3
3826107,3
3826108,3
3826109,3
3826111,3
3826114,3
3826123,3
3826126,3
3826127,3
3826128,3
3826129,3
3826130,3
3826131,3
3826138,3
3826139,3
3826140,3
3826141,3
3826150,3
3826154,3
3826157,3
3826158,3
3826159,3
3826162,3
3826163,3
3826164,3
3826166,3
3826167,3
3826168,3
3826169,3
3826170,3
3826171,3
3826172,3
3826174,3
3826176,3
3826177,3
3826178,3
3826179,3
3826180,3
3826182,3
3826183,3
3826184,3
3826185,3
3826187,3
3826188,3
3826189,3
3826191,3
3826192,3
3826193,3
3826196,3
3826197,3
3826198,3
3826202,3
3826203,3
3826204,3
3826205,3
3826207,3
3826208,3
3826218,3
3826219,3
3826220,3
3826221,3
3826222,3
3826223,3
3826224,3
3826225,3
3826226,3
3826227,3
3826228,3
3826229,3
3826230,3
3826231,3
3826237,3
3826238,3
3826239,3
3826240,3
3826241,3
3826242,3
3826243,3
3826244,3
3826245,3
3826246,3
3826247,3
3826248,3
3826249,3
3826250,3
3826251,3
3826252,3
3826253,3
3826254,3
3826255,3
3826256,3
3826257,3
3826258,3
3826259,3
3826260,3
3826261,3
3826262,3
3826263,3
3826264,3
3826265,3
3826266,3
3826267,3
3826268,3
3826269,3
3826270,3
3826271,3
3826277,3
3826278,3
3826279,3
3826280,3
3826282,3
3826283,3
3826284,3
3826285,3
3826286,3
3826287,3
3826288,3
3826289,3
3826290,3
3826291,3
3826292,3
3826293,3
3826294,3
3826295,3
3826296,3
3826297,3
3826298,3
3826299,3
3826300,3
3826301,3
3826302,3
3826303,3
3826304,3
3826307,3
3826308,3
3826309,3
3826310,3
3826311,3
3826312,3
3826313,3
3826314,3
3826315,3
3826316,3
3826317,3
3826318,3
3826319,3
3826320,3
3826321,3
3826322,3
3826323,3
3826324,3
3826326,3
3826327,3
3826330,3
3826331,3
3826332,3
3826333,3
3826334,3
3826336,3
3826337,3
3826339,3
3826340,3
3826341,3
3826342,3
3826343,3
3826344,3
3826345,3
3826346,3
3826347,3
3826348,3
3826349,3
3826350,3
3826351,3
3826352,3
3826353,3
3826354,3
3826355,3
3826356,3
3826357,3
3826358,3
3826359,3
3826360,3
3826361,3
3826362,3
3826363,3
3826364,3
3826365,3
3826366,3
3826367,3
3826368,3
3826369,3
3826370,3
3826371,3
3826372,3
3826373,3
3826374,3
3826375,3
3826376,3
3826377,3
3826378,3
3826379,3
3826380,3
3826381,3
3826382,3
3826383,3
3826384,3
3826385,3
3826386,3
3826387,3
3826388,3
3826389,3
3826390,3
3826391,3
3826393,3
3826394,3
3826395,3
3826396,3
3826397,3
3826398,3
3826399,3
3826400,3
3826401,3
3826402,3
3826403,3
3826404,3
3826406,3
3826407,3
3826408,3
3826409,3
3826410,3
3826412,3
3826413,3
3826414,3
3826415,3
3826416,3
3826417,3
3826418,3
3826420,3
3826421,3
3826422,3
3826423,3
3826424,3
3826425,3
3826426,3
3826427,3
3826428,3
3826429,3
3826430,3
3826431,3
3826432,3
3826434,3
3826438,3
3826439,3
3826440,3
3826441,3
3826442,3
3826443,3
3826444,3
3826445,3
3826446,3
3826449,3
3826450,3
3826451,3
3826452,3
3826453,3
3826454,3
3826455,3
3826456,3
3826457,3
3826458,3
3826459,3
3826460,3
3826462,3
3826463,3
3826465,3
3826466,3
3826467,3
3826468,3
3826469,3
3826470,3
3826471,3
3826472,3
3826473,3
3826474,3
3826475,3
3826476,3
3826477,3
3826478,3
3826479,3
3826480,3
3826481,3
3826482,3
3826483,3
3826484,3
3826485,3
3826486,3
3826487,3
3826488,3
3826489,3
3826490,3
3826491,3
3826492,3
3826493,3
3826494,3
3826495,3
3826496,3
3826497,3
3826498,3
3826499,3
3826500,3
3826501,3
3826502,3
3826503,3
3826504,3
3826505,3
3826517,3
3826518,3
3826519,3
3826520,3
3826521,3
3826522,3
3826523,3
3826524,3
3826525,3
3826526,3
3826527,3
3826528,3
3826529,3
3826530,3
3826531,3
3826532,3
3826533,3
3826534,3
3826535,3
3826536,3
3826537,3
3826538,3
3826539,3
3826540,3
3826541,3
3826542,3
3826543,3
3826544,3
3826545,3
3826546,3
3826547,3
3826548,3
3826549,3
3826550,3
3826551,3
3826552,3
3826553,3
3826554,3
3826555,3
3826556,3
3826557,3
3826558,3
3826559,3
3826560,3
3826561,3
3826562,3
3826563,3
3826564,3
3826565,3
3826566,3
3826567,3
3826570,3
3826571,3
3826572,3
3826573,3
3826575,3
3826576,3
3826577,3
3826578,3
3826579,3
3826580,3
3826581,3
3826582,3
3826583,3
3826584,3
3826585,3
3826586,3
3826587,3
3826588,3
3826591,3
3826592,3
3826593,3
3826594,3
3826595,3
3826596,3
3826597,3
3826598,3
3826599,3
3826600,3
3826601,3
3826603,3
3826604,3
3826609,3
3826614,3
3826615,3
3826617,3
3826618,3
3826619,3
3826620,3
3826621,3
3826622,3
3826623,3
3826624,3
3826625,3
3826626,3
3826627,3
3826628,3
3826629,3
3826633,3
3826636,3
3826637,3
3826638,3
3826639,3
3826640,3
3826641,3
3826642,3
3826645,3
3826648,3
3826649,3
3826650,3
3826651,3
3826652,3
3826653,3
3826656,3
3826657,3
3826658,3
3826659,3
3826660,3
3826661,3
3826662,3
3826663,3
3826664,3
3826665,3
3826666,3
3826667,3
3826668,3
3826669,3
3826670,3
3826671,3
3826672,3
3826673,3
3826675,3
3826676,3
3826677,3
3826678,3
3826679,3
3826680,3
3826681,3
3826682,3
3826683,3
3826684,3
3826685,3
3826686,3
3826687,3
3826690,3
3826691,3
3826692,3
3826693,3
3826695,3
3826697,3
3826698,3
3826700,3
3826701,3
3826702,3
3826703,3
3826705,3
3826706,3
3826707,3
3826708,3
3826709,3
3826710,3
3826712,3
3826713,3
3826714,3
3826715,3
3826716,3
3826717,3
3826718,3
3826719,3
3826720,3
3826721,3
3826722,3
3826727,3
3826729,3
3826730,3
3826731,3
3826732,3
3826733,3
3826734,3
3826735,3
3826736,3
3826737,3
3826738,3
3826739,3
3826740,3
3826741,3
3826742,3
3826746,3
3826747,3
3826748,3
3826750,3
3826751,3
3826752,3
3826753,3
3826757,3
3826758,3
3826759,3
3826760,3
3826761,3
3826762,3
3826763,3
3826764,3
3826765,3
3826766,3
3826768,3
3826769,3
3826770,3
3826771,3
3826772,3
3826773,3
3826774,3
3826775,3
3826776,3
3826777,3
3826778,3
3826779,3
3826781,3
3826782,3
3826783,3
3826784,3
3826786,3
3826787,3
3826788,3
3826789,3
3826790,3
3826791,3
3826794,3
3826795,3
3826796,3
3826797,3
3826798,3
3826799,3
3826800,3
3826801,3
3826802,3
3826805,3
3826806,3
3826807,3
3826808,3
3826809,3
3826810,3
3826811,3
3826812,3
3826813,3
3826814,3
3826816,3
3826817,3
3826818,3
3826819,3
3826820,3
3826821,3
3826822,3
3826823,3
3826824,3
3826825,3
3826826,3
3826827,3
3826828,3
3826829,3
3826832,3
3826833,3
3826837,3
3826842,3
3826843,3
3826844,3
3826845,3
3826846,3
3826849,3
3826850,3
3826851,3
3826852,3
3826853,3
3826854,3
3826855,3
3826856,3
3826857,3
3826858,3
3826859,3
3826860,3
3826861,3
3826862,3
3826864,3
3826865,3
3826866,3
3826869,3
3826870,3
3826872,3
3826873,3
3826874,3
3826875,3
3826876,3
3826877,3
3826878,3
3826882,3
3826883,3
3826884,3
3826885,3
3826890,3
3826891,3
3826892,3
3826899,3
3826900,3
3826901,3
3826903,3
3826904,3
3826905,3
3826906,3
3826907,3
3826911,3
3826912,3
3826915,3
3826916,3
3826917,3
3826918,3
3826919,3
3826920,3
3826922,3
3826923,3
3826925,3
3826926,3
3826927,3
3826929,3
3826931,3
3826933,3
3826935,3
3826936,3
3826937,3
3826939,3
3826940,3
3826941,3
3826943,3
3826945,3
3826947,3
3826948,3
3826950,3
3826951,3
3826952,3
3826953,3
3826954,3
3826955,3
3826956,3
3826957,3
3826958,3
3826959,3
3826960,3
3826963,3
3826964,3
3826965,3
3826966,3
3826967,3
3826970,3
3826971,3
3826972,3
3826973,3
3826974,3
3826975,3
3826976,3
3826977,3
3826978,3
3826979,3
3826980,3
3826981,3
3826982,3
3826983,3
3826984,3
3826985,3
3826986,3
3826987,3
3826988,3
3826989,3
3826990,3
3826991,3
3826995,3
3826997,3
3826998,3
3826999,3
3827000,3
3827001,3
3827002,3
3827009,3
3827010,3
3827011,3
3827012,3
3827013,3
3827014,3
3827015,3
3827016,3
3827018,3
3827019,3
3827020,3
3827021,3
3827022,3
3827023,3
3827024,3
3827025,3
3827026,3
3827027,3
3827029,3
3827031,3
3827033,3
3827034,3
3827041,3
3827042,3
3827043,3
3827044,3
3827046,3
3827049,3
3827051,3
3827052,3
3827053,3
3827054,3
3827055,3
3827056,3
3827057,3
3827058,3
3827059,3
3827061,3
3827062,3
3827063,3
3827064,3
3827065,3
3827066,3
3827067,3
3827070,3
3827071,3
3827072,3
3827073,3
3827074,3
3827075,3
3827076,3
3827077,3
3827078,3
3827079,3
3827080,3
3827081,3
3827083,3
3827085,3
3827086,3
3827087,3
3827088,3
3827089,3
3827090,3
3827091,3
3827092,3
3827093,3
3827095,3
3827096,3
3827097,3
3827098,3
3827099,3
3827101,3
3827102,3
3827103,3
3827105,3
3827106,3
3827107,3
3827108,3
3827109,3
3827110,3
3827111,3
3827112,3
3827113,3
3827114,3
3827117,3
3827118,3
3827120,3
3827121,3
3827123,3
3827124,3
3827125,3
3827126,3
3827127,3
3827128,3
3827129,3
3827130,3
3827131,3
3827132,3
3827133,3
3827134,3
3827135,3
3827136,3
3827137,3
3827139,3
3827141,3
3827142,3
3827143,3
3827144,3
3827145,3
3827146,3
3827147,3
3827148,3
3827149,3
3827150,3
3827151,3
3827152,3
3827153,3
3827154,3
3827155,3
3827156,3
3827157,3
3827158,3
3827159,3
3827161,3
3827162,3
3827163,3
3827164,3
3827165,3
3827167,3
3827172,3
3827173,3
3827174,3
3827175,3
3827176,3
3827177,3
3827178,3
3827179,3
3827180,3
3827182,3
3827186,3
3827187,3
3827189,3
3827190,3
3827191,3
3827192,3
3827193,3
3827195,3
3827197,3
3827199,3
3827201,3
3827202,3
3827203,3
3827204,3
3827205,3
3827206,3
3827207,3
3827208,3
3827210,3
3827211,3
3827213,3
3827214,3
3827215,3
3827217,3
3827218,3
3827220,3
3827221,3
3827222,3
3827223,3
3827224,3
3827225,3
3827226,3
3827227,3
3827229,3
3827230,3
3827237,3
3827238,3
3827239,3
3827240,3
3827241,3
3827243,3
3827244,3
3827246,3
3827247,3
3827248,3
3827251,3
3827252,3
3827253,3
3827254,3
3827255,3
3827256,3
3827257,3
3827258,3
3827259,3
3827260,3
3827263,3
3827264,3
3827265,3
3827269,3
3827273,3
3827311,3
3827313,3
3827314,3
3827315,3
3827316,3
3827318,3
3827319,3
3827321,3
3827322,3
3827324,3
3827325,3
3827327,3
3827329,3
3827330,3
3827332,3
3827340,3
3827343,3
3827344,3
3827345,3
3827346,3
3827347,3
3827348,3
3827349,3
3827350,3
3827351,3
3827354,3
3827355,3
3827356,3
3827357,3
3827359,3
3827364,3
3827365,3
3827367,3
3827369,3
3827370,3
3827372,3
3827373,3
3827375,3
3827376,3
3827377,3
3827391,3
3827392,3
3827394,3
3827395,3
3827396,3
3827397,3
3827403,3
3827405,3
3827406,3
3827410,3
3827411,3
3827414,3
3827416,3
3827418,3
3827420,3
3827421,3
3827422,3
3827423,3
3827424,3
3827425,3
3827433,3
3827435,3
3827437,3
3827438,3
3827439,3
3827440,3
3827441,3
3827442,3
3827443,3
3827444,3
3827445,3
3827446,3
3827447,3
3827448,3
3827449,3
3827451,3
3827454,3
3827458,3
3827462,3
3827464,3
3827466,3
3827467,3
3827468,3
3827469,3
3827470,3
3827471,3
3827473,3
3827474,3
3827475,3
3827476,3
3827477,3
3827478,3
3827479,3
3827480,3
3827481,3
3827483,3
3827484,3
3827485,3
3827489,3
3827496,3
3827497,3
3827499,3
3827501,3
3827504,3
3827505,3
3827506,3
3827507,3
3827508,3
3827511,3
3827513,3
3827518,3
3827519,3
3827522,3
3827526,3
3827528,3
3827529,3
3827530,3
3827531,3
3827532,3
3827533,3
3827534,3
3827535,3
3827536,3
3827537,3
3827538,3
3827539,3
3827540,3
3827541,3
3827542,3
3827543,3
3827544,3
3827545,3
3827546,3
3827547,3
3827548,3
3827549,3
3827550,3
3827551,3
3827552,3
3827553,3
3827554,3
3827555,3
3827556,3
3827557,3
3827558,3
3827559,3
3827560,3
3827561,3
3827562,3
3827564,3
3827565,3
3827566,3
3827567,3
3827568,3
3827569,3
3827570,3
3827575,3
3827576,3
3827578,3
3827580,3
3827581,3
3827583,3
3827584,3
3827586,3
3827587,3
3827588,3
3827592,3
3827593,3
3827600,3
3827601,3
3827602,3
3827604,3
3827605,3
3827606,3
3827607,3
3827608,3
3827609,3
3827610,3
3827611,3
3827612,3
3827613,3
3827615,3
3827616,3
3827618,3
3827619,3
3827620,3
3827621,3
3827622,3
3827623,3
3827631,3
3827633,3
3827634,3
3827635,3
3827637,3
3827639,3
3827640,3
3827641,3
3827642,3
3827643,3
3827644,3
3827645,3
3827646,3
3827647,3
3827648,3
3827649,3
3827650,3
3827651,3
3827652,3
3827653,3
3827654,3
3827656,3
3827658,3
3827659,3
3827660,3
3827661,3
3827662,3
3827663,3
3827664,3
3827665,3
3827667,3
3827668,3
3827669,3
3827670,3
3827671,3
3827672,3
3827673,3
3827674,3
3827675,3
3827677,3
3827678,3
3827679,3
3827681,3
3827682,3
3827683,3
3827687,3
3827688,3
3827690,3
3827691,3
3827692,3
3827694,3
3827695,3
3827697,3
3827698,3
3827699,3
3827700,3
3827703,3
3827704,3
3827705,3
3827706,3
3827709,3
3827711,3
3827712,3
3827713,3
3827714,3
3827721,3
3827723,3
3827724,3
3827726,3
3827732,3
3827733,3
3827734,3
3827735,3
3827736,3
3827737,3
3827738,3
3827739,3
3827743,3
3827744,3
3827747,3
3827748,3
3827749,3
3827750,3
3827751,3
3827755,3
3827757,3
3827760,3
3827761,3
3827762,3
3827764,3
3827765,3
3827766,3
3827767,3
3827770,3
3827776,3
3827777,3
3827781,3
3827783,3
3827785,3
3827786,3
3827787,3
3827788,3
3827789,3
3827790,3
3827791,3
3827793,3
3827794,3
3827800,3
3827801,3
3827806,3
3827807,3
3827808,3
3827809,3
3827810,3
3827812,3
3827813,3
3827814,3
3827815,3
3827816,3
3827819,3
3827821,3
3827822,3
3827824,3
3827825,3
3827827,3
3827828,3
3827829,3
3827830,3
3827831,3
3827832,3
3827834,3
3827843,3
3827845,3
3827858,3
3827859,3
3827862,3
3827864,3
3827865,3
3827868,3
3827870,3
3827874,3
3827875,3
3827876,3
3827877,3
3827878,3
3827879,3
3827880,3
3827881,3
3827882,3
3827883,3
3827884,3
3827885,3
3827886,3
3827887,3
3827888,3
3827889,3
3827890,3
3827891,3
3827892,3
3827893,3
3827894,3
3827895,3
3827896,3
3827897,3
3827904,3
3827909,3
3827910,3
3827911,3
3827912,3
3827913,3
3827914,3
3827915,3
3827916,3
3827917,3
3827920,3
3827921,3
3827922,3
3827923,3
3827926,3
3827927,3
3827928,3
3827929,3
3827930,3
3827931,3
3827932,3
3827933,3
3827934,3
3827935,3
3827936,3
3827937,3
3827938,3
3827940,3
3827941,3
3827943,3
3827944,3
3827945,3
3827946,3
3827948,3
3827951,3
3827954,3
3827956,3
3827961,3
3827962,3
3827963,3
3827965,3
3827966,3
3827968,3
3827970,3
3828670,3
3828671,3
3834810,3
3834811,3
3834812,3
3834813,3
3834814,3
3834815,3
3848128,3
3848129,3
3869106,3
3869131,3
3869140,3
3869152,3
3869230,3
3869231,3
3869239,3
3869272,3
3869273,3
3869274,3
3869275,3
3869277,3
3869279,3
3869280,3
3869281,3
3869282,3
3869283,3
3869284,3
3869285,3
3869286,3
3869287,3
3869288,3
3869289,3
3869290,3
3869291,3
3869293,3
3869294,3
3869296,3
3869297,3
3869298,3
3869299,3
3869300,3
3869301,3
3869302,3
3869305,3
3869306,3
3869307,3
3869308,3
3869309,3
3869310,3
3869313,3
3869314,3
3869315,3
3869316,3
3869317,3
3869319,3
3869320,3
3869321,3
3869322,3
3869323,3
3869324,3
3869325,3
3869326,3
3869327,3
3869329,3
3869331,3
3869332,3
3869333,3
3869334,3
3869335,3
3869336,3
3869337,3
3869338,3
3869339,3
3869343,3
3869345,3
3869346,3
3869347,3
3869348,3
3869349,3
3869350,3
3869351,3
3869352,3
3869353,3
3869354,3
3869355,3
3869356,3
3869360,3
3869361,3
3869362,3
3869363,3
3869364,3
3869365,3
3869366,3
3869367,3
3869368,3
3869369,3
3869370,3
3869371,3
3869373,3
3869374,3
3869375,3
3869376,3
3869473,3
3869557,3
3869561,3
3870643,3
3870644,3
3870645,3
3870646,3
3870647,3
3871084,3
3871198,3
3871199,3
3871200,3
3871201,3
3871202,3
3871203,3
3871204,3
3871205,3
3871206,3
3871207,3
3871210,3
3871212,3
3871213,3
3871214,3
3871215,3
3871217,3
3871218,3
3871219,3
3878706,3
3878708,3
3878709,3
3878710,3
3878711,3
3878712,3
3878713,3
3878714,3
3878715,3
3878716,3
3878717,3
3878718,3
3878719,3
3878720,3
3878721,3
3883571,3
3888816,3
3888817,3
3888818,3
3888819,3
3888820,3
3888821,3
3888822,3
3888823,3
3888824,3
3888825,3
3888826,3
3888827,3
3888828,3
3888829,3
3888830,3
3888831,3
3888832,3
3888833,3
3888834,3
3888835,3
3888836,3
3888837,3
3888838,3
3888839,3
3888840,3
3888841,3
3888842,3
3888843,3
3888844,3
3888845,3
3888846,3
3888847,3
3888848,3
3888849,3
3888850,3
3888851,3
3888852,3
3888853,3
3888854,3
3888855,3
3888856,3
3888857,3
3888858,3
3888859,3
3888860,3
3888861,3
3888862,3
3888863,3
3888864,3
3888865,3
3888866,3
3888867,3
3888868,3
3888869,3
3888870,3
3888871,3
3888872,3
3888873,3
3888874,3
3888875,3
3888876,3
3888877,3
3888878,3
3888879,3
3888880,3
3888881,3
3888882,3
3888885,3
3888886,3
3888887,3
3888888,3
3888889,3
3888890,3
3888892,3
3888895,3
3888896,3
3888897,3
3888898,3
3888899,3
3888900,3
3888901,3
3888902,3
3888903,3
3888904,3
3888905,3
3888906,3
3888907,3
3888908,3
3888909,3
3888910,3
3888911,3
3888912,3
3888913,3
3888914,3
3888915,3
3888916,3
3888917,3
3888918,3
3888919,3
3888920,3
3888921,3
3888922,3
3888923,3
3888924,3
3888925,3
3888926,3
3888927,3
3888928,3
3888929,3
3888930,3
3888931,3
3888932,3
3888933,3
3888934,3
3888935,3
3888936,3
3888937,3
3888938,3
3888939,3
3888940,3
3888941,3
3888942,3
3888943,3
3888944,3
3888945,3
3888946,3
3888947,3
3888948,3
3888949,3
3888950,3
3888951,3
3888952,3
3888953,3
3888954,3
3888955,3
3888956,3
3888957,3
3888958,3
3888959,3
3888960,3
3888962,3
3888965,3
3888966,3
3888967,3
3888970,3
3888971,3
3888972,3
3888973,3
3888974,3
3888975,3
3888976,3
3888977,3
3888979,3
3888980,3
3888981,3
3888982,3
3888983,3
3888985,3
3888986,3
3888987,3
3888988,3
3888992,3
3888993,3
3888994,3
3888995,3
3888996,3
3888997,3
3888998,3
3888999,3
3889000,3
3889001,3
3889002,3
3889003,3
3889004,3
3889005,3
3889006,3
3889007,3
3889009,3
3889010,3
3889011,3
3889012,3
3889013,3
3889015,3
3889016,3
3889017,3
3889019,3
3889020,3
3889021,3
3889022,3
3889023,3
3889024,3
3889025,3
3889026,3
3889027,3
3889028,3
3889029,3
3889031,3
3889033,3
3889035,3
3889036,3
3889037,3
3889038,3
3889039,3
3889040,3
3889041,3
3889042,3
3889043,3
3889044,3
3889045,3
3889046,3
3889047,3
3889048,3
3889049,3
3889050,3
3889051,3
3889052,3
3889053,3
3889054,3
3889055,3
3889056,3
3889057,3
3889058,3
3889059,3
3889060,3
3889061,3
3889062,3
3889063,3
3889064,3
3889065,3
3889066,3
3889067,3
3889068,3
3889069,3
3889070,3
3889071,3
3889072,3
3889073,3
3889074,3
3889075,3
3889076,3
3889077,3
3889078,3
3889079,3
3889080,3
3889081,3
3889082,3
3889083,3
3889084,3
3889085,3
3889086,3
3889087,3
3889088,3
3889089,3
3889090,3
3889091,3
3889092,3
3889093,3
3889094,3
3889095,3
3889096,3
3889097,3
3889098,3
3889099,3
3889100,3
3889101,3
3889102,3
3889103,3
3889104,3
3889105,3
3889106,3
3889107,3
3889108,3
3889109,3
3889110,3
3889113,3
3889114,3
3889115,3
3889116,3
3889117,3
3889118,3
3889119,3
3889120,3
3889121,3
3889122,3
3889123,3
3889124,3
3889125,3
3889126,3
3889127,3
3889128,3
3889129,3
3889130,3
3889131,3
3889132,3
3889133,3
3889134,3
3889135,3
3889136,3
3889137,3
3889138,3
3889139,3
3889140,3
3889141,3
3889142,3
3889143,3
3889144,3
3889145,3
3889146,3
3889147,3
3889148,3
3889150,3
3889151,3
3889152,3
3889153,3
3889154,3
3889155,3
3889156,3
3889157,3
3889159,3
3889160,3
3889161,3
3889162,3
3889163,3
3889164,3
3889165,3
3889166,3
3889167,3
3889168,3
3889169,3
3889170,3
3889172,3
3889173,3
3889174,3
3889175,3
3889176,3
3889177,3
3889178,3
3889179,3
3889180,3
3889181,3
3889182,3
3889183,3
3889184,3
3889185,3
3889186,3
3889187,3
3889188,3
3889189,3
3889190,3
3889191,3
3889192,3
3889193,3
3889194,3
3889195,3
3889196,3
3889197,3
3889198,3
3889199,3
3889200,3
3889201,3
3889202,3
3889203,3
3889204,3
3889205,3
3889206,3
3889207,3
3889208,3
3889209,3
3889210,3
3889211,3
3889212,3
3889213,3
3889214,3
3889215,3
3889216,3
3889217,3
3889218,3
3889219,3
3889220,3
3889221,3
3889222,3
3889223,3
3889224,3
3889225,3
3889226,3
3889227,3
3889228,3
3889229,3
3889230,3
3889231,3
3889232,3
3889233,3
3889234,3
3889235,3
3889236,3
3889237,3
3889238,3
3889239,3
3889240,3
3889241,3
3889242,3
3889243,3
3889244,3
3889245,3
3889246,3
3889247,3
3889248,3
3889249,3
3889250,3
3889251,3
3889252,3
3889253,3
3889254,3
3889255,3
3889256,3
3889257,3
3889258,3
3889259,3
3889260,3
3889261,3
3889262,3
3889263,3
3889264,3
3889265,3
3889266,3
3889267,3
3889268,3
3889269,3
3889270,3
3889271,3
3889272,3
3889273,3
3889274,3
3889275,3
3889276,3
3889277,3
3889278,3
3889279,3
3889280,3
3889281,3
3889282,3
3889283,3
3889284,3
3889285,3
3889286,3
3889287,3
3889288,3
3889289,3
3889290,3
3889291,3
3889292,3
3889293,3
3889294,3
3889295,3
3889296,3
3889297,3
3889298,3
3889299,3
3889300,3
3889301,3
3889302,3
3889303,3
3889304,3
3889305,3
3889306,3
3889307,3
3889308,3
3889309,3
3889310,3
3889311,3
3889312,3
3889313,3
3889314,3
3889315,3
3889316,3
3889317,3
3889318,3
3889319,3
3889320,3
3889321,3
3889322,3
3889323,3
3889324,3
3889325,3
3889326,3
3889327,3
3889328,3
3889329,3
3889330,3
3889331,3
3889332,3
3889333,3
3889334,3
3889335,3
3889336,3
3889337,3
3889338,3
3889339,3
3889340,3
3889341,3
3889342,3
3889343,3
3889344,3
3889345,3
3889346,3
3889347,3
3889348,3
3889349,3
3889350,3
3889351,3
3889352,3
3889353,3
3889354,3
3889355,3
3889356,3
3889357,3
3889358,3
3889359,3
3889360,3
3889361,3
3889362,3
3889363,3
3889364,3
3889365,3
3889366,3
3889367,3
3889368,3
3889370,3
3889371,3
3889372,3
3889373,3
3889374,3
3889375,3
3889376,3
3889377,3
3889378,3
3889379,3
3889380,3
3889381,3
3889382,3
3889383,3
3889384,3
3889385,3
3889386,3
3889387,3
3889388,3
3889389,3
3889390,3
3889391,3
3889392,3
3889393,3
3889394,3
3889395,3
3889396,3
3889397,3
3889398,3
3889400,3
3889401,3
3889402,3
3889403,3
3889404,3
3889406,3
3889407,3
3889409,3
3889410,3
3889411,3
3889412,3
3889413,3
3889414,3
3889415,3
3889416,3
3889417,3
3889418,3
3889419,3
3889420,3
3889421,3
3889422,3
3889423,3
3889424,3
3889425,3
3889426,3
3889427,3
3889428,3
3889429,3
3889430,3
3889431,3
3889432,3
3889433,3
3889434,3
3889436,3
3889437,3
3889438,3
3889439,3
3889440,3
3889441,3
3889443,3
3889444,3
3889445,3
3889446,3
3889447,3
3889448,3
3889449,3
3889450,3
3889451,3
3889452,3
3889453,3
3889454,3
3889455,3
3889456,3
3889457,3
3889458,3
3889459,3
3889460,3
3889461,3
3889462,3
3889463,3
3889464,3
3889465,3
3889466,3
3889467,3
3889468,3
3889469,3
3889470,3
3889471,3
3889472,3
3889473,3
3889474,3
3889475,3
3889476,3
3889477,3
3889478,3
3889479,3
3889480,3
3889481,3
3889482,3
3889483,3
3889484,3
3889485,3
3889486,3
3889487,3
3889488,3
3889489,3
3889490,3
3889491,3
3889492,3
3889493,3
3889494,3
3889495,3
3889496,3
3889497,3
3889498,3
3889499,3
3889500,3
3889501,3
3889502,3
3889503,3
3889504,3
3889505,3
3889506,3
3889507,3
3889508,3
3889509,3
3889510,3
3889511,3
3889512,3
3889513,3
3889514,3
3889515,3
3889516,3
3889517,3
3889518,3
3889519,3
3889520,3
3889521,3
3889522,3
3889523,3
3889524,3
3889525,3
3889526,3
3889527,3
3889528,3
3889529,3
3889530,3
3889531,3
3889532,3
3889533,3
3889534,3
3889535,3
3889536,3
3889537,3
3889538,3
3889539,3
3889540,3
3889541,3
3889542,3
3889543,3
3889544,3
3889545,3
3889546,3
3889547,3
3889548,3
3889549,3
3889550,3
3889551,3
3889554,3
3889555,3
3889556,3
3889557,3
3889559,3
3889560,3
3889561,3
3889562,3
3889563,3
3889564,3
3889565,3
3889566,3
3889567,3
3889568,3
3889569,3
3889570,3
3889571,3
3889572,3
3889573,3
3889574,3
3889575,3
3889576,3
3889577,3
3889578,3
3889579,3
3889580,3
3889581,3
3889582,3
3889583,3
3889584,3
3889585,3
3889586,3
3889587,3
3889588,3
3889589,3
3889590,3
3889591,3
3889592,3
3889593,3
3889594,3
3889595,3
3889596,3
3889597,3
3889598,3
3889599,3
3889600,3
3889601,3
3889602,3
3889603,3
3889604,3
3889605,3
3889606,3
3889607,3
3889608,3
3889609,3
3889610,3
3889611,3
3889612,3
3889613,3
3889614,3
3889615,3
3889616,3
3889617,3
3889618,3
3889619,3
3889620,3
3889621,3
3889622,3
3889623,3
3889624,3
3889625,3
3889626,3
3889627,3
3889628,3
3889629,3
3889630,3
3889631,3
3889632,3
3889633,3
3889634,3
3889635,3
3889636,3
3889637,3
3889638,3
3889639,3
3889640,3
3889641,3
3889642,3
3889643,3
3889644,3
3889645,3
3889646,3
3889647,3
3889648,3
3889649,3
3889650,3
3889651,3
3889652,3
3889653,3
3889654,3
3889655,3
3889656,3
3889657,3
3889658,3
3889659,3
3889660,3
3889661,3
3889662,3
3889663,3
3889664,3
3889665,3
3889666,3
3889667,3
3889668,3
3889669,3
3889670,3
3889671,3
3889672,3
3889673,3
3889674,3
3889675,3
3889676,3
3889677,3
3889678,3
3889679,3
3889680,3
3889681,3
3889682,3
3889683,3
3889684,3
3889685,3
3889686,3
3889687,3
3889688,3
3889689,3
3889690,3
3889691,3
3889692,3
3889693,3
3889694,3
3889695,3
3889696,3
3889697,3
3889698,3
3889699,3
3889700,3
3889701,3
3889702,3
3889703,3
3889704,3
3889705,3
3889706,3
3889707,3
3889708,3
3889709,3
3889710,3
3889711,3
3889712,3
3889713,3
3889714,3
3889715,3
3889716,3
3889717,3
3889718,3
3889719,3
3889720,3
3889721,3
3889722,3
3889723,3
3889724,3
3889725,3
3889726,3
3889727,3
3889728,3
3889729,3
3889730,3
3889731,3
3889732,3
3889733,3
3889734,3
3889735,3
3889736,3
3889737,3
3889738,3
3889739,3
3889740,3
3889741,3
3889742,3
3889743,3
3889744,3
3889745,3
3889746,3
3889747,3
3889748,3
3889749,3
3889750,3
3889751,3
3889752,3
3889753,3
3889754,3
3889755,3
3889756,3
3889757,3
3889758,3
3889759,3
3889760,3
3889761,3
3889762,3
3889763,3
3889764,3
3889765,3
3889766,3
3889767,3
3889768,3
3889769,3
3889770,3
3889771,3
3889772,3
3889773,3
3889774,3
3889775,3
3889776,3
3889777,3
3889778,3
3889779,3
3889780,3
3889781,3
3889782,3
3889783,3
3889784,3
3889785,3
3889786,3
3889787,3
3889788,3
3889789,3
3889790,3
3889791,3
3889792,3
3889793,3
3889794,3
3889795,3
3889796,3
3889797,3
3889798,3
3889799,3
3889800,3
3889801,3
3889802,3
3889803,3
3889804,3
3889805,3
3889806,3
3889807,3
3889808,3
3889809,3
3889810,3
3889811,3
3889812,3
3889813,3
3889814,3
3889815,3
3889816,3
3889817,3
3889818,3
3889819,3
3889820,3
3889821,3
3889822,3
3889823,3
3889824,3
3889825,3
3889826,3
3889827,3
3889828,3
3889829,3
3889830,3
3889831,3
3889832,3
3889833,3
3889834,3
3889835,3
3889836,3
3889837,3
3889838,3
3889839,3
3889840,3
3889841,3
3889842,3
3889843,3
3889844,3
3889845,3
3889846,3
3889847,3
3889848,3
3889849,3
3889850,3
3889851,3
3889852,3
3889853,3
3889854,3
3889855,3
3889856,3
3889857,3
3889858,3
3889859,3
3889860,3
3889861,3
3889862,3
3889863,3
3889864,3
3889865,3
3889866,3
3889867,3
3889868,3
3889869,3
3889870,3
3889871,3
3889872,3
3889873,3
3889874,3
3889875,3
3889876,3
3889877,3
3889878,3
3889879,3
3889880,3
3889881,3
3889882,3
3889883,3
3889884,3
3889885,3
3889886,3
3889887,3
3889888,3
3889889,3
3889890,3
3889891,3
3889893,3
3889894,3
3889895,3
3889896,3
3889897,3
3889898,3
3889899,3
3889900,3
3889901,3
3889902,3
3889903,3
3889904,3
3889905,3
3889906,3
3889907,3
3889908,3
3889909,3
3889910,3
3889911,3
3889912,3
3889913,3
3889914,3
3889915,3
3889916,3
3889917,3
3889918,3
3889919,3
3889920,3
3889921,3
3889922,3
3889923,3
3889924,3
3889925,3
3889926,3
3889927,3
3889928,3
3889929,3
3889930,3
3889931,3
3889932,3
3889933,3
3889934,3
3889935,3
3889936,3
3889937,3
3889938,3
3889939,3
3889940,3
3889941,3
3889942,3
3889943,3
3889944,3
3889947,3
3889948,3
3889949,3
3889950,3
3889951,3
3889952,3
3889953,3
3889954,3
3889955,3
3889956,3
3889957,3
3889958,3
3889959,3
3889960,3
3889961,3
3889962,3
3889963,3
3889964,3
3889965,3
3889966,3
3889967,3
3889968,3
3889969,3
3889970,3
3889971,3
3889972,3
3889973,3
3889974,3
3889975,3
3889976,3
3889977,3
3889978,3
3889979,3
3889980,3
3889982,3
3889983,3
3889984,3
3889985,3
3889986,3
3889987,3
3889988,3
3889989,3
3889990,3
3889991,3
3889992,3
3889993,3
3889994,3
3889995,3
3889996,3
3889997,3
3889998,3
3889999,3
3890000,3
3890001,3
3890002,3
3890003,3
3890004,3
3890005,3
3890006,3
3890007,3
3890008,3
3890009,3
3890010,3
3890011,3
3890012,3
3890013,3
3890014,3
3890015,3
3890016,3
3890017,3
3890018,3
3890019,3
3890020,3
3890021,3
3890022,3
3890023,3
3890024,3
3890025,3
3890026,3
3890027,3
3890028,3
3890029,3
3890030,3
3890031,3
3890032,3
3890033,3
3890034,3
3890035,3
3890036,3
3890037,3
3890038,3
3890039,3
3890040,3
3890041,3
3890042,3
3890043,3
3890044,3
3890045,3
3890046,3
3890047,3
3890048,3
3890049,3
3890050,3
3890051,3
3890052,3
3890053,3
3890054,3
3890055,3
3890056,3
3890057,3
3890058,3
3890059,3
3890060,3
3890063,3
3890064,3
3890065,3
3890066,3
3890067,3
3890068,3
3890069,3
3890070,3
3890071,3
3890072,3
3890074,3
3890075,3
3890076,3
3890077,3
3890078,3
3890079,3
3890080,3
3890081,3
3890082,3
3890083,3
3890084,3
3890085,3
3890086,3
3890087,3
3890088,3
3890089,3
3890090,3
3890091,3
3890092,3
3890093,3
3890094,3
3890095,3
3890096,3
3890097,3
3890098,3
3890099,3
3890100,3
3890101,3
3890102,3
3890103,3
3890104,3
3890105,3
3890106,3
3890107,3
3890108,3
3890109,3
3890110,3
3890111,3
3890112,3
3890113,3
3890114,3
3890115,3
3890116,3
3890117,3
3890118,3
3890119,3
3890120,3
3890121,3
3890122,3
3890123,3
3890124,3
3890125,3
3890126,3
3890127,3
3890128,3
3890129,3
3890130,3
3890131,3
3890132,3
3890133,3
3890134,3
3890135,3
3890136,3
3890137,3
3890138,3
3890139,3
3890140,3
3890141,3
3890142,3
3890143,3
3890144,3
3890145,3
3890146,3
3890147,3
3890148,3
3890149,3
3890150,3
3890151,3
3890152,3
3890153,3
3890154,3
3890155,3
3890156,3
3890157,3
3890158,3
3890159,3
3890160,3
3890161,3
3890162,3
3890163,3
3890164,3
3890165,3
3890166,3
3890167,3
3890168,3
3890169,3
3890170,3
3890171,3
3890172,3
3890173,3
3890174,3
3890175,3
3890176,3
3890177,3
3890178,3
3890179,3
3890180,3
3890181,3
3890182,3
3890183,3
3890184,3
3890185,3
3890186,3
3890187,3
3890188,3
3890189,3
3890190,3
3890191,3
3890192,3
3890193,3
3890194,3
3890195,3
3890196,3
3890197,3
3890198,3
3890199,3
3890200,3
3890201,3
3890202,3
3890203,3
3890204,3
3890205,3
3890206,3
3890207,3
3890208,3
3890209,3
3890210,3
3890211,3
3890212,3
3890213,3
3890214,3
3890216,3
3890217,3
3890218,3
3890219,3
3890220,3
3890221,3
3890222,3
3890223,3
3890224,3
3890225,3
3890226,3
3890227,3
3890228,3
3890229,3
3890230,3
3890231,3
3890232,3
3890233,3
3890234,3
3890235,3
3890236,3
3890237,3
3890238,3
3890239,3
3890240,3
3890241,3
3890242,3
3890243,3
3890244,3
3890245,3
3890246,3
3890247,3
3890248,3
3890249,3
3890250,3
3890251,3
3890252,3
3890253,3
3890254,3
3890255,3
3890256,3
3890257,3
3890258,3
3890259,3
3890260,3
3890261,3
3890262,3
3890263,3
3890264,3
3890265,3
3890266,3
3890267,3
3890268,3
3890269,3
3890270,3
3890271,3
3890272,3
3890273,3
3890274,3
3890275,3
3890276,3
3890277,3
3890278,3
3890279,3
3890280,3
3890281,3
3890282,3
3890283,3
3890284,3
3890285,3
3890286,3
3890287,3
3890288,3
3890289,3
3890290,3
3890291,3
3890292,3
3890293,3
3890294,3
3890295,3
3890296,3
3890297,3
3890298,3
3890299,3
3890300,3
3890301,3
3890302,3
3890303,3
3890304,3
3890305,3
3890306,3
3890307,3
3890308,3
3890309,3
3890310,3
3890311,3
3890312,3
3890313,3
3890314,3
3890315,3
3890316,3
3890317,3
3890318,3
3890319,3
3890320,3
3890321,3
3890322,3
3890323,3
3890324,3
3890325,3
3890326,3
3890327,3
3890328,3
3890329,3
3890330,3
3890331,3
3890332,3
3890333,3
3890334,3
3890335,3
3890336,3
3890337,3
3890338,3
3890339,3
3890340,3
3890341,3
3890342,3
3890343,3
3890344,3
3890345,3
3890346,3
3890347,3
3890348,3
3890349,3
3890350,3
3890351,3
3890352,3
3890353,3
3890354,3
3890355,3
3890356,3
3890357,3
3890358,3
3890359,3
3890360,3
3890361,3
3890362,3
3890363,3
3890364,3
3890365,3
3890366,3
3890367,3
3890368,3
3890369,3
3890370,3
3890371,3
3890372,3
3890373,3
3890374,3
3890375,3
3890376,3
3890377,3
3890378,3
3890379,3
3890380,3
3890381,3
3890382,3
3890383,3
3890384,3
3890385,3
3890386,3
3890387,3
3890388,3
3890389,3
3890390,3
3890391,3
3890392,3
3890393,3
3890394,3
3890395,3
3890396,3
3890397,3
3890398,3
3890399,3
3890400,3
3890401,3
3890402,3
3890403,3
3890404,3
3890405,3
3890406,3
3890407,3
3890408,3
3890409,3
3890410,3
3890411,3
3890412,3
3890413,3
3890414,3
3890415,3
3890416,3
3890417,3
3890418,3
3890419,3
3890420,3
3890421,3
3890422,3
3890423,3
3890424,3
3890425,3
3890426,3
3890431,3
3890432,3
3890433,3
3890434,3
3890435,3
3890436,3
3890437,3
3890438,3
3890439,3
3890440,3
3890441,3
3890442,3
3890443,3
3890444,3
3890445,3
3890446,3
3890447,3
3890448,3
3890449,3
3890450,3
3890451,3
3890452,3
3890453,3
3890454,3
3890455,3
3890456,3
3890458,3
3890459,3
3890460,3
3890461,3
3890462,3
3890463,3
3890464,3
3890465,3
3890466,3
3890467,3
3890468,3
3890469,3
3890470,3
3890471,3
3890472,3
3890473,3
3890474,3
3890475,3
3890476,3
3890477,3
3890478,3
3890479,3
3890480,3
3890481,3
3890482,3
3890483,3
3890484,3
3890485,3
3890486,3
3890487,3
3890488,3
3890489,3
3890490,3
3890491,3
3890493,3
3890494,3
3890495,3
3890496,3
3890497,3
3890498,3
3890499,3
3890500,3
3890501,3
3890502,3
3890503,3
3890504,3
3890505,3
3890506,3
3890507,3
3890508,3
3890509,3
3890510,3
3890511,3
3890512,3
3890513,3
3890514,3
3890515,3
3890516,3
3890517,3
3890518,3
3890519,3
3890520,3
3890521,3
3890522,3
3890523,3
3890524,3
3890525,3
3890526,3
3890527,3
3890528,3
3890529,3
3890530,3
3890531,3
3890532,3
3890533,3
3890534,3
3890535,3
3890536,3
3890537,3
3890538,3
3890539,3
3890540,3
3890541,3
3890542,3
3890543,3
3890544,3
3890545,3
3890546,3
3890547,3
3890548,3
3890549,3
3890550,3
3890551,3
3890552,3
3890553,3
3890554,3
3890555,3
3890556,3
3890557,3
3890558,3
3890559,3
3890560,3
3890561,3
3890562,3
3890563,3
3890564,3
3890565,3
3890566,3
3890567,3
3890568,3
3890569,3
3890570,3
3890571,3
3890572,3
3890573,3
3890574,3
3890575,3
3890576,3
3890577,3
3890578,3
3890579,3
3890580,3
3890581,3
3890582,3
3890583,3
3890584,3
3890585,3
3890586,3
3890587,3
3890588,3
3890589,3
3890590,3
3890591,3
3890592,3
3890593,3
3890594,3
3890595,3
3890596,3
3890597,3
3890598,3
3890599,3
3890600,3
3890601,3
3890602,3
3890603,3
3890604,3
3890605,3
3890606,3
3890607,3
3890608,3
3890609,3
3890610,3
3890611,3
3890612,3
3890613,3
3890614,3
3890615,3
3890616,3
3890617,3
3890618,3
3890619,3
3890620,3
3890621,3
3890622,3
3890623,3
3890624,3
3890625,3
3890626,3
3890627,3
3890628,3
3890629,3
3890630,3
3890631,3
3890632,3
3890633,3
3890634,3
3890635,3
3890636,3
3890637,3
3890638,3
3890639,3
3890640,3
3890641,3
3890642,3
3890643,3
3890644,3
3890645,3
3890646,3
3890647,3
3890648,3
3890649,3
3890650,3
3890651,3
3890652,3
3890653,3
3890654,3
3890655,3
3890656,3
3890657,3
3890658,3
3890659,3
3890660,3
3890661,3
3890662,3
3890663,3
3890664,3
3890665,3
3890666,3
3890667,3
3890668,3
3890669,3
3890670,3
3890671,3
3890672,3
3890673,3
3890674,3
3890675,3
3890676,3
3890677,3
3890678,3
3890679,3
3890680,3
3890681,3
3890682,3
3890684,3
3890685,3
3890686,3
3890687,3
3890688,3
3890689,3
3890690,3
3890691,3
3890692,3
3890693,3
3890694,3
3890695,3
3890696,3
3890697,3
3890698,3
3890699,3
3890700,3
3890701,3
3890702,3
3890703,3
3890704,3
3890705,3
3890706,3
3890707,3
3890708,3
3890709,3
3890710,3
3890711,3
3890712,3
3890713,3
3890714,3
3890715,3
3890716,3
3890718,3
3890719,3
3890720,3
3890721,3
3890722,3
3890723,3
3890724,3
3890725,3
3890726,3
3890727,3
3890728,3
3890729,3
3890730,3
3890731,3
3890732,3
3890733,3
3890734,3
3890736,3
3890737,3
3890738,3
3890739,3
3890740,3
3890741,3
3890742,3
3890743,3
3890744,3
3890745,3
3890746,3
3890747,3
3890748,3
3890749,3
3890750,3
3890751,3
3890752,3
3890753,3
3890754,3
3890755,3
3890756,3
3890757,3
3890758,3
3890759,3
3890760,3
3890761,3
3890762,3
3890763,3
3890764,3
3890765,3
3890766,3
3890767,3
3890768,3
3890769,3
3890770,3
3890771,3
3890772,3
3890773,3
3890774,3
3890775,3
3890776,3
3890777,3
3890778,3
3890779,3
3890780,3
3890781,3
3890782,3
3890783,3
3890784,3
3890785,3
3890786,3
3890787,3
3890788,3
3890789,3
3890790,3
3890791,3
3890792,3
3890793,3
3890794,3
3890795,3
3890796,3
3890797,3
3890798,3
3890799,3
3890800,3
3890801,3
3890802,3
3890803,3
3890804,3
3890805,3
3890806,3
3890807,3
3890808,3
3890809,3
3890810,3
3890811,3
3890812,3
3890813,3
3890814,3
3890815,3
3890816,3
3890817,3
3890818,3
3890819,3
3890820,3
3890821,3
3890822,3
3890823,3
3890824,3
3890825,3
3890826,3
3890827,3
3890828,3
3890829,3
3890830,3
3890831,3
3890832,3
3890838,3
3890839,3
3890840,3
3890841,3
3890842,3
3890843,3
3890844,3
3890845,3
3890846,3
3890847,3
3890848,3
3890849,3
3890850,3
3890851,3
3890852,3
3890853,3
3890854,3
3890855,3
3890856,3
3890857,3
3890858,3
3890859,3
3890860,3
3890861,3
3890862,3
3890863,3
3890864,3
3890865,3
3890866,3
3890867,3
3890868,3
3890869,3
3890870,3
3890871,3
3890872,3
3890873,3
3890876,3
3890877,3
3890878,3
3890879,3
3890880,3
3890881,3
3890882,3
3890883,3
3890884,3
3890885,3
3890886,3
3890887,3
3890888,3
3890889,3
3890890,3
3890891,3
3890892,3
3890893,3
3890894,3
3890895,3
3890896,3
3890897,3
3890898,3
3890899,3
3890900,3
3890901,3
3890902,3
3890903,3
3890904,3
3890905,3
3890906,3
3890907,3
3890908,3
3890909,3
3890910,3
3890911,3
3890912,3
3890913,3
3890914,3
3890915,3
3890916,3
3890917,3
3890918,3
3890919,3
3890920,3
3890921,3
3890924,3
3890925,3
3890926,3
3890927,3
3890928,3
3890929,3
3890930,3
3890931,3
3890932,3
3890933,3
3890934,3
3890935,3
3890936,3
3890937,3
3890938,3
3890939,3
3890940,3
3890941,3
3890942,3
3890943,3
3890944,3
3890945,3
3890946,3
3890947,3
3890948,3
3890949,3
3890950,3
3890951,3
3890952,3
3890953,3
3890954,3
3890955,3
3890956,3
3890957,3
3890958,3
3890959,3
3890960,3
3890961,3
3890962,3
3890963,3
3890964,3
3890965,3
3890966,3
3890967,3
3890968,3
3890969,3
3890970,3
3890971,3
3890972,3
3890973,3
3890974,3
3890975,3
3890976,3
3890977,3
3890978,3
3890979,3
3890980,3
3890981,3
3890982,3
3890983,3
3890984,3
3890985,3
3890986,3
3890987,3
3890988,3
3890989,3
3890990,3
3890991,3
3890992,3
3890993,3
3890994,3
3890995,3
3890996,3
3890997,3
3890998,3
3890999,3
3891000,3
3891001,3
3891002,3
3891003,3
3891004,3
3891005,3
3891006,3
3891007,3
3891008,3
3891009,3
3891010,3
3891011,3
3891015,3
3891016,3
3891017,3
3891018,3
3891019,3
3891020,3
3891021,3
3891022,3
3891023,3
3891024,3
3891025,3
3891027,3
3891029,3
3891030,3
3891031,3
3891034,3
3891035,3
3891036,3
3891037,3
3891038,3
3891039,3
3891040,3
3891041,3
3891042,3
3891043,3
3891044,3
3891045,3
3891046,3
3891047,3
3891048,3
3891049,3
3891050,3
3891051,3
3891053,3
3891054,3
3891055,3
3891056,3
3891057,3
3891058,3
3891059,3
3891060,3
3891061,3
3891064,3
3891065,3
3891066,3
3891067,3
3891068,3
3891069,3
3891070,3
3891071,3
3891072,3
3891073,3
3891074,3
3891075,3
3891076,3
3891077,3
3891078,3
3891079,3
3891080,3
3891082,3
3891083,3
3891084,3
3891085,3
3891086,3
3891087,3
3891088,3
3891089,3
3891090,3
3891091,3
3891092,3
3891093,3
3891094,3
3891095,3
3891096,3
3891097,3
3891098,3
3891099,3
3891100,3
3891101,3
3891102,3
3891103,3
3891104,3
3891105,3
3891106,3
3891107,3
3891108,3
3891109,3
3891110,3
3891112,3
3891113,3
3891114,3
3891115,3
3891116,3
3891117,3
3891118,3
3891119,3
3891120,3
3891121,3
3891124,3
3891125,3
3891126,3
3891127,3
3891128,3
3891129,3
3891130,3
3891131,3
3891132,3
3891133,3
3891134,3
3891135,3
3891136,3
3891137,3
3891138,3
3891139,3
3891140,3
3891151,3
3891152,3
3891153,3
3891154,3
3891155,3
3891156,3
3891157,3
3891158,3
3891168,3
3891169,3
3891170,3
3891171,3
3891172,3
3891178,3
3891179,3
3891180,3
3891183,3
3891184,3
3891185,3
3891186,3
3891187,3
3891188,3
3891190,3
3891191,3
3891192,3
3891193,3
3891194,3
3891195,3
3891196,3
3891197,3
3891198,3
3891199,3
3891200,3
3891201,3
3891202,3
3891203,3
3891204,3
3891205,3
3891206,3
3891208,3
3891209,3
3891212,3
3891213,3
3891214,3
3891217,3
3891219,3
3891220,3
3891221,3
3891222,3
3891223,3
3891224,3
3891225,3
3891226,3
3891227,3
3891228,3
3891229,3
3891230,3
3891231,3
3891232,3
3891233,3
3891234,3
3891235,3
3891236,3
3891237,3
3891238,3
3891239,3
3891240,3
3891241,3
3891242,3
3891243,3
3891244,3
3891245,3
3891247,3
3891248,3
3891249,3
3891250,3
3891251,3
3891252,3
3891253,3
3891254,3
3891255,3
3891256,3
3891257,3
3891258,3
3891259,3
3891260,3
3891261,3
3891262,3
3891265,3
3891266,3
3891272,3
3891273,3
3891282,3
3891283,3
3891284,3
3891285,3
3891286,3
3891287,3
3891288,3
3891290,3
3891291,3
3891292,3
3891295,3
3891296,3
3891297,3
3891298,3
3891299,3
3891301,3
3891302,3
3891305,3
3891306,3
3891307,3
3891308,3
3891309,3
3891310,3
3891311,3
3891312,3
3891313,3
3891314,3
3891315,3
3891316,3
3891317,3
3891318,3
3891319,3
3891320,3
3891321,3
3891322,3
3891323,3
3891324,3
3891325,3
3891326,3
3891327,3
3891328,3
3891329,3
3891330,3
3891331,3
3891332,3
3891334,3
3891339,3
3891340,3
3891341,3
3891342,3
3891343,3
3891344,3
3891345,3
3891346,3
3891347,3
3891348,3
3891349,3
3891350,3
3891353,3
3891355,3
3891356,3
3891357,3
3891358,3
3891362,3
3891363,3
3891364,3
3891365,3
3891366,3
3891367,3
3891368,3
3891369,3
3891370,3
3891371,3
3891372,3
3891373,3
3891374,3
3891375,3
3891376,3
3891377,3
3891378,3
3891379,3
3891380,3
3891381,3
3891382,3
3891383,3
3891384,3
3891385,3
3891386,3
3891387,3
3891388,3
3891389,3
3891390,3
3891391,3
3891392,3
3891393,3
3891394,3
3891395,3
3891396,3
3891397,3
3891398,3
3891399,3
3891400,3
3891401,3
3891402,3
3891404,3
3891405,3
3891406,3
3891407,3
3891408,3
3891409,3
3891410,3
3891411,3
3891412,3
3891413,3
3891414,3
3891415,3
3891416,3
3891417,3
3891420,3
3891421,3
3891422,3
3891423,3
3891424,3
3891425,3
3891426,3
3891428,3
3891429,3
3891430,3
3891431,3
3891432,3
3891433,3
3891436,3
3891437,3
3891438,3
3891439,3
3891440,3
3891441,3
3891442,3
3891443,3
3891444,3
3891445,3
3891446,3
3891447,3
3891448,3
3891449,3
3891450,3
3891451,3
3891452,3
3891453,3
3891454,3
3891455,3
3891456,3
3891457,3
3891458,3
3891459,3
3891460,3
3891461,3
3891464,3
3891465,3
3891466,3
3891467,3
3891468,3
3891469,3
3891470,3
3891471,3
3891472,3
3891473,3
3891474,3
3891475,3
3891476,3
3891477,3
3891478,3
3891479,3
3891480,3
3891481,3
3891482,3
3891483,3
3891484,3
3891485,3
3891486,3
3891487,3
3891488,3
3891489,3
3891492,3
3891493,3
3891494,3
3891495,3
3891497,3
3891498,3
3891499,3
3891501,3
3891502,3
3891504,3
3891505,3
3891506,3
3891507,3
3891508,3
3891509,3
3891510,3
3891511,3
3891512,3
3891514,3
3891515,3
3891516,3
3891517,3
3891518,3
3891519,3
3891520,3
3891521,3
3891522,3
3891523,3
3891524,3
3891525,3
3891526,3
3891527,3
3891528,3
3891529,3
3891530,3
3891533,3
3891534,3
3891535,3
3891536,3
3891537,3
3891538,3
3891539,3
3891540,3
3891541,3
3891542,3
3891543,3
3891544,3
3891545,3
3891546,3
3891549,3
3891550,3
3891551,3
3891552,3
3891553,3
3891554,3
3891555,3
3891559,3
3891560,3
3891561,3
3891562,3
3891563,3
3891564,3
3891565,3
3891566,3
3891567,3
3891568,3
3891573,3
3891574,3
3891575,3
3891577,3
3891578,3
3891579,3
3891580,3
3891581,3
3891582,3
3891583,3
3891584,3
3891585,3
3891586,3
3891587,3
3891588,3
3891590,3
3891591,3
3891592,3
3891593,3
3891594,3
3891598,3
3891599,3
3891600,3
3891601,3
3891602,3
3891603,3
3891604,3
3891605,3
3891606,3
3891607,3
3891608,3
3891609,3
3891610,3
3891611,3
3891612,3
3891613,3
3891614,3
3891615,3
3891616,3
3891617,3
3891618,3
3891619,3
3891620,3
3891621,3
3891622,3
3891623,3
3891624,3
3891625,3
3891626,3
3891628,3
3891629,3
3891630,3
3891631,3
3891632,3
3891633,3
3891637,3
3891638,3
3891639,3
3891640,3
3891641,3
3891642,3
3891643,3
3891644,3
3891645,3
3891646,3
3891647,3
3891648,3
3891649,3
3891650,3
3891651,3
3891652,3
3891653,3
3891654,3
3891655,3
3891656,3
3891657,3
3891658,3
3891659,3
3891660,3
3891661,3
3891662,3
3891663,3
3891665,3
3891666,3
3891667,3
3891668,3
3891669,3
3891672,3
3891673,3
3891674,3
3891675,3
3891676,3
3891677,3
3891678,3
3891679,3
3891680,3
3891681,3
3891682,3
3891683,3
3891684,3
3891685,3
3891686,3
3891690,3
3891691,3
3891692,3
3891693,3
3891694,3
3891697,3
3891700,3
3891701,3
3891702,3
3891703,3
3891704,3
3891705,3
3891706,3
3891707,3
3891710,3
3891711,3
3891712,3
3891713,3
3891714,3
3891715,3
3891716,3
3891717,3
3891718,3
3891719,3
3891720,3
3891721,3
3891722,3
3891723,3
3891725,3
3891726,3
3891727,3
3891728,3
3891729,3
3891730,3
3891731,3
3891732,3
3891733,3
3891734,3
3891735,3
3891736,3
3891737,3
3891738,3
3891739,3
3891741,3
3891742,3
3891743,3
3891744,3
3891746,3
3891747,3
3891748,3
3891749,3
3891750,3
3891751,3
3891752,3
3891753,3
3891754,3
3891755,3
3891756,3
3891757,3
3891758,3
3891759,3
3891760,3
3891761,3
3891762,3
3891763,3
3891764,3
3891765,3
3891766,3
3891767,3
3891768,3
3891769,3
3891770,3
3891771,3
3891772,3
3891773,3
3891774,3
3891775,3
3891776,3
3891777,3
3891781,3
3891782,3
3891784,3
3891785,3
3891786,3
3891787,3
3891788,3
3891789,3
3891790,3
3891791,3
3891792,3
3891795,3
3891796,3
3891797,3
3891798,3
3891799,3
3891800,3
3891801,3
3891802,3
3891803,3
3891804,3
3891805,3
3891806,3
3891807,3
3891808,3
3891809,3
3891810,3
3891811,3
3891812,3
3891813,3
3891814,3
3891815,3
3891816,3
3891817,3
3891820,3
3891821,3
3891822,3
3891823,3
3891828,3
3891829,3
3891830,3
3891831,3
3891832,3
3891833,3
3891834,3
3891835,3
3891836,3
3891837,3
3891838,3
3891839,3
3891840,3
3891841,3
3891844,3
3891845,3
3891846,3
3891847,3
3891849,3
3891850,3
3891851,3
3891852,3
3891853,3
3891854,3
3891855,3
3891856,3
3891857,3
3891858,3
3891859,3
3891860,3
3891861,3
3891862,3
3891863,3
3891864,3
3891865,3
3891867,3
3891868,3
3891869,3
3891870,3
3891871,3
3891872,3
3891873,3
3891874,3
3891875,3
3891876,3
3891877,3
3891878,3
3891879,3
3891880,3
3891881,3
3891882,3
3891883,3
3891884,3
3891885,3
3891886,3
3891887,3
3891888,3
3891889,3
3891890,3
3891891,3
3891892,3
3891893,3
3891894,3
3891897,3
3891898,3
3891899,3
3891900,3
3891902,3
3891903,3
3891904,3
3891905,3
3891906,3
3891907,3
3891910,3
3891911,3
3891912,3
3891913,3
3891914,3
3891916,3
3891917,3
3891918,3
3891919,3
3891920,3
3891921,3
3891922,3
3891923,3
3891924,3
3891925,3
3891926,3
3891927,3
3891928,3
3891929,3
3891930,3
3891931,3
3891932,3
3891935,3
3891936,3
3891939,3
3891940,3
3891941,3
3891942,3
3891943,3
3891944,3
3891945,3
3891946,3
3891948,3
3891949,3
3891950,3
3891951,3
3891952,3
3891954,3
3891955,3
3891956,3
3891957,3
3891958,3
3891959,3
3891960,3
3891961,3
3891963,3
3891964,3
3891965,3
3891966,3
3891967,3
3891968,3
3891969,3
3891970,3
3891971,3
3891974,3
3891975,3
3891976,3
3891977,3
3891978,3
3891979,3
3891980,3
3891981,3
3891984,3
3891985,3
3891987,3
3891988,3
3891989,3
3891990,3
3891991,3
3891992,3
3891993,3
3891994,3
3891995,3
3891996,3
3891997,3
3891998,3
3891999,3
3892000,3
3892002,3
3892003,3
3892004,3
3892005,3
3892006,3
3892007,3
3892008,3
3892009,3
3892010,3
3892011,3
3892012,3
3892013,3
3892014,3
3892016,3
3892017,3
3892018,3
3892019,3
3892020,3
3892021,3
3892022,3
3892023,3
3892024,3
3892025,3
3892026,3
3892027,3
3892028,3
3892029,3
3892030,3
3892031,3
3892032,3
3892033,3
3892034,3
3892035,3
3892036,3
3892037,3
3892038,3
3892039,3
3892040,3
3892041,3
3892042,3
3892043,3
3892044,3
3892045,3
3892046,3
3892047,3
3892048,3
3892049,3
3892050,3
3892051,3
3892052,3
3892053,3
3892054,3
3892055,3
3892056,3
3892057,3
3892058,3
3892059,3
3892060,3
3892061,3
3892062,3
3892063,3
3892064,3
3892065,3
3892066,3
3892067,3
3892068,3
3892069,3
3892070,3
3892071,3
3892072,3
3892073,3
3892074,3
3892075,3
3892076,3
3892078,3
3892079,3
3892080,3
3892081,3
3892082,3
3892083,3
3892084,3
3892085,3
3892086,3
3892087,3
3892088,3
3892089,3
3892090,3
3892091,3
3892092,3
3892093,3
3892094,3
3892095,3
3892097,3
3892098,3
3892099,3
3892100,3
3892101,3
3892102,3
3892103,3
3892104,3
3892105,3
3892106,3
3892107,3
3892108,3
3892109,3
3892110,3
3892111,3
3892112,3
3892113,3
3892114,3
3892115,3
3892116,3
3892117,3
3892118,3
3892119,3
3892120,3
3892121,3
3892122,3
3892123,3
3892124,3
3892125,3
3892126,3
3892127,3
3892128,3
3892129,3
3892130,3
3892131,3
3892132,3
3892133,3
3892134,3
3892135,3
3892136,3
3892137,3
3892138,3
3892139,3
3892140,3
3892141,3
3892142,3
3892143,3
3892146,3
3892147,3
3892148,3
3892149,3
3892150,3
3892151,3
3892152,3
3892155,3
3892156,3
3892157,3
3892158,3
3892159,3
3892160,3
3892161,3
3892162,3
3892163,3
3892164,3
3892165,3
3892166,3
3892167,3
3892168,3
3892169,3
3892170,3
3892171,3
3892172,3
3892173,3
3892174,3
3892175,3
3892176,3
3892177,3
3892178,3
3892180,3
3892181,3
3892184,3
3892185,3
3892186,3
3892187,3
3892188,3
3892190,3
3892191,3
3892192,3
3892195,3
3892196,3
3892197,3
3892198,3
3892199,3
3892200,3
3892202,3
3892203,3
3892204,3
3892205,3
3892206,3
3892207,3
3892208,3
3892209,3
3892210,3
3892211,3
3892212,3
3892213,3
3892214,3
3892215,3
3892216,3
3892217,3
3892218,3
3892219,3
3892220,3
3892222,3
3892223,3
3892224,3
3892225,3
3892226,3
3892227,3
3892228,3
3892229,3
3892230,3
3892231,3
3892232,3
3892233,3
3892234,3
3892235,3
3892236,3
3892237,3
3892238,3
3892239,3
3892240,3
3892241,3
3892242,3
3892243,3
3892244,3
3892245,3
3892246,3
3892247,3
3892248,3
3892249,3
3892251,3
3892252,3
3892254,3
3892255,3
3892256,3
3892257,3
3892258,3
3892259,3
3892260,3
3892263,3
3892264,3
3892265,3
3892266,3
3892267,3
3892268,3
3892269,3
3892270,3
3892271,3
3892272,3
3892273,3
3892274,3
3892275,3
3892276,3
3892277,3
3892278,3
3892279,3
3892280,3
3892281,3
3892282,3
3892283,3
3892284,3
3892285,3
3892286,3
3892287,3
3892288,3
3892289,3
3892290,3
3892291,3
3892292,3
3892294,3
3892295,3
3892296,3
3892297,3
3892299,3
3892300,3
3892301,3
3892302,3
3892303,3
3892304,3
3892305,3
3892306,3
3892307,3
3892308,3
3892309,3
3892310,3
3892311,3
3892312,3
3892313,3
3892314,3
3892317,3
3892320,3
3892321,3
3892322,3
3892323,3
3892324,3
3892325,3
3892326,3
3892327,3
3892328,3
3892329,3
3892330,3
3892331,3
3892332,3
3892333,3
3892334,3
3892335,3
3892336,3
3892337,3
3892339,3
3892340,3
3892341,3
3892342,3
3892343,3
3892344,3
3892345,3
3892346,3
3892347,3
3892348,3
3892349,3
3892350,3
3892351,3
3892352,3
3892358,3
3892359,3
3892361,3
3892362,3
3892363,3
3892364,3
3892365,3
3892366,3
3892367,3
3892368,3
3892369,3
3892370,3
3892371,3
3892372,3
3892373,3
3892374,3
3892375,3
3892376,3
3892377,3
3892378,3
3892379,3
3892380,3
3892381,3
3892382,3
3892384,3
3892385,3
3892386,3
3892387,3
3892388,3
3892389,3
3892390,3
3892391,3
3892392,3
3892393,3
3892394,3
3892395,3
3892396,3
3892397,3
3892398,3
3892399,3
3892400,3
3892401,3
3892402,3
3892403,3
3892406,3
3892407,3
3892408,3
3892409,3
3892410,3
3892411,3
3892412,3
3892413,3
3892414,3
3892415,3
3892416,3
3892417,3
3892419,3
3892420,3
3892421,3
3892422,3
3892423,3
3892424,3
3892425,3
3892426,3
3892427,3
3892428,3
3892429,3
3892430,3
3892431,3
3892432,3
3892434,3
3892435,3
3892436,3
3892437,3
3892438,3
3892439,3
3892440,3
3892441,3
3892443,3
3892444,3
3892445,3
3892446,3
3892447,3
3892448,3
3892449,3
3892450,3
3892453,3
3892454,3
3892458,3
3892459,3
3892460,3
3892461,3
3892462,3
3892463,3
3892464,3
3892465,3
3892467,3
3892468,3
3892469,3
3892470,3
3892471,3
3892472,3
3892473,3
3892474,3
3892475,3
3892476,3
3892477,3
3892478,3
3892479,3
3892480,3
3892481,3
3892482,3
3892483,3
3892484,3
3892485,3
3892486,3
3892487,3
3892488,3
3892489,3
3892490,3
3892491,3
3892492,3
3892493,3
3892494,3
3892495,3
3892496,3
3892497,3
3892498,3
3892499,3
3892500,3
3892501,3
3892502,3
3892503,3
3892504,3
3892505,3
3892506,3
3892507,3
3892508,3
3892509,3
3892510,3
3892511,3
3892512,3
3892513,3
3892514,3
3892515,3
3892521,3
3892522,3
3892523,3
3892524,3
3892525,3
3892526,3
3892527,3
3892528,3
3892529,3
3892530,3
3892531,3
3892532,3
3892533,3
3892534,3
3892535,3
3892536,3
3892537,3
3892538,3
3892539,3
3892540,3
3892541,3
3892542,3
3892543,3
3892544,3
3892545,3
3892552,3
3892553,3
3892554,3
3892555,3
3892557,3
3892558,3
3892559,3
3892560,3
3892561,3
3892562,3
3892563,3
3892564,3
3892565,3
3892566,3
3892567,3
3892568,3
3892569,3
3892570,3
3892571,3
3892572,3
3892573,3
3892574,3
3892575,3
3892576,3
3892577,3
3892578,3
3892579,3
3892580,3
3892581,3
3892582,3
3892583,3
3892584,3
3892585,3
3892586,3
3892587,3
3892588,3
3892589,3
3892590,3
3892591,3
3892592,3
3892593,3
3892595,3
3892601,3
3892602,3
3892603,3
3892604,3
3892605,3
3892606,3
3892608,3
3892609,3
3892610,3
3892611,3
3892612,3
3892613,3
3892614,3
3892615,3
3892616,3
3892617,3
3892618,3
3892619,3
3892620,3
3892621,3
3892622,3
3892623,3
3892624,3
3892625,3
3892626,3
3892627,3
3892628,3
3892629,3
3892630,3
3892631,3
3892632,3
3892633,3
3892634,3
3892635,3
3892636,3
3892637,3
3892638,3
3892639,3
3892640,3
3892641,3
3892642,3
3892643,3
3892644,3
3892645,3
3892646,3
3892647,3
3892648,3
3892650,3
3892651,3
3892652,3
3892653,3
3892654,3
3892655,3
3892656,3
3892657,3
3892658,3
3892660,3
3892661,3
3892662,3
3892663,3
3892664,3
3892665,3
3892666,3
3892667,3
3892668,3
3892669,3
3892670,3
3892671,3
3892672,3
3892673,3
3892674,3
3892675,3
3892676,3
3892677,3
3892678,3
3892679,3
3892681,3
3892682,3
3892683,3
3892684,3
3892685,3
3892686,3
3892687,3
3892688,3
3892689,3
3892690,3
3892691,3
3892692,3
3892693,3
3892694,3
3892695,3
3892696,3
3892697,3
3892698,3
3892699,3
3892700,3
3892701,3
3892703,3
3892704,3
3892705,3
3892706,3
3892709,3
3892710,3
3892711,3
3892716,3
3892717,3
3892718,3
3892719,3
3892720,3
3892721,3
3892722,3
3892723,3
3892724,3
3892725,3
3892726,3
3892727,3
3892728,3
3892729,3
3892732,3
3892733,3
3892734,3
3892735,3
3892736,3
3892737,3
3892738,3
3892739,3
3892741,3
3892742,3
3892743,3
3892744,3
3892745,3
3892746,3
3892747,3
3892748,3
3892749,3
3892750,3
3892751,3
3892752,3
3892753,3
3892754,3
3892755,3
3892756,3
3892757,3
3892758,3
3892759,3
3892760,3
3892761,3
3892762,3
3892763,3
3892764,3
3892765,3
3892766,3
3892767,3
3892768,3
3892769,3
3892770,3
3892771,3
3892772,3
3892773,3
3892774,3
3892775,3
3892776,3
3892777,3
3892778,3
3892779,3
3892780,3
3892781,3
3892782,3
3892783,3
3892784,3
3892785,3
3892786,3
3892787,3
3892788,3
3892789,3
3892795,3
3892796,3
3892799,3
3892800,3
3892801,3
3892802,3
3892803,3
3892804,3
3892805,3
3892806,3
3892807,3
3892808,3
3892809,3
3892810,3
3892811,3
3892812,3
3892813,3
3892814,3
3892815,3
3892817,3
3892819,3
3892820,3
3892823,3
3892824,3
3892825,3
3892827,3
3892829,3
3892830,3
3892831,3
3892832,3
3892833,3
3892834,3
3892835,3
3892836,3
3892837,3
3892838,3
3892839,3
3892840,3
3892841,3
3892842,3
3892847,3
3892848,3
3892849,3
3892850,3
3892851,3
3892852,3
3892853,3
3892854,3
3892855,3
3892856,3
3892857,3
3892858,3
3892865,3
3892866,3
3892867,3
3892868,3
3892869,3
3892870,3
3892871,3
3892872,3
3892873,3
3892874,3
3892875,3
3892876,3
3892877,3
3892878,3
3892879,3
3892880,3
3892881,3
3892882,3
3892883,3
3892884,3
3892885,3
3892886,3
3892887,3
3892888,3
3892889,3
3892890,3
3892891,3
3892892,3
3892893,3
3892894,3
3892895,3
3892896,3
3892897,3
3892898,3
3892899,3
3892900,3
3892901,3
3892902,3
3892903,3
3892904,3
3892905,3
3892906,3
3892907,3
3892908,3
3892909,3
3892910,3
3892911,3
3892912,3
3892913,3
3892915,3
3892916,3
3892917,3
3892918,3
3892919,3
3892920,3
3892921,3
3892922,3
3892923,3
3892924,3
3892925,3
3892926,3
3892927,3
3892928,3
3892929,3
3892930,3
3892931,3
3892932,3
3892933,3
3892934,3
3892935,3
3892936,3
3892937,3
3892938,3
3892939,3
3892940,3
3892941,3
3892942,3
3892943,3
3892944,3
3892945,3
3892946,3
3892947,3
3892948,3
3892949,3
3892950,3
3892951,3
3892952,3
3892953,3
3892954,3
3892955,3
3892956,3
3892958,3
3892959,3
3892960,3
3892961,3
3892963,3
3892964,3
3892965,3
3892966,3
3892967,3
3892968,3
3892969,3
3892970,3
3892971,3
3892972,3
3892977,3
3892978,3
3892979,3
3892980,3
3892981,3
3892982,3
3892983,3
3892984,3
3892985,3
3892986,3
3892987,3
3892988,3
3892989,3
3892990,3
3892991,3
3892993,3
3892994,3
3892995,3
3892996,3
3892997,3
3892998,3
3892999,3
3893000,3
3893006,3
3893007,3
3893008,3
3893009,3
3893010,3
3893011,3
3893012,3
3893013,3
3893014,3
3893015,3
3893016,3
3893017,3
3893018,3
3893020,3
3893021,3
3893022,3
3893023,3
3893024,3
3893025,3
3893026,3
3893027,3
3893028,3
3893030,3
3893031,3
3893032,3
3893033,3
3893040,3
3893041,3
3893042,3
3893043,3
3893044,3
3893045,3
3893046,3
3893047,3
3893048,3
3893049,3
3893050,3
3893051,3
3893052,3
3893053,3
3893054,3
3893055,3
3893056,3
3893057,3
3893058,3
3893059,3
3893060,3
3893061,3
3893062,3
3893063,3
3893064,3
3893065,3
3893066,3
3893067,3
3893068,3
3893069,3
3893070,3
3893071,3
3893072,3
3893073,3
3893074,3
3893075,3
3893076,3
3893077,3
3893078,3
3893079,3
3893080,3
3893082,3
3893083,3
3893084,3
3893085,3
3893086,3
3893087,3
3893088,3
3893089,3
3893090,3
3893091,3
3893092,3
3893093,3
3893094,3
3893097,3
3893098,3
3893099,3
3893100,3
3893101,3
3893102,3
3893103,3
3893104,3
3893105,3
3893106,3
3893107,3
3893108,3
3893110,3
3893111,3
3893113,3
3893115,3
3893116,3
3893118,3
3893119,3
3893120,3
3893122,3
3893124,3
3893125,3
3893126,3
3893127,3
3893128,3
3893129,3
3893130,3
3893131,3
3893132,3
3893133,3
3893134,3
3893135,3
3893136,3
3893137,3
3893138,3
3893139,3
3893140,3
3893141,3
3893142,3
3893143,3
3893144,3
3893145,3
3893146,3
3893147,3
3893148,3
3893149,3
3893150,3
3893151,3
3893152,3
3893153,3
3893154,3
3893155,3
3893156,3
3893157,3
3893158,3
3893159,3
3893160,3
3893161,3
3893162,3
3893163,3
3893164,3
3893165,3
3893166,3
3893167,3
3893168,3
3893169,3
3893170,3
3893171,3
3893172,3
3893173,3
3893174,3
3893175,3
3893176,3
3893177,3
3893178,3
3893179,3
3893180,3
3893181,3
3893182,3
3893183,3
3893184,3
3893185,3
3893186,3
3893187,3
3893188,3
3893189,3
3893190,3
3893191,3
3893192,3
3893193,3
3893194,3
3893195,3
3893196,3
3893197,3
3893198,3
3893199,3
3893200,3
3893201,3
3893202,3
3893203,3
3893204,3
3893205,3
3893206,3
3893207,3
3893208,3
3893209,3
3893210,3
3893211,3
3893212,3
3893213,3
3893214,3
3893215,3
3893216,3
3893217,3
3893218,3
3893219,3
3893220,3
3893221,3
3893222,3
3893223,3
3893224,3
3893225,3
3893226,3
3893227,3
3893228,3
3893229,3
3893230,3
3893231,3
3893232,3
3893233,3
3893234,3
3893235,3
3893236,3
3893237,3
3893238,3
3893239,3
3893240,3
3893241,3
3893242,3
3893243,3
3893244,3
3893245,3
3893246,3
3893247,3
3893248,3
3893249,3
3893250,3
3893251,3
3893252,3
3893253,3
3893254,3
3893255,3
3893256,3
3893257,3
3893258,3
3893259,3
3893260,3
3893261,3
3893262,3
3893263,3
3893264,3
3893265,3
3893266,3
3893267,3
3893268,3
3893269,3
3893270,3
3893271,3
3893272,3
3893273,3
3893274,3
3893275,3
3893276,3
3893277,3
3893278,3
3893279,3
3893280,3
3893281,3
3893282,3
3893283,3
3893284,3
3893285,3
3893286,3
3893287,3
3893288,3
3893289,3
3893290,3
3893291,3
3893292,3
3893293,3
3893294,3
3893295,3
3893296,3
3893297,3
3893298,3
3893299,3
3893300,3
3893301,3
3893302,3
3893303,3
3893304,3
3893305,3
3893306,3
3893307,3
3893308,3
3893309,3
3893310,3
3893311,3
3893312,3
3893313,3
3893314,3
3893315,3
3893316,3
3893317,3
3893318,3
3893319,3
3893320,3
3893321,3
3893322,3
3893323,3
3893324,3
3893325,3
3893326,3
3893327,3
3893328,3
3893329,3
3893330,3
3893331,3
3893332,3
3893333,3
3893334,3
3893335,3
3893336,3
3893337,3
3893338,3
3893339,3
3893340,3
3893341,3
3893342,3
3893343,3
3893344,3
3893345,3
3893346,3
3893347,3
3893348,3
3893349,3
3893350,3
3893351,3
3893352,3
3893353,3
3893354,3
3893355,3
3893356,3
3893357,3
3893358,3
3893359,3
3893360,3
3893361,3
3893362,3
3893363,3
3893364,3
3893365,3
3893366,3
3893367,3
3893368,3
3893369,3
3893370,3
3893371,3
3893372,3
3893373,3
3893374,3
3893375,3
3893376,3
3893377,3
3893378,3
3893379,3
3893380,3
3893381,3
3893383,3
3893384,3
3893385,3
3893386,3
3893387,3
3893388,3
3893389,3
3893390,3
3893391,3
3893392,3
3893393,3
3893394,3
3893395,3
3893396,3
3893397,3
3893398,3
3893399,3
3893400,3
3893401,3
3893402,3
3893403,3
3893404,3
3893405,3
3893406,3
3893407,3
3893408,3
3893409,3
3893410,3
3893411,3
3893412,3
3893413,3
3893414,3
3893415,3
3893416,3
3893417,3
3893418,3
3893419,3
3893420,3
3893421,3
3893422,3
3893423,3
3893424,3
3893425,3
3893426,3
3893427,3
3893428,3
3893429,3
3893430,3
3893431,3
3893432,3
3893433,3
3893434,3
3893435,3
3893436,3
3893437,3
3893438,3
3893439,3
3893440,3
3893441,3
3893442,3
3893443,3
3893444,3
3893445,3
3893446,3
3893447,3
3893448,3
3893449,3
3893450,3
3893451,3
3893452,3
3893453,3
3893454,3
3893455,3
3893456,3
3893457,3
3893458,3
3893459,3
3893460,3
3893461,3
3893462,3
3893463,3
3893464,3
3893465,3
3893466,3
3893467,3
3893468,3
3893469,3
3893470,3
3893471,3
3893472,3
3893473,3
3893474,3
3893475,3
3893476,3
3893477,3
3893478,3
3893479,3
3893480,3
3893481,3
3893482,3
3893483,3
3893484,3
3893485,3
3893486,3
3893487,3
3893488,3
3893489,3
3893490,3
3893491,3
3893492,3
3893493,3
3893494,3
3893495,3
3893496,3
3893497,3
3893498,3
3893499,3
3893500,3
3893501,3
3893502,3
3893503,3
3893504,3
3893505,3
3893506,3
3893507,3
3893508,3
3893509,3
3893510,3
3893511,3
3893512,3
3893513,3
3893514,3
3893515,3
3893516,3
3893517,3
3893518,3
3893519,3
3893520,3
3893521,3
3893522,3
3893523,3
3893524,3
3893525,3
3893526,3
3893527,3
3893528,3
3893529,3
3893530,3
3893531,3
3893532,3
3893533,3
3893534,3
3893535,3
3893536,3
3893537,3
3893538,3
3893539,3
3893540,3
3893541,3
3893542,3
3893543,3
3893544,3
3893545,3
3893546,3
3893547,3
3893548,3
3893549,3
3893550,3
3893551,3
3893552,3
3893553,3
3893554,3
3893555,3
3893556,3
3893557,3
3893558,3
3893559,3
3893560,3
3893561,3
3893562,3
3893563,3
3893564,3
3893565,3
3893566,3
3893567,3
3893568,3
3893569,3
3893570,3
3893571,3
3893572,3
3893573,3
3893574,3
3893575,3
3893576,3
3893577,3
3893578,3
3893579,3
3893580,3
3893581,3
3893582,3
3893583,3
3893584,3
3893585,3
3893586,3
3893587,3
3893588,3
3893589,3
3893590,3
3893591,3
3893592,3
3893593,3
3893594,3
3893595,3
3893596,3
3893597,3
3893598,3
3893599,3
3893600,3
3893601,3
3893602,3
3893603,3
3893604,3
3893605,3
3893606,3
3893607,3
3893608,3
3893609,3
3893610,3
3893611,3
3893612,3
3893613,3
3893614,3
3893615,3
3893616,3
3893617,3
3893618,3
3893619,3
3893620,3
3893621,3
3893622,3
3893623,3
3893624,3
3893625,3
3893626,3
3893627,3
3893628,3
3893629,3
3893630,3
3893631,3
3893632,3
3893633,3
3893634,3
3893635,3
3893636,3
3893637,3
3893638,3
3893639,3
3893640,3
3893641,3
3893642,3
3893643,3
3893644,3
3893645,3
3893646,3
3893647,3
3893648,3
3893649,3
3893650,3
3893651,3
3893652,3
3893653,3
3893654,3
3893655,3
3893656,3
3893657,3
3893658,3
3893659,3
3893660,3
3893661,3
3893662,3
3893664,3
3893665,3
3893666,3
3893667,3
3893668,3
3893669,3
3893670,3
3893671,3
3893673,3
3893676,3
3893677,3
3893678,3
3893679,3
3893680,3
3893681,3
3893682,3
3893683,3
3893684,3
3893685,3
3893686,3
3893687,3
3893688,3
3893689,3
3893690,3
3893691,3
3893693,3
3893696,3
3893697,3
3893698,3
3893699,3
3893700,3
3893701,3
3893702,3
3893703,3
3893704,3
3893705,3
3893706,3
3893707,3
3893708,3
3893709,3
3893710,3
3893711,3
3893712,3
3893713,3
3893714,3
3893715,3
3893716,3
3893718,3
3893720,3
3893721,3
3893722,3
3893723,3
3893724,3
3893727,3
3893728,3
3893729,3
3893730,3
3893731,3
3893732,3
3893733,3
3893734,3
3893735,3
3893736,3
3893737,3
3893738,3
3893739,3
3893740,3
3893741,3
3893742,3
3893743,3
3893745,3
3893746,3
3893747,3
3893748,3
3893749,3
3893750,3
3893751,3
3893752,3
3893754,3
3893755,3
3893756,3
3893757,3
3893758,3
3893759,3
3893760,3
3893761,3
3893762,3
3893763,3
3893764,3
3893765,3
3893766,3
3893767,3
3893768,3
3893769,3
3893770,3
3893771,3
3893772,3
3893773,3
3893774,3
3893775,3
3893776,3
3893777,3
3893779,3
3893781,3
3893782,3
3893783,3
3893784,3
3893785,3
3893786,3
3893787,3
3893788,3
3893789,3
3893790,3
3893791,3
3893797,3
3893798,3
3893799,3
3893800,3
3893801,3
3893802,3
3893803,3
3893804,3
3893805,3
3893806,3
3893807,3
3893808,3
3893809,3
3893810,3
3893811,3
3893812,3
3893813,3
3893814,3
3893815,3
3893816,3
3893817,3
3893818,3
3893819,3
3893820,3
3893821,3
3893822,3
3893823,3
3893824,3
3893825,3
3893826,3
3893827,3
3893828,3
3893829,3
3893830,3
3893831,3
3893832,3
3893833,3
3893834,3
3893835,3
3893836,3
3893837,3
3893838,3
3893839,3
3893840,3
3893841,3
3893842,3
3893843,3
3893844,3
3893845,3
3893846,3
3893847,3
3893848,3
3893849,3
3893850,3
3893851,3
3893852,3
3893853,3
3893854,3
3893855,3
3893856,3
3893857,3
3893858,3
3893859,3
3893860,3
3893861,3
3893862,3
3893863,3
3893864,3
3893865,3
3893866,3
3893867,3
3893868,3
3893869,3
3893870,3
3893871,3
3893872,3
3893873,3
3893874,3
3893875,3
3893876,3
3893877,3
3893878,3
3893879,3
3893880,3
3893881,3
3893882,3
3893883,3
3893884,3
3893885,3
3893886,3
3893887,3
3893888,3
3893889,3
3893890,3
3893891,3
3893892,3
3893893,3
3893894,3
3893895,3
3893896,3
3893897,3
3893898,3
3893899,3
3893900,3
3893901,3
3893902,3
3893903,3
3893904,3
3893905,3
3893906,3
3893907,3
3893908,3
3893909,3
3893910,3
3893911,3
3893912,3
3893913,3
3893914,3
3893915,3
3893916,3
3893917,3
3893918,3
3893919,3
3893920,3
3893921,3
3893922,3
3893923,3
3893924,3
3893925,3
3893926,3
3893927,3
3893928,3
3893929,3
3893930,3
3893931,3
3893932,3
3893933,3
3893934,3
3893935,3
3893936,3
3893937,3
3893938,3
3893939,3
3893940,3
3893941,3
3893942,3
3893943,3
3893944,3
3893945,3
3893946,3
3893947,3
3893948,3
3893949,3
3893950,3
3893951,3
3893952,3
3893953,3
3893954,3
3893955,3
3893956,3
3893957,3
3893958,3
3893959,3
3893960,3
3893961,3
3893962,3
3893963,3
3893964,3
3893965,3
3893966,3
3893967,3
3893968,3
3893969,3
3893970,3
3893971,3
3893972,3
3893973,3
3893974,3
3893975,3
3893976,3
3893977,3
3893978,3
3893979,3
3893980,3
3893981,3
3893982,3
3893983,3
3893984,3
3893985,3
3893986,3
3893987,3
3893988,3
3893989,3
3893990,3
3893991,3
3893992,3
3893993,3
3893994,3
3893995,3
3893996,3
3893997,3
3893998,3
3893999,3
3894000,3
3894001,3
3894002,3
3894003,3
3894004,3
3894005,3
3894006,3
3894007,3
3894008,3
3894009,3
3894010,3
3894011,3
3894012,3
3894013,3
3894014,3
3894015,3
3894016,3
3894017,3
3894018,3
3894019,3
3894020,3
3894021,3
3894022,3
3894023,3
3894024,3
3894025,3
3894026,3
3894027,3
3894028,3
3894029,3
3894030,3
3894031,3
3894032,3
3894033,3
3894034,3
3894035,3
3894036,3
3894037,3
3894038,3
3894039,3
3894040,3
3894041,3
3894042,3
3894043,3
3894044,3
3894045,3
3894046,3
3894047,3
3894048,3
3894049,3
3894050,3
3894051,3
3894052,3
3894053,3
3894054,3
3894055,3
3894056,3
3894057,3
3894058,3
3894059,3
3894060,3
3894061,3
3894062,3
3894063,3
3894064,3
3894065,3
3894066,3
3894067,3
3894068,3
3894069,3
3894070,3
3894071,3
3894072,3
3894073,3
3894074,3
3894075,3
3894076,3
3894077,3
3894078,3
3894079,3
3894080,3
3894081,3
3894082,3
3894083,3
3894084,3
3894085,3
3894086,3
3894087,3
3894088,3
3894089,3
3894090,3
3894091,3
3894092,3
3894093,3
3894094,3
3894095,3
3894096,3
3894097,3
3894098,3
3894099,3
3894100,3
3894101,3
3894102,3
3894103,3
3894104,3
3894105,3
3894106,3
3894107,3
3894108,3
3894109,3
3894110,3
3894111,3
3894112,3
3894113,3
3894114,3
3894115,3
3894116,3
3894117,3
3894118,3
3894119,3
3894120,3
3894121,3
3894122,3
3894123,3
3894124,3
3894125,3
3894126,3
3894127,3
3894128,3
3894129,3
3894130,3
3894131,3
3894132,3
3894133,3
3894134,3
3894135,3
3894136,3
3894137,3
3894138,3
3894139,3
3894140,3
3894141,3
3894142,3
3894143,3
3894144,3
3894145,3
3894146,3
3894147,3
3894148,3
3894149,3
3894150,3
3894151,3
3894152,3
3894153,3
3894154,3
3894155,3
3894156,3
3894157,3
3894158,3
3894160,3
3894161,3
3894163,3
3894164,3
3894165,3
3894166,3
3894167,3
3894168,3
3894169,3
3894170,3
3894171,3
3894172,3
3894173,3
3894174,3
3894175,3
3894176,3
3894177,3
3894178,3
3894179,3
3894180,3
3894181,3
3894182,3
3894183,3
3894184,3
3894186,3
3894187,3
3894188,3
3894189,3
3894190,3
3894191,3
3894192,3
3894193,3
3894194,3
3894195,3
3894196,3
3894197,3
3894198,3
3894199,3
3894200,3
3894201,3
3894202,3
3894203,3
3894204,3
3894205,3
3894206,3
3894207,3
3894208,3
3894209,3
3894210,3
3894211,3
3894212,3
3894213,3
3894214,3
3894215,3
3894216,3
3894219,3
3894220,3
3894221,3
3894222,3
3894223,3
3894224,3
3894225,3
3894226,3
3894227,3
3894228,3
3894229,3
3894230,3
3894231,3
3894232,3
3894233,3
3894234,3
3894235,3
3894236,3
3894237,3
3894238,3
3894239,3
3894240,3
3894241,3
3894242,3
3894243,3
3894244,3
3894245,3
3894246,3
3894247,3
3894248,3
3894249,3
3894250,3
3894251,3
3894252,3
3894253,3
3894254,3
3894255,3
3894256,3
3894257,3
3894258,3
3894259,3
3894260,3
3894261,3
3894262,3
3894263,3
3894264,3
3894265,3
3894266,3
3894267,3
3894268,3
3894269,3
3894270,3
3894271,3
3894272,3
3894273,3
3894274,3
3894275,3
3894276,3
3894277,3
3894278,3
3894279,3
3894280,3
3894281,3
3894282,3
3894283,3
3894284,3
3894285,3
3894286,3
3894287,3
3894288,3
3894289,3
3894290,3
3894291,3
3894292,3
3894293,3
3894294,3
3894295,3
3894296,3
3894297,3
3894300,3
3894301,3
3894307,3
3894308,3
3894309,3
3894310,3
3894311,3
3894312,3
3894313,3
3894314,3
3894315,3
3894316,3
3894317,3
3894318,3
3894319,3
3894320,3
3894321,3
3894322,3
3894323,3
3894324,3
3894325,3
3894326,3
3894327,3
3894328,3
3894329,3
3894330,3
3894331,3
3894332,3
3894333,3
3894334,3
3894335,3
3894336,3
3894337,3
3894338,3
3894339,3
3894340,3
3894341,3
3894342,3
3894343,3
3894344,3
3894345,3
3894346,3
3894347,3
3894348,3
3894349,3
3894350,3
3894351,3
3894352,3
3894353,3
3894354,3
3894355,3
3894356,3
3894357,3
3894358,3
3894359,3
3894360,3
3894361,3
3894362,3
3894363,3
3894364,3
3894365,3
3894366,3
3894367,3
3894368,3
3894369,3
3894370,3
3894371,3
3894372,3
3894373,3
3894374,3
3894375,3
3894376,3
3894377,3
3894378,3
3894379,3
3894380,3
3894381,3
3894382,3
3894383,3
3894384,3
3894385,3
3894386,3
3894387,3
3894388,3
3894389,3
3894390,3
3894391,3
3894392,3
3894393,3
3894394,3
3894395,3
3894396,3
3894397,3
3894398,3
3894399,3
3894400,3
3894401,3
3894402,3
3894403,3
3894404,3
3894405,3
3894406,3
3894407,3
3894408,3
3894409,3
3894410,3
3894411,3
3894412,3
3894413,3
3894414,3
3894415,3
3894416,3
3894417,3
3894418,3
3894419,3
3894420,3
3894421,3
3894422,3
3894423,3
3894424,3
3894425,3
3894426,3
3894427,3
3894428,3
3894429,3
3894430,3
3894431,3
3894432,3
3894433,3
3894434,3
3894435,3
3894436,3
3894437,3
3894438,3
3894439,3
3894440,3
3894441,3
3894442,3
3894443,3
3894445,3
3894446,3
3894447,3
3894448,3
3894449,3
3894450,3
3894451,3
3894452,3
3894453,3
3894454,3
3894455,3
3894456,3
3894457,3
3894458,3
3894459,3
3894460,3
3894461,3
3894462,3
3894463,3
3894464,3
3894465,3
3894466,3
3894467,3
3894468,3
3894469,3
3894470,3
3894471,3
3894472,3
3894473,3
3894474,3
3894475,3
3894476,3
3894477,3
3894478,3
3894479,3
3894480,3
3894481,3
3894482,3
3894483,3
3894484,3
3894485,3
3894490,3
3894491,3
3894492,3
3894493,3
3894496,3
3894497,3
3894499,3
3894500,3
3894501,3
3894502,3
3894503,3
3894504,3
3894505,3
3894506,3
3894507,3
3894508,3
3894509,3
3894510,3
3894511,3
3894512,3
3894513,3
3894514,3
3894515,3
3894516,3
3894517,3
3894518,3
3894519,3
3894520,3
3894521,3
3894522,3
3894523,3
3894524,3
3894525,3
3894526,3
3894527,3
3894528,3
3894529,3
3894530,3
3894531,3
3894532,3
3894533,3
3894534,3
3894535,3
3894536,3
3894537,3
3894538,3
3894539,3
3894540,3
3894541,3
3894553,3
3894554,3
3894555,3
3894556,3
3894557,3
3894558,3
3894559,3
3894560,3
3894561,3
3894562,3
3894563,3
3894564,3
3894565,3
3894566,3
3894567,3
3894568,3
3894569,3
3894570,3
3894571,3
3894572,3
3894573,3
3894574,3
3894575,3
3894576,3
3894577,3
3894578,3
3894579,3
3894580,3
3894581,3
3894582,3
3894583,3
3894584,3
3894585,3
3894586,3
3894589,3
3894590,3
3894591,3
3894592,3
3894593,3
3894594,3
3894595,3
3894598,3
3894600,3
3894601,3
3894602,3
3894603,3
3894604,3
3894605,3
3894606,3
3894607,3
3894608,3
3894609,3
3894610,3
3894611,3
3894612,3
3894613,3
3894614,3
3894615,3
3894616,3
3894617,3
3894618,3
3894619,3
3894620,3
3894621,3
3894622,3
3894623,3
3894624,3
3894625,3
3894626,3
3894627,3
3894628,3
3894629,3
3894630,3
3894631,3
3894632,3
3894633,3
3894634,3
3894635,3
3894636,3
3894637,3
3894638,3
3894639,3
3894640,3
3894641,3
3894642,3
3894643,3
3894644,3
3894645,3
3894646,3
3894647,3
3894648,3
3894649,3
3894650,3
3894651,3
3894652,3
3894653,3
3894654,3
3894655,3
3894656,3
3894657,3
3894658,3
3894659,3
3894660,3
3894661,3
3894662,3
3894663,3
3894664,3
3894665,3
3894666,3
3894667,3
3894668,3
3894669,3
3894670,3
3894671,3
3894672,3
3894673,3
3894674,3
3894675,3
3894676,3
3894677,3
3894678,3
3894679,3
3894680,3
3894681,3
3894682,3
3894683,3
3894684,3
3894685,3
3894686,3
3894687,3
3894688,3
3894689,3
3894690,3
3894691,3
3894692,3
3894693,3
3894694,3
3894695,3
3894696,3
3894697,3
3894698,3
3894699,3
3894700,3
3894701,3
3894702,3
3894703,3
3894704,3
3894705,3
3894706,3
3894707,3
3894708,3
3894709,3
3894710,3
3894711,3
3894712,3
3894713,3
3894714,3
3894715,3
3894716,3
3894717,3
3894718,3
3894719,3
3894720,3
3894721,3
3894723,3
3894724,3
3894727,3
3894728,3
3894729,3
3894730,3
3894733,3
3894735,3
3894736,3
3894737,3
3894738,3
3894739,3
3894740,3
3894741,3
3894742,3
3894743,3
3894744,3
3894745,3
3894746,3
3894747,3
3894748,3
3894749,3
3894750,3
3894751,3
3894752,3
3894753,3
3894754,3
3894755,3
3894756,3
3894757,3
3894758,3
3894759,3
3894760,3
3894761,3
3894762,3
3894763,3
3894764,3
3894765,3
3894766,3
3894768,3
3894769,3
3894771,3
3894772,3
3894773,3
3894774,3
3894775,3
3894776,3
3894777,3
3894778,3
3894780,3
3894781,3
3894782,3
3894783,3
3894784,3
3894786,3
3894787,3
3894789,3
3894790,3
3894791,3
3894792,3
3894793,3
3894794,3
3894795,3
3894796,3
3894797,3
3894798,3
3894799,3
3894800,3
3894801,3
3894802,3
3894803,3
3894804,3
3894805,3
3894806,3
3894807,3
3894808,3
3894809,3
3894810,3
3894811,3
3894812,3
3894813,3
3894814,3
3894815,3
3894816,3
3894817,3
3894818,3
3894819,3
3894820,3
3894821,3
3894822,3
3894823,3
3894824,3
3894825,3
3894826,3
3894827,3
3894828,3
3894829,3
3894830,3
3894831,3
3894832,3
3894833,3
3894834,3
3894835,3
3894836,3
3894837,3
3894838,3
3894839,3
3894840,3
3894841,3
3894842,3
3894843,3
3894844,3
3894845,3
3894846,3
3894847,3
3894848,3
3894849,3
3894850,3
3894851,3
3894852,3
3894853,3
3894854,3
3894855,3
3894856,3
3894857,3
3894858,3
3894859,3
3894860,3
3894861,3
3894862,3
3894863,3
3894864,3
3894865,3
3894866,3
3894867,3
3894868,3
3894869,3
3894870,3
3894871,3
3894872,3
3894873,3
3894874,3
3894875,3
3894876,3
3894877,3
3894878,3
3894879,3
3894880,3
3894881,3
3894882,3
3894883,3
3894884,3
3894885,3
3894886,3
3894887,3
3894888,3
3894889,3
3894890,3
3894891,3
3894892,3
3894893,3
3894894,3
3894895,3
3894896,3
3894897,3
3894898,3
3894899,3
3894900,3
3894901,3
3894902,3
3894903,3
3894904,3
3894905,3
3894906,3
3894907,3
3894908,3
3894909,3
3894910,3
3894911,3
3894912,3
3894913,3
3894914,3
3894915,3
3894916,3
3894917,3
3894918,3
3894919,3
3894920,3
3894921,3
3894922,3
3894923,3
3894924,3
3894925,3
3894926,3
3894927,3
3894928,3
3894929,3
3894930,3
3894931,3
3894932,3
3894933,3
3894934,3
3894935,3
3894936,3
3894937,3
3894938,3
3894939,3
3894940,3
3894941,3
3894942,3
3894943,3
3894944,3
3894945,3
3894946,3
3894947,3
3894948,3
3894949,3
3894950,3
3894951,3
3894952,3
3894953,3
3894954,3
3894955,3
3894956,3
3894957,3
3894958,3
3894959,3
3894960,3
3894961,3
3894962,3
3894963,3
3894964,3
3894965,3
3894966,3
3894967,3
3894968,3
3894969,3
3894970,3
3894971,3
3894973,3
3894974,3
3894975,3
3894976,3
3894977,3
3894978,3
3894979,3
3894980,3
3894981,3
3894982,3
3894983,3
3894984,3
3894985,3
3894986,3
3894987,3
3894988,3
3894989,3
3894990,3
3894991,3
3894992,3
3894993,3
3894994,3
3894995,3
3894996,3
3894997,3
3894998,3
3894999,3
3895000,3
3895001,3
3895002,3
3895003,3
3895004,3
3895005,3
3895006,3
3895007,3
3895008,3
3895009,3
3895010,3
3895011,3
3895012,3
3895013,3
3895014,3
3895015,3
3895016,3
3895017,3
3895018,3
3895019,3
3895020,3
3895021,3
3895022,3
3895023,3
3895024,3
3895025,3
3895027,3
3895028,3
3895029,3
3895030,3
3895031,3
3895032,3
3895033,3
3895034,3
3895035,3
3895036,3
3895037,3
3895038,3
3895039,3
3895040,3
3895041,3
3895042,3
3895043,3
3895044,3
3895045,3
3895046,3
3895047,3
3895048,3
3895049,3
3895050,3
3895051,3
3895052,3
3895053,3
3895054,3
3895055,3
3895056,3
3895057,3
3895058,3
3895059,3
3895060,3
3895061,3
3895062,3
3895063,3
3895064,3
3895065,3
3895066,3
3895067,3
3895068,3
3895069,3
3895070,3
3895071,3
3895072,3
3895073,3
3895074,3
3895075,3
3895076,3
3895077,3
3895078,3
3895079,3
3895080,3
3895081,3
3895082,3
3895083,3
3895084,3
3895085,3
3895086,3
3895087,3
3895088,3
3895089,3
3895090,3
3895091,3
3895092,3
3895093,3
3895094,3
3895095,3
3895096,3
3895097,3
3895098,3
3895099,3
3895100,3
3895101,3
3895102,3
3895103,3
3895104,3
3895105,3
3895106,3
3895107,3
3895108,3
3895109,3
3895110,3
3895111,3
3895112,3
3895113,3
3895114,3
3895115,3
3895116,3
3895117,3
3895118,3
3895119,3
3895120,3
3895121,3
3895122,3
3895123,3
3895124,3
3895125,3
3895126,3
3895127,3
3895128,3
3895129,3
3895130,3
3895131,3
3895132,3
3895133,3
3895134,3
3895135,3
3895136,3
3895137,3
3895138,3
3895139,3
3895140,3
3895141,3
3895142,3
3895143,3
3895144,3
3895145,3
3895146,3
3895147,3
3895148,3
3895149,3
3895150,3
3895151,3
3895152,3
3895153,3
3895154,3
3895155,3
3895156,3
3895157,3
3895158,3
3895159,3
3895160,3
3895161,3
3895162,3
3895163,3
3895164,3
3895165,3
3895166,3
3895167,3
3895168,3
3895169,3
3895170,3
3895171,3
3895172,3
3895173,3
3895174,3
3895175,3
3895176,3
3895177,3
3895178,3
3895179,3
3895180,3
3895181,3
3895182,3
3895183,3
3895184,3
3895185,3
3895186,3
3895187,3
3895188,3
3895189,3
3895190,3
3895191,3
3895192,3
3895193,3
3895194,3
3895195,3
3895196,3
3895197,3
3895198,3
3895199,3
3895200,3
3895201,3
3895202,3
3895203,3
3896949,3
3896950,3
3896951,3
3896952,3
3896953,3
3896954,3
3896955,3
3896958,3
3896959,3
3896960,3
3896961,3
3896962,3
3896963,3
3896964,3
3896965,3
3896966,3
3896967,3
3896968,3
3896969,3
3896970,3
3896971,3
3896972,3
3896973,3
3896974,3
3896975,3
3896976,3
3896977,3
3896978,3
3896981,3
3896982,3
3896983,3
3896984,3
3896985,3
3896986,3
3896987,3
3896988,3
3896989,3
3896990,3
3896991,3
3896992,3
3896993,3
3896994,3
3896995,3
3896996,3
3896997,3
3896998,3
3896999,3
3897000,3
3897001,3
3897002,3
3897003,3
3897004,3
3897005,3
3897006,3
3897007,3
3897008,3
3897009,3
3897010,3
3897011,3
3897012,3
3897013,3
3897014,3
3897015,3
3897016,3
3897017,3
3897018,3
3897019,3
3897020,3
3897021,3
3897022,3
3897023,3
3897024,3
3897025,3
3897026,3
3897027,3
3897028,3
3897029,3
3897030,3
3897031,3
3897032,3
3897033,3
3897034,3
3897035,3
3897036,3
3897037,3
3897038,3
3897039,3
3897040,3
3897041,3
3897042,3
3897043,3
3897044,3
3897045,3
3897046,3
3897047,3
3897048,3
3897049,3
3897050,3
3897051,3
3897052,3
3897053,3
3897054,3
3897055,3
3897056,3
3897057,3
3897058,3
3897059,3
3897060,3
3897061,3
3897062,3
3897063,3
3897064,3
3897065,3
3897066,3
3897067,3
3897068,3
3897069,3
3897070,3
3897071,3
3897072,3
3897073,3
3897074,3
3897075,3
3897076,3
3897077,3
3897078,3
3897079,3
3897080,3
3897081,3
3897082,3
3897083,3
3897084,3
3897086,3
3897087,3
3897088,3
3897089,3
3897090,3
3897091,3
3897092,3
3897093,3
3897094,3
3897095,3
3897096,3
3897097,3
3897098,3
3897099,3
3897100,3
3897101,3
3897102,3
3897103,3
3897104,3
3897105,3
3897106,3
3897107,3
3897108,3
3897109,3
3897110,3
3897111,3
3897112,3
3897113,3
3897114,3
3897115,3
3897116,3
3897117,3
3897118,3
3897119,3
3897120,3
3897121,3
3897122,3
3897123,3
3897124,3
3897125,3
3897126,3
3897127,3
3897128,3
3897129,3
3897130,3
3897131,3
3897132,3
3897133,3
3897134,3
3897135,3
3897136,3
3897137,3
3897138,3
3897139,3
3897140,3
3897141,3
3897142,3
3897143,3
3897144,3
3897145,3
3897146,3
3897147,3
3897148,3
3897149,3
3897150,3
3897151,3
3897152,3
3897153,3
3897154,3
3897155,3
3897156,3
3897157,3
3897158,3
3897159,3
3897160,3
3897161,3
3897163,3
3897164,3
3897165,3
3897166,3
3897167,3
3897168,3
3897169,3
3897170,3
3897171,3
3897172,3
3897173,3
3897174,3
3897175,3
3897176,3
3897177,3
3897178,3
3897179,3
3897180,3
3897181,3
3897182,3
3897183,3
3897184,3
3897185,3
3897186,3
3897187,3
3897188,3
3897189,3
3897190,3
3897191,3
3897192,3
3897193,3
3897194,3
3897195,3
3897196,3
3897197,3
3897198,3
3897199,3
3897200,3
3897201,3
3897202,3
3897203,3
3897204,3
3897205,3
3897206,3
3897207,3
3897208,3
3897209,3
3897210,3
3897211,3
3897212,3
3897213,3
3897214,3
3897215,3
3897216,3
3897217,3
3897218,3
3897219,3
3897220,3
3897221,3
3897222,3
3897223,3
3897224,3
3897225,3
3897226,3
3897227,3
3897228,3
3897229,3
3897230,3
3897231,3
3897232,3
3897233,3
3897234,3
3897235,3
3897236,3
3897237,3
3897238,3
3897239,3
3897240,3
3897241,3
3897242,3
3897243,3
3897244,3
3897245,3
3897246,3
3897247,3
3897248,3
3897249,3
3897250,3
3897252,3
3897253,3
3897254,3
3897255,3
3897256,3
3897257,3
3897258,3
3897259,3
3897260,3
3897261,3
3897262,3
3897263,3
3897264,3
3897265,3
3897266,3
3897267,3
3897268,3
3897269,3
3897270,3
3897271,3
3897272,3
3897273,3
3897274,3
3897275,3
3897276,3
3897277,3
3897278,3
3897279,3
3897280,3
3897281,3
3897282,3
3897283,3
3897284,3
3897285,3
3897286,3
3897287,3
3897288,3
3897289,3
3897290,3
3897291,3
3897292,3
3897293,3
3897294,3
3897295,3
3897296,3
3897297,3
3897298,3
3897299,3
3897300,3
3897301,3
3897302,3
3897303,3
3897304,3
3897305,3
3897306,3
3897307,3
3897308,3
3897309,3
3897310,3
3897311,3
3897312,3
3897313,3
3897314,3
3897315,3
3897316,3
3897318,3
3897320,3
3897321,3
3897322,3
3897323,3
3897324,3
3897325,3
3897326,3
3897327,3
3897328,3
3897329,3
3897330,3
3897331,3
3897332,3
3897333,3
3897334,3
3897335,3
3897336,3
3897337,3
3897338,3
3897339,3
3897340,3
3897341,3
3897342,3
3897343,3
3897344,3
3897345,3
3897346,3
3897347,3
3897348,3
3897350,3
3897351,3
3897352,3
3897353,3
3897354,3
3897355,3
3897356,3
3897357,3
3897358,3
3897359,3
3897360,3
3897361,3
3897362,3
3897363,3
3897364,3
3897365,3
3897366,3
3897367,3
3897368,3
3897369,3
3897370,3
3897371,3
3897372,3
3897373,3
3897374,3
3897375,3
3897376,3
3897377,3
3897378,3
3897379,3
3897380,3
3897381,3
3897382,3
3897385,3
3897386,3
3897387,3
3897388,3
3897389,3
3897390,3
3897391,3
3897392,3
3897393,3
3897394,3
3897395,3
3897396,3
3897397,3
3897398,3
3897399,3
3897400,3
3897401,3
3897402,3
3897403,3
3897404,3
3897405,3
3897406,3
3897407,3
3897408,3
3897409,3
3897410,3
3897411,3
3897412,3
3897413,3
3897414,3
3897415,3
3897416,3
3897417,3
3897418,3
3897419,3
3897420,3
3897421,3
3897422,3
3897423,3
3897424,3
3897425,3
3897426,3
3897427,3
3897428,3
3897429,3
3897430,3
3897431,3
3897432,3
3897433,3
3897434,3
3897435,3
3897436,3
3897437,3
3897438,3
3897439,3
3897440,3
3897441,3
3897442,3
3897443,3
3897444,3
3897445,3
3897446,3
3897447,3
3897448,3
3897449,3
3897450,3
3897451,3
3897452,3
3897453,3
3897454,3
3897455,3
3897456,3
3897457,3
3897458,3
3897459,3
3897460,3
3897461,3
3897462,3
3897463,3
3897464,3
3897465,3
3897466,3
3897467,3
3897468,3
3897469,3
3897470,3
3897471,3
3897472,3
3897473,3
3897474,3
3897475,3
3897477,3
3897478,3
3897479,3
3897480,3
3897481,3
3897482,3
3897483,3
3897484,3
3897485,3
3897486,3
3897487,3
3897488,3
3897489,3
3897490,3
3897491,3
3897492,3
3897493,3
3897494,3
3897495,3
3897496,3
3897497,3
3897498,3
3897499,3
3897500,3
3897501,3
3897502,3
3897503,3
3897504,3
3897505,3
3897506,3
3897507,3
3897508,3
3897509,3
3897510,3
3897511,3
3897512,3
3897513,3
3897514,3
3897515,3
3897516,3
3897517,3
3897518,3
3897519,3
3897520,3
3897521,3
3897522,3
3897523,3
3897524,3
3897525,3
3897526,3
3897527,3
3897528,3
3897529,3
3897530,3
3897531,3
3897532,3
3897533,3
3897534,3
3897535,3
3897536,3
3897537,3
3897538,3
3897539,3
3897540,3
3897541,3
3897542,3
3897543,3
3897544,3
3897545,3
3897546,3
3897547,3
3897548,3
3897550,3
3897551,3
3897552,3
3897553,3
3897554,3
3897555,3
3897556,3
3897557,3
3897558,3
3897559,3
3897560,3
3897561,3
3897562,3
3897563,3
3897564,3
3897565,3
3897566,3
3897567,3
3897568,3
3897569,3
3897570,3
3897571,3
3897572,3
3897573,3
3897574,3
3897575,3
3897576,3
3897577,3
3897578,3
3897579,3
3897580,3
3897581,3
3897582,3
3897583,3
3897584,3
3897585,3
3897586,3
3897587,3
3897588,3
3897589,3
3897590,3
3897591,3
3897592,3
3897593,3
3897594,3
3897595,3
3897596,3
3897597,3
3897598,3
3897599,3
3897600,3
3897601,3
3897602,3
3897603,3
3897604,3
3897605,3
3897606,3
3897607,3
3897608,3
3897609,3
3897610,3
3897611,3
3897612,3
3897613,3
3897614,3
3897615,3
3897616,3
3897617,3
3897618,3
3897619,3
3897620,3
3897621,3
3897622,3
3897623,3
3897624,3
3897625,3
3897626,3
3897627,3
3897628,3
3897629,3
3897630,3
3897631,3
3897632,3
3897633,3
3897634,3
3897635,3
3897636,3
3897637,3
3897638,3
3897639,3
3897640,3
3897641,3
3897642,3
3897643,3
3897644,3
3897645,3
3897646,3
3897647,3
3897648,3
3897649,3
3897650,3
3897651,3
3897652,3
3897653,3
3897654,3
3897655,3
3897656,3
3897657,3
3897658,3
3897659,3
3897660,3
3897661,3
3897662,3
3897663,3
3897664,3
3897665,3
3897666,3
3897667,3
3897668,3
3897669,3
3897670,3
3897671,3
3897672,3
3897673,3
3897674,3
3897675,3
3897676,3
3897677,3
3897678,3
3897679,3
3897680,3
3897681,3
3897682,3
3897683,3
3897684,3
3897685,3
3897686,3
3897687,3
3897688,3
3897689,3
3897690,3
3897691,3
3897692,3
3897693,3
3897694,3
3897695,3
3897696,3
3897697,3
3897698,3
3897699,3
3897700,3
3897701,3
3897702,3
3897703,3
3897704,3
3897705,3
3897706,3
3897707,3
3897708,3
3897709,3
3897710,3
3897711,3
3897712,3
3897713,3
3897714,3
3897715,3
3897716,3
3897717,3
3897718,3
3897719,3
3897720,3
3897721,3
3897722,3
3897723,3
3897724,3
3897725,3
3897726,3
3897727,3
3897728,3
3897730,3
3897731,3
3897732,3
3897733,3
3897734,3
3897735,3
3897736,3
3897737,3
3897738,3
3897741,3
3897742,3
3897743,3
3897744,3
3897745,3
3897746,3
3897747,3
3897748,3
3897749,3
3897750,3
3897751,3
3897752,3
3897753,3
3897754,3
3897755,3
3897756,3
3897757,3
3897758,3
3897759,3
3897760,3
3897761,3
3897762,3
3897763,3
3897764,3
3897765,3
3897766,3
3897767,3
3897768,3
3897770,3
3897771,3
3897772,3
3897773,3
3897774,3
3897775,3
3897776,3
3897777,3
3897778,3
3897779,3
3897780,3
3897781,3
3897782,3
3897783,3
3897784,3
3897785,3
3897786,3
3897787,3
3897790,3
3897791,3
3897792,3
3897794,3
3897796,3
3897797,3
3897798,3
3897799,3
3897800,3
3897801,3
3897802,3
3897803,3
3897804,3
3897805,3
3897806,3
3897807,3
3897808,3
3897809,3
3897810,3
3897811,3
3897812,3
3897813,3
3897814,3
3897815,3
3897816,3
3897817,3
3897818,3
3897819,3
3897820,3
3897821,3
3897822,3
3897823,3
3897824,3
3897825,3
3897826,3
3897827,3
3897828,3
3897829,3
3897830,3
3897831,3
3897832,3
3897833,3
3897834,3
3897835,3
3897836,3
3897837,3
3897838,3
3897839,3
3897840,3
3897841,3
3897842,3
3897843,3
3897844,3
3897845,3
3897846,3
3897847,3
3897848,3
3897849,3
3897850,3
3897851,3
3897852,3
3897853,3
3897854,3
3897855,3
3897856,3
3897857,3
3897858,3
3897859,3
3897860,3
3897861,3
3897862,3
3897863,3
3897864,3
3897865,3
3897866,3
3897867,3
3897868,3
3897869,3
3897870,3
3897871,3
3897872,3
3897873,3
3897874,3
3897875,3
3897876,3
3897877,3
3897878,3
3897879,3
3897880,3
3897881,3
3897882,3
3897883,3
3897884,3
3897885,3
3897886,3
3897887,3
3897888,3
3897889,3
3897890,3
3897891,3
3897892,3
3897893,3
3897894,3
3897895,3
3897896,3
3897897,3
3897898,3
3897899,3
3897900,3
3897901,3
3897902,3
3897903,3
3897904,3
3897905,3
3897906,3
3897907,3
3897908,3
3897909,3
3897910,3
3897911,3
3897912,3
3897913,3
3897914,3
3897915,3
3897916,3
3897917,3
3897918,3
3897919,3
3897920,3
3897921,3
3897922,3
3897923,3
3897924,3
3897925,3
3897926,3
3897927,3
3897928,3
3897929,3
3897930,3
3897931,3
3897932,3
3897933,3
3897934,3
3897935,3
3897936,3
3897937,3
3897938,3
3897939,3
3897940,3
3897941,3
3897942,3
3897943,3
3897944,3
3897945,3
3897946,3
3897947,3
3897948,3
3897949,3
3897950,3
3897951,3
3897952,3
3897953,3
3897954,3
3897955,3
3897956,3
3897957,3
3897958,3
3897959,3
3897960,3
3897961,3
3897962,3
3897963,3
3897964,3
3897965,3
3897966,3
3897967,3
3897968,3
3897969,3
3897970,3
3897971,3
3897972,3
3897973,3
3897974,3
3897975,3
3897976,3
3897977,3
3897978,3
3897979,3
3897980,3
3897981,3
3897982,3
3897983,3
3897984,3
3897985,3
3897986,3
3897987,3
3897988,3
3897989,3
3897990,3
3897991,3
3897992,3
3897993,3
3897994,3
3897995,3
3897996,3
3897997,3
3897998,3
3897999,3
3898000,3
3898001,3
3898002,3
3898003,3
3898004,3
3898005,3
3898006,3
3898007,3
3898008,3
3898009,3
3898010,3
3898011,3
3898012,3
3898013,3
3898014,3
3898015,3
3898016,3
3898017,3
3898018,3
3898019,3
3898020,3
3898021,3
3898022,3
3898025,3
3898028,3
3898029,3
3898030,3
3898031,3
3898032,3
3898033,3
3898034,3
3898035,3
3898036,3
3898037,3
3898038,3
3898039,3
3898040,3
3898041,3
3898042,3
3898043,3
3898044,3
3898063,3
3898064,3
3898065,3
3898066,3
3898067,3
3898068,3
3898069,3
3898070,3
3898071,3
3898072,3
3898073,3
3898074,3
3898075,3
3898076,3
3898077,3
3898078,3
3898079,3
3898080,3
3898081,3
3898082,3
3898083,3
3898084,3
3898085,3
3898086,3
3898087,3
3898088,3
3898089,3
3898090,3
3898091,3
3898092,3
3898093,3
3898094,3
3898095,3
3898096,3
3898097,3
3898098,3
3898099,3
3898100,3
3898101,3
3898102,3
3898103,3
3898104,3
3898105,3
3898106,3
3898107,3
3898108,3
3898109,3
3898110,3
3898111,3
3898112,3
3898113,3
3898114,3
3898115,3
3898116,3
3898117,3
3898118,3
3898119,3
3898120,3
3898121,3
3898122,3
3898123,3
3898124,3
3898125,3
3898126,3
3898127,3
3898128,3
3898129,3
3898130,3
3898131,3
3898132,3
3898133,3
3898134,3
3898135,3
3898136,3
3898137,3
3898138,3
3898139,3
3898140,3
3898141,3
3898142,3
3898143,3
3898144,3
3898145,3
3898146,3
3898147,3
3898148,3
3898149,3
3898150,3
3898151,3
3898152,3
3898153,3
3898154,3
3898155,3
3898156,3
3898157,3
3898158,3
3898159,3
3898160,3
3898161,3
3898162,3
3898163,3
3898164,3
3898165,3
3898166,3
3898167,3
3898168,3
3898169,3
3898170,3
3898171,3
3898172,3
3898173,3
3898174,3
3898175,3
3898176,3
3898177,3
3898178,3
3898179,3
3898180,3
3898181,3
3898182,3
3898183,3
3898184,3
3898185,3
3898186,3
3898187,3
3898188,3
3898189,3
3898190,3
3898191,3
3898192,3
3898193,3
3898194,3
3898195,3
3898196,3
3898197,3
3898198,3
3898199,3
3898200,3
3898201,3
3898202,3
3898203,3
3898204,3
3898205,3
3898206,3
3898207,3
3898208,3
3898209,3
3898210,3
3898211,3
3898212,3
3898213,3
3898214,3
3898215,3
3898216,3
3898217,3
3898218,3
3898219,3
3898220,3
3898221,3
3898222,3
3898223,3
3898224,3
3898225,3
3898226,3
3898227,3
3898228,3
3898229,3
3898230,3
3898231,3
3898232,3
3898233,3
3898234,3
3898235,3
3898236,3
3898237,3
3898238,3
3898239,3
3898240,3
3898241,3
3898242,3
3898243,3
3898244,3
3898245,3
3898246,3
3898247,3
3898248,3
3898249,3
3898250,3
3898251,3
3898252,3
3898253,3
3898254,3
3898255,3
3898256,3
3898257,3
3898258,3
3898259,3
3898260,3
3898261,3
3898262,3
3898263,3
3898264,3
3898265,3
3898266,3
3898267,3
3898268,3
3898269,3
3898270,3
3898271,3
3898272,3
3898273,3
3898274,3
3898275,3
3898276,3
3898277,3
3898278,3
3898279,3
3898280,3
3898281,3
3898282,3
3898283,3
3898284,3
3898285,3
3898286,3
3898287,3
3898288,3
3898289,3
3898290,3
3898291,3
3898292,3
3898293,3
3898294,3
3898295,3
3898296,3
3898297,3
3898298,3
3898299,3
3898300,3
3898301,3
3898302,3
3898303,3
3898304,3
3898305,3
3898306,3
3898307,3
3898308,3
3898309,3
3898310,3
3898311,3
3898312,3
3898313,3
3898314,3
3898315,3
3898316,3
3898317,3
3898318,3
3898319,3
3898320,3
3898321,3
3898322,3
3898323,3
3898324,3
3898325,3
3898326,3
3898327,3
3898328,3
3898329,3
3898330,3
3898331,3
3898332,3
3898333,3
3898334,3
3898335,3
3898336,3
3898337,3
3898338,3
3898339,3
3898340,3
3898341,3
3898342,3
3898343,3
3898344,3
3898345,3
3898346,3
3898347,3
3898348,3
3898349,3
3898350,3
3898351,3
3898352,3
3898353,3
3898354,3
3898355,3
3898356,3
3898357,3
3898358,3
3898359,3
3898360,3
3898361,3
3898362,3
3898363,3
3898364,3
3898365,3
3898366,3
3898367,3
3898368,3
3898369,3
3898370,3
3898371,3
3898372,3
3898373,3
3898374,3
3898375,3
3898376,3
3898377,3
3898378,3
3898379,3
3898380,3
3898381,3
3898382,3
3898383,3
3898384,3
3898385,3
3898386,3
3898387,3
3898388,3
3898389,3
3898390,3
3898391,3
3898392,3
3898393,3
3898394,3
3898395,3
3898396,3
3898397,3
3898398,3
3898399,3
3898400,3
3898401,3
3898402,3
3898403,3
3898404,3
3898405,3
3898406,3
3898407,3
3898408,3
3898409,3
3898410,3
3898411,3
3898412,3
3898413,3
3898414,3
3898415,3
3898416,3
3898417,3
3898418,3
3898419,3
3898420,3
3898421,3
3898422,3
3898423,3
3898424,3
3898425,3
3898426,3
3898427,3
3898428,3
3898429,3
3898430,3
3898431,3
3898432,3
3898433,3
3898434,3
3898435,3
3898436,3
3898437,3
3898438,3
3898439,3
3898440,3
3898441,3
3898442,3
3898443,3
3898444,3
3898445,3
3898446,3
3898447,3
3898448,3
3898449,3
3898450,3
3898451,3
3898452,3
3898453,3
3898454,3
3898455,3
3898456,3
3898457,3
3898458,3
3898459,3
3898460,3
3898461,3
3898462,3
3898463,3
3898464,3
3898465,3
3898466,3
3898467,3
3898468,3
3898469,3
3898470,3
3898471,3
3898472,3
3898473,3
3898474,3
3898475,3
3898476,3
3898477,3
3898478,3
3898479,3
3898480,3
3898481,3
3898482,3
3898483,3
3898484,3
3898485,3
3898486,3
3898487,3
3898488,3
3898489,3
3898490,3
3898491,3
3898492,3
3898493,3
3898494,3
3898495,3
3898496,3
3898497,3
3898498,3
3898499,3
3898500,3
3898501,3
3898502,3
3898503,3
3898504,3
3898505,3
3898506,3
3898507,3
3898508,3
3898509,3
3898510,3
3898511,3
3898512,3
3898513,3
3898514,3
3898515,3
3898516,3
3898517,3
3898518,3
3898519,3
3898520,3
3898521,3
3898522,3
3898523,3
3898524,3
3898525,3
3898526,3
3898527,3
3898528,3
3898529,3
3898530,3
3898531,3
3898532,3
3898533,3
3898534,3
3898535,3
3898536,3
3898537,3
3898538,3
3898539,3
3898540,3
3898541,3
3898542,3
3898543,3
3898544,3
3898545,3
3898546,3
3898547,3
3898548,3
3898549,3
3898550,3
3898551,3
3898552,3
3898553,3
3898554,3
3898555,3
3898556,3
3898557,3
3898558,3
3898559,3
3898560,3
3898561,3
3898562,3
3898563,3
3898564,3
3898565,3
3898566,3
3898568,3
3898569,3
3898570,3
3898571,3
3898572,3
3898573,3
3898574,3
3898575,3
3898576,3
3898577,3
3898578,3
3898579,3
3898580,3
3898581,3
3898582,3
3898583,3
3898584,3
3898585,3
3898586,3
3898587,3
3898588,3
3898589,3
3898590,3
3898591,3
3898592,3
3898593,3
3898594,3
3898595,3
3898596,3
3898597,3
3898598,3
3898599,3
3898600,3
3898601,3
3898602,3
3898603,3
3898604,3
3898605,3
3898606,3
3898607,3
3898608,3
3898609,3
3898610,3
3898611,3
3898612,3
3898613,3
3898614,3
3898615,3
3898616,3
3898617,3
3898618,3
3898619,3
3898620,3
3898621,3
3898622,3
3898623,3
3898624,3
3898625,3
3898626,3
3898627,3
3898628,3
3898629,3
3898630,3
3898631,3
3898632,3
3898633,3
3898634,3
3898635,3
3898636,3
3898637,3
3898638,3
3898639,3
3898640,3
3898641,3
3898642,3
3898643,3
3898644,3
3898645,3
3898646,3
3898647,3
3898648,3
3898649,3
3898650,3
3898651,3
3898652,3
3898653,3
3898654,3
3898655,3
3898656,3
3898657,3
3898658,3
3898659,3
3898660,3
3898661,3
3898662,3
3898663,3
3898664,3
3898665,3
3898666,3
3898667,3
3898668,3
3898669,3
3898670,3
3898671,3
3898672,3
3898673,3
3898674,3
3898675,3
3898676,3
3898677,3
3898678,3
3898679,3
3898680,3
3898681,3
3898682,3
3898683,3
3898684,3
3898685,3
3898686,3
3898687,3
3898688,3
3898689,3
3898690,3
3898691,3
3898692,3
3898693,3
3898694,3
3898695,3
3898696,3
3898697,3
3898698,3
3898699,3
3898700,3
3898701,3
3898702,3
3898703,3
3898704,3
3898705,3
3898706,3
3898707,3
3898708,3
3898709,3
3898710,3
3898711,3
3898712,3
3898713,3
3898714,3
3898715,3
3898716,3
3898717,3
3898718,3
3898719,3
3898720,3
3898721,3
3898722,3
3898723,3
3898724,3
3898725,3
3898726,3
3898727,3
3898728,3
3898729,3
3898730,3
3898731,3
3898732,3
3898733,3
3898734,3
3898735,3
3898736,3
3898737,3
3898738,3
3898739,3
3898740,3
3898741,3
3898742,3
3898743,3
3898744,3
3898745,3
3898746,3
3898747,3
3898748,3
3898749,3
3898750,3
3898751,3
3898752,3
3898753,3
3898754,3
3898755,3
3898756,3
3898757,3
3898758,3
3898759,3
3898760,3
3898761,3
3898762,3
3898763,3
3898764,3
3898765,3
3898766,3
3898767,3
3898768,3
3898769,3
3898770,3
3898771,3
3898772,3
3898773,3
3898774,3
3898775,3
3898776,3
3898777,3
3898778,3
3898779,3
3898780,3
3898781,3
3898782,3
3898783,3
3898784,3
3898785,3
3898786,3
3898787,3
3898788,3
3898789,3
3898790,3
3898791,3
3898792,3
3898793,3
3898794,3
3898795,3
3898796,3
3898797,3
3898798,3
3898799,3
3898800,3
3898801,3
3898802,3
3898803,3
3898804,3
3898805,3
3898806,3
3898807,3
3898808,3
3898809,3
3898810,3
3898811,3
3898812,3
3898813,3
3898814,3
3898815,3
3898816,3
3898817,3
3898818,3
3898819,3
3898820,3
3898821,3
3898822,3
3898823,3
3898824,3
3898825,3
3898826,3
3898827,3
3898828,3
3898829,3
3898830,3
3898831,3
3898832,3
3898833,3
3898834,3
3898835,3
3898836,3
3898837,3
3898838,3
3898839,3
3898840,3
3898841,3
3898842,3
3898843,3
3898844,3
3898845,3
3898846,3
3898847,3
3898848,3
3898849,3
3898850,3
3898851,3
3898852,3
3898853,3
3898854,3
3898855,3
3898856,3
3898857,3
3898858,3
3898859,3
3898860,3
3898861,3
3898862,3
3898863,3
3898864,3
3898865,3
3898866,3
3898867,3
3898868,3
3898869,3
3898870,3
3898871,3
3898872,3
3898873,3
3898874,3
3898875,3
3898876,3
3898877,3
3898878,3
3898879,3
3898880,3
3898881,3
3898882,3
3898883,3
3898884,3
3898885,3
3898886,3
3898887,3
3898888,3
3898889,3
3898890,3
3898891,3
3898892,3
3898893,3
3898894,3
3898895,3
3898896,3
3898897,3
3898898,3
3898899,3
3898900,3
3898901,3
3898902,3
3898903,3
3898904,3
3898905,3
3898906,3
3898907,3
3898908,3
3898909,3
3898910,3
3898911,3
3898912,3
3898913,3
3898914,3
3898915,3
3898916,3
3898917,3
3898918,3
3898919,3
3898920,3
3898921,3
3898922,3
3898923,3
3898924,3
3898925,3
3898926,3
3898927,3
3898928,3
3898929,3
3898930,3
3898931,3
3898932,3
3898933,3
3898934,3
3898935,3
3898936,3
3898937,3
3898938,3
3898939,3
3898940,3
3898941,3
3898942,3
3898943,3
3898944,3
3898945,3
3898946,3
3898947,3
3898948,3
3898949,3
3898950,3
3898951,3
3898952,3
3898953,3
3898954,3
3898955,3
3898956,3
3898957,3
3898958,3
3898959,3
3898960,3
3898961,3
3898962,3
3898963,3
3898964,3
3898965,3
3898966,3
3898967,3
3898968,3
3898969,3
3898970,3
3898971,3
3898972,3
3898973,3
3898974,3
3898975,3
3898976,3
3898977,3
3898978,3
3898979,3
3898980,3
3898981,3
3898982,3
3898983,3
3898984,3
3898985,3
3898986,3
3898987,3
3898988,3
3898989,3
3898990,3
3898991,3
3898992,3
3898993,3
3898994,3
3898995,3
3898996,3
3898997,3
3898998,3
3898999,3
3899000,3
3899001,3
3899002,3
3899003,3
3899004,3
3899005,3
3899006,3
3899007,3
3899008,3
3899009,3
3899010,3
3899011,3
3899012,3
3899013,3
3899014,3
3899015,3
3899016,3
3899017,3
3899018,3
3899019,3
3899020,3
3899021,3
3899022,3
3899023,3
3899024,3
3899025,3
3899026,3
3899027,3
3899028,3
3899029,3
3899030,3
3899031,3
3899032,3
3899033,3
3899034,3
3899035,3
3899036,3
3899038,3
3899039,3
3899040,3
3899041,3
3899042,3
3899043,3
3899044,3
3899045,3
3899046,3
3899047,3
3899048,3
3899049,3
3899050,3
3899051,3
3899052,3
3899053,3
3899054,3
3899055,3
3899056,3
3899057,3
3899058,3
3899059,3
3899060,3
3899061,3
3899062,3
3899063,3
3899064,3
3899065,3
3899066,3
3899067,3
3899068,3
3899069,3
3899070,3
3899071,3
3899072,3
3899073,3
3899074,3
3899075,3
3899076,3
3899077,3
3899078,3
3899079,3
3899080,3
3899081,3
3899082,3
3899083,3
3899084,3
3899085,3
3899086,3
3899087,3
3899088,3
3899089,3
3899090,3
3899091,3
3899092,3
3899093,3
3899094,3
3899095,3
3899096,3
3899097,3
3899098,3
3899099,3
3899100,3
3899101,3
3899102,3
3899103,3
3899104,3
3899105,3
3899106,3
3899107,3
3899108,3
3899109,3
3899110,3
3899111,3
3899112,3
3899113,3
3899114,3
3899115,3
3899116,3
3899117,3
3899118,3
3899119,3
3899120,3
3899121,3
3899122,3
3899123,3
3899124,3
3899125,3
3899126,3
3899127,3
3899128,3
3899129,3
3899130,3
3899131,3
3899132,3
3899133,3
3899134,3
3899135,3
3899136,3
3899137,3
3899138,3
3899139,3
3899140,3
3899141,3
3899142,3
3899143,3
3899144,3
3899145,3
3899146,3
3899147,3
3899148,3
3899149,3
3899150,3
3899151,3
3899152,3
3899153,3
3899154,3
3899155,3
3899156,3
3899157,3
3899158,3
3899159,3
3899160,3
3899161,3
3899162,3
3899163,3
3899164,3
3899165,3
3899166,3
3899167,3
3899168,3
3899169,3
3899170,3
3899171,3
3899172,3
3899173,3
3899174,3
3899175,3
3899176,3
3899177,3
3899178,3
3899179,3
3899180,3
3899181,3
3899182,3
3899183,3
3899184,3
3899185,3
3899188,3
3899189,3
3899190,3
3899191,3
3899192,3
3899193,3
3899194,3
3899203,3
3899204,3
3899205,3
3899206,3
3899207,3
3899208,3
3899209,3
3899210,3
3899211,3
3899212,3
3899213,3
3899214,3
3899215,3
3899216,3
3899217,3
3899218,3
3899219,3
3899220,3
3899221,3
3899222,3
3899235,3
3899236,3
3899237,3
3899238,3
3899239,3
3899240,3
3899241,3
3899242,3
3899243,3
3899244,3
3899245,3
3899246,3
3899249,3
3899250,3
3899251,3
3899252,3
3899253,3
3899254,3
3899255,3
3899256,3
3899257,3
3899258,3
3899259,3
3899260,3
3899261,3
3899262,3
3899263,3
3899264,3
3899272,3
3899273,3
3899274,3
3899275,3
3899276,3
3899277,3
3899278,3
3899279,3
3899280,3
3899281,3
3899282,3
3899283,3
3899284,3
3899285,3
3899286,3
3899287,3
3899288,3
3899289,3
3899290,3
3899291,3
3899292,3
3899293,3
3899294,3
3899295,3
3899296,3
3899297,3
3899298,3
3899299,3
3899300,3
3899301,3
3899302,3
3899303,3
3899304,3
3899305,3
3899306,3
3899307,3
3899308,3
3899309,3
3899310,3
3899311,3
3899312,3
3899313,3
3899314,3
3899315,3
3899316,3
3899317,3
3899318,3
3899319,3
3899320,3
3899321,3
3899322,3
3899323,3
3899324,3
3899325,3
3899326,3
3899327,3
3899328,3
3899329,3
3899330,3
3899331,3
3899332,3
3899333,3
3899334,3
3899335,3
3899336,3
3899337,3
3899338,3
3899339,3
3899340,3
3899341,3
3899342,3
3899343,3
3899344,3
3899345,3
3899346,3
3899347,3
3899348,3
3899349,3
3899350,3
3899351,3
3899352,3
3899353,3
3899354,3
3899355,3
3899356,3
3899357,3
3899358,3
3899359,3
3899360,3
3899361,3
3899362,3
3899363,3
3899364,3
3899365,3
3899366,3
3899367,3
3899368,3
3899369,3
3899370,3
3899371,3
3899372,3
3899373,3
3899374,3
3899375,3
3899376,3
3899377,3
3899378,3
3899379,3
3899380,3
3899381,3
3899382,3
3899383,3
3899384,3
3899385,3
3899386,3
3899387,3
3899388,3
3899389,3
3899390,3
3899391,3
3899392,3
3899393,3
3899394,3
3899395,3
3899396,3
3899397,3
3899398,3
3899399,3
3899400,3
3899401,3
3899402,3
3899403,3
3899404,3
3899405,3
3899406,3
3899407,3
3899408,3
3899409,3
3899410,3
3899411,3
3899412,3
3899413,3
3899414,3
3899415,3
3899416,3
3899417,3
3899418,3
3899419,3
3899420,3
3899421,3
3899422,3
3899423,3
3899424,3
3899425,3
3899426,3
3899427,3
3899428,3
3899429,3
3899430,3
3899431,3
3899432,3
3899433,3
3899434,3
3899435,3
3899436,3
3899437,3
3899438,3
3899439,3
3899440,3
3899441,3
3899442,3
3899443,3
3899444,3
3899445,3
3899446,3
3899447,3
3899448,3
3899449,3
3899450,3
3899451,3
3899452,3
3899453,3
3899454,3
3899455,3
3899456,3
3899457,3
3899458,3
3899459,3
3899460,3
3899461,3
3899462,3
3899463,3
3899464,3
3899465,3
3899466,3
3899469,3
3899472,3
3899473,3
3899474,3
3899475,3
3899476,3
3899477,3
3899478,3
3899479,3
3899480,3
3899481,3
3899482,3
3899483,3
3899484,3
3899485,3
3899486,3
3899487,3
3899488,3
3899489,3
3899490,3
3899491,3
3899492,3
3899493,3
3899494,3
3899495,3
3899496,3
3899497,3
3899498,3
3899499,3
3899500,3
3899501,3
3899502,3
3899503,3
3899504,3
3899505,3
3899506,3
3899507,3
3899508,3
3899509,3
3899510,3
3899511,3
3899512,3
3899513,3
3899514,3
3899515,3
3899516,3
3899517,3
3899518,3
3899519,3
3899520,3
3899521,3
3899522,3
3899523,3
3899524,3
3899525,3
3899526,3
3899527,3
3899528,3
3899529,3
3899530,3
3899531,3
3899532,3
3899533,3
3899534,3
3899535,3
3899536,3
3899537,3
3899538,3
3899539,3
3899540,3
3899541,3
3899542,3
3899543,3
3899544,3
3899545,3
3899546,3
3899547,3
3899548,3
3899549,3
3899550,3
3899551,3
3899552,3
3899553,3
3899554,3
3899555,3
3899556,3
3899557,3
3899558,3
3899559,3
3899560,3
3899561,3
3899562,3
3899563,3
3899564,3
3899565,3
3899566,3
3899567,3
3899568,3
3899569,3
3899570,3
3899571,3
3899572,3
3899573,3
3899574,3
3899575,3
3899576,3
3899577,3
3899578,3
3899579,3
3899580,3
3899581,3
3899582,3
3899583,3
3899584,3
3899585,3
3899586,3
3899587,3
3899588,3
3899589,3
3899590,3
3899591,3
3899592,3
3899593,3
3899594,3
3899595,3
3899596,3
3899597,3
3899598,3
3899599,3
3899600,3
3899601,3
3899602,3
3899603,3
3899604,3
3899605,3
3899606,3
3899607,3
3899608,3
3899609,3
3899610,3
3899611,3
3899612,3
3899613,3
3899614,3
3899615,3
3899616,3
3899617,3
3899618,3
3899619,3
3899620,3
3899621,3
3899622,3
3899623,3
3899624,3
3899625,3
3899626,3
3899627,3
3899628,3
3899629,3
3899630,3
3899631,3
3899632,3
3899633,3
3899634,3
3899635,3
3899636,3
3899637,3
3899638,3
3899639,3
3899640,3
3899641,3
3899642,3
3899643,3
3899644,3
3899645,3
3899646,3
3899647,3
3899648,3
3899649,3
3899650,3
3899651,3
3899652,3
3899653,3
3899654,3
3899655,3
3899656,3
3899657,3
3899658,3
3899659,3
3899660,3
3899661,3
3899662,3
3899663,3
3899664,3
3899665,3
3899666,3
3899667,3
3899668,3
3899669,3
3899670,3
3899671,3
3899672,3
3899673,3
3899674,3
3899675,3
3899676,3
3899677,3
3899678,3
3899679,3
3899680,3
3899681,3
3899682,3
3899683,3
3899684,3
3899685,3
3899686,3
3899687,3
3899688,3
3899689,3
3899690,3
3899691,3
3899692,3
3899693,3
3899694,3
3899695,3
3899696,3
3899697,3
3899698,3
3899699,3
3899700,3
3899701,3
3899702,3
3899703,3
3899704,3
3899705,3
3899706,3
3899707,3
3899708,3
3899709,3
3899710,3
3899711,3
3899712,3
3899713,3
3899714,3
3899715,3
3899716,3
3899717,3
3899718,3
3899719,3
3899720,3
3899721,3
3899722,3
3899723,3
3899724,3
3899725,3
3899726,3
3899727,3
3899728,3
3899729,3
3899730,3
3899731,3
3899732,3
3899733,3
3899734,3
3899735,3
3899736,3
3899737,3
3899738,3
3899739,3
3899740,3
3899741,3
3899742,3
3899743,3
3899744,3
3899745,3
3899746,3
3899747,3
3906165,3
3906166,3
3906167,3
3906168,3
3906169,3
3906170,3
3906171,3
3906173,3
3906174,3
3906175,3
3906178,3
3906179,3
3906181,3
3906182,3
3906183,3
3906185,3
3906186,3
3906187,3
3906188,3
3906189,3
3906190,3
3906191,3
3906192,3
3906195,3
3906196,3
3906197,3
3906198,3
3906199,3
3906200,3
3906201,3
3906202,3
3906203,3
3906204,3
3906205,3
3906206,3
3906207,3
3906208,3
3906209,3
3906210,3
3906211,3
3906212,3
3906213,3
3906214,3
3906215,3
3906216,3
3906217,3
3906219,3
3906220,3
3906221,3
3906222,3
3906223,3
3906224,3
3906227,3
3906228,3
3906229,3
3906230,3
3906235,3
3906236,3
3906237,3
3906238,3
3906240,3
3906241,3
3906244,3
3906245,3
3906255,3
3906256,3
3906257,3
3906258,3
3906259,3
3906260,3
3906261,3
3906262,3
3906266,3
3906267,3
3906268,3
3906273,3
3906274,3
3906275,3
3906276,3
3906277,3
3906278,3
3906279,3
3906280,3
3906281,3
3906282,3
3906283,3
3906284,3
3906295,3
3906296,3
3906298,3
3906299,3
3906301,3
3906302,3
3906303,3
3906304,3
3906305,3
3906306,3
3906307,3
3906308,3
3906309,3
3906311,3
3906312,3
3906314,3
3906315,3
3906316,3
3906317,3
3906331,3
3906332,3
3906333,3
3906334,3
3906335,3
3906338,3
3906339,3
3906340,3
3906341,3
3906342,3
3906343,3
3906346,3
3906347,3
3906348,3
3906349,3
3906350,3
3906351,3
3906352,3
3906360,3
3906361,3
3906362,3
3906363,3
3906364,3
3906366,3
3906367,3
3906368,3
3906375,3
3906377,3
3906378,3
3906380,3
3906381,3
3906382,3
3906383,3
3906384,3
3906385,3
3906386,3
3906387,3
3906388,3
3906389,3
3906390,3
3906391,3
3906392,3
3906393,3
3906394,3
3906395,3
3906396,3
3906398,3
3906399,3
3906401,3
3906402,3
3906403,3
3906404,3
3906405,3
3906406,3
3906407,3
3906408,3
3906409,3
3906410,3
3906411,3
3906412,3
3906414,3
3906415,3
3906416,3
3906417,3
3906418,3
3906419,3
3906420,3
3906421,3
3906422,3
3906423,3
3906424,3
3906425,3
3906426,3
3906427,3
3906428,3
3906429,3
3906430,3
3906431,3
3906432,3
3906433,3
3906434,3
3906435,3
3906436,3
3906437,3
3906438,3
3906439,3
3906440,3
3906441,3
3906442,3
3906443,3
3906444,3
3906445,3
3906446,3
3906447,3
3906448,3
3906449,3
3906450,3
3906454,3
3906455,3
3906456,3
3906457,3
3906458,3
3906459,3
3906460,3
3906461,3
3906462,3
3906464,3
3906465,3
3906466,3
3906467,3
3906468,3
3906469,3
3906470,3
3906471,3
3906474,3
3906475,3
3906476,3
3906477,3
3906478,3
3906479,3
3906480,3
3906491,3
3906498,3
3906499,3
3906500,3
3906501,3
3906502,3
3906503,3
3906504,3
3906505,3
3906506,3
3906507,3
3906508,3
3906509,3
3906510,3
3906515,3
3906516,3
3906517,3
3906518,3
3906519,3
3906520,3
3906521,3
3906522,3
3906527,3
3906528,3
3906529,3
3906530,3
3906531,3
3906532,3
3906533,3
3906534,3
3906535,3
3906536,3
3906537,3
3906542,3
3906543,3
3906544,3
3906545,3
3906546,3
3906548,3
3906549,3
3906550,3
3906551,3
3906552,3
3906555,3
3906556,3
3906557,3
3906558,3
3906559,3
3906560,3
3906561,3
3906562,3
3906563,3
3906564,3
3906565,3
3906566,3
3906567,3
3906568,3
3906569,3
3906571,3
3906572,3
3906573,3
3906574,3
3906575,3
3906576,3
3906577,3
3906578,3
3906579,3
3906580,3
3906581,3
3906582,3
3906583,3
3906584,3
3906585,3
3906586,3
3906587,3
3906588,3
3906589,3
3906590,3
3906591,3
3906592,3
3906593,3
3906595,3
3906596,3
3906597,3
3906598,3
3906599,3
3906600,3
3906601,3
3906602,3
3906603,3
3906606,3
3906607,3
3906608,3
3906609,3
3906610,3
3906611,3
3906612,3
3906613,3
3906633,3
3906634,3
3906635,3
3906636,3
3906637,3
3906638,3
3906639,3
3906640,3
3906641,3
3906644,3
3906645,3
3906646,3
3906647,3
3906648,3
3906649,3
3906650,3
3906651,3
3906652,3
3906653,3
3906654,3
3906655,3
3906656,3
3906657,3
3906658,3
3906659,3
3906660,3
3906661,3
3906662,3
3906663,3
3906664,3
3906665,3
3906666,3
3906667,3
3906668,3
3906669,3
3906670,3
3906671,3
3906672,3
3906673,3
3906674,3
3906675,3
3906676,3
3906677,3
3906678,3
3906679,3
3906680,3
3906681,3
3906682,3
3906683,3
3906685,3
3906686,3
3906687,3
3906688,3
3906689,3
3906691,3
3906692,3
3906693,3
3906694,3
3906695,3
3906696,3
3906698,3
3906699,3
3906700,3
3906702,3
3906703,3
3906704,3
3906705,3
3906706,3
3906707,3
3906708,3
3906709,3
3906711,3
3906712,3
3906713,3
3906714,3
3906715,3
3906716,3
3906717,3
3906718,3
3906719,3
3906720,3
3906721,3
3906723,3
3906724,3
3906725,3
3906726,3
3906727,3
3906728,3
3906729,3
3906735,3
3906736,3
3906737,3
3906738,3
3906739,3
3906740,3
3906741,3
3906742,3
3906743,3
3906744,3
3906745,3
3906746,3
3906747,3
3906751,3
3906752,3
3906753,3
3906755,3
3906756,3
3906757,3
3906758,3
3906759,3
3906760,3
3906761,3
3906762,3
3906763,3
3906764,3
3906765,3
3906768,3
3906769,3
3906770,3
3906771,3
3906777,3
3906778,3
3909048,3
3909049,3
3909056,3
3909109,3
3909110,3
3909111,3
3909112,3
3909113,3
3909114,3
3909115,3
3909116,3
3909117,3
3909118,3
3909119,3
3909120,3
3909129,3
3909141,3
3909145,3
3909146,3
3909150,3
3909151,3
3909152,3
3909153,3
3909155,3
3909157,3
3909158,3
3909159,3
3909160,3
3909163,3
3909164,3
3909165,3
3909166,3
3909167,3
3909168,3
3909169,3
3909170,3
3909171,3
3909172,3
3909173,3
3909174,3
3913095,3
3913096,3
3913719,3
3913720,3
3913721,3
3913722,3
3913723,3
3913725,3
3913726,3
3913727,3
3913728,3
3913729,3
3913730,3
3913731,3
3913732,3
3913733,3
3913734,3
3913735,3
3913737,3
3913738,3
3913739,3
3913740,3
3913741,3
3913742,3
3913743,3
3913744,3
3913745,3
3913746,3
3913747,3
3913748,3
3913749,3
3913752,3
3913756,3
3913757,3
3913758,3
3913759,3
3913760,3
3913761,3
3913766,3
3913767,3
3913769,3
3913770,3
3913772,3
3913773,3
3913774,3
3913776,3
3913777,3
3913778,3
3913780,3
3913781,3
3913782,3
3913783,3
3913784,3
3913785,3
3913787,3
3913788,3
3913811,3
3913812,3
3913813,3
3913814,3
3913815,3
3913816,3
3913850,3
3913851,3
3913853,3
3913854,3
3913855,3
3913858,3
3913859,3
3913860,3
3913868,3
3913869,3
3913870,3
3913871,3
3913872,3
3913874,3
3913884,3
3917076,3
3917077,3
3917078,3
3917079,3
3917080,3
3917081,3
3917082,3
3917083,3
3917084,3
3917085,3
3917106,3
3917107,3
3917108,3
3917109,3
3917110,3
3917111,3
3917112,3
3917113,3
3917114,3
3917115,3
3917116,3
3917117,3
3917118,3
3917119,3
3917120,3
3917121,3
3917122,3
3917123,3
3917124,3
3917125,3
3917126,3
3917127,3
3917128,3
3917129,3
3917130,3
3917131,3
3917132,3
3917133,3
3917134,3
3917135,3
3917136,3
3917137,3
3917138,3
3917139,3
3917140,3
3917141,3
3917142,3
3917143,3
3917144,3
3917145,3
3917146,3
3917147,3
3917148,3
3917149,3
3917150,3
3917151,3
3917152,3
3917153,3
3917154,3
3917155,3
3917156,3
3917157,3
3917158,3
3917159,3
3917160,3
3917161,3
3917162,3
3917163,3
3917164,3
3917165,3
3917166,3
3917167,3
3917168,3
3917169,3
3917170,3
3917171,3
3917172,3
3917173,3
3917174,3
3917177,3
3917178,3
3917179,3
3917180,3
3917181,3
3917182,3
3917644,3
3917645,3
3917646,3
3917647,3
3917648,3
3917649,3
3917650,3
3917651,3
3917652,3
3917653,3
3917654,3
3917655,3
3917656,3
3917657,3
3917658,3
3917659,3
3917660,3
3917661,3
3917662,3
3917663,3
3917664,3
3917665,3
3917666,3
3917667,3
3917668,3
3917669,3
3917670,3
3917671,3
3917672,3
3917673,3
3917674,3
3917675,3
3917676,3
3917677,3
3917678,3
3917679,3
3917680,3
3917681,3
3917682,3
3917683,3
3917684,3
3917685,3
3917686,3
3923723,3
3923724,3
3923725,3
3923726,3
3923727,3
3923728,3
3923729,3
3923743,0
3923746,0
3923747,3
3923748,3
3923749,3
3923750,3
3923751,3
3923752,3
3923753,3
3923754,3
3923755,3
3923756,3
3923757,3
3923758,3
3923759,3
3923760,3
3923761,3
3923762,3
3923763,3
3923764,3
3923765,3
3923766,3
3923767,3
3923768,3
3923769,0
3923770,3
3923771,3
3923772,3
3923773,3
3923774,3
3923775,3
3923776,0
3923777,3
3923778,3
3923779,3
3923780,3
3923781,3
3923782,3
3923783,3
3923784,3
3923785,3
3923786,3
3923787,3
3923788,3
3923789,3
3923790,3
3923791,3
3923792,3
3923793,3
3923794,3
3923795,3
3923796,3
3923797,3
3923798,3
3923799,3
3923800,3
3923801,3
3923802,3
3923803,3
3923804,3
3923805,3
3923806,3
3923807,3
3923808,3
3923809,3
3923810,3
3923811,3
3923812,3
3923813,3
3923814,3
3923815,3
3923816,3
3923817,3
3923818,3
3923819,3
3923820,3
3923821,3
3923822,3
3923823,3
3923824,3
3923825,3
3923826,3
3923827,3
3923828,3
3923829,3
3923830,3
3923831,3
3923832,3
3923833,3
3923834,3
3923835,3
3923836,3
3923837,3
3923838,3
3923839,3
3923840,3
3923841,3
3923842,3
3923843,3
3923844,3
3923845,3
3923846,3
3923847,3
3923848,3
3923849,3
3923850,3
3923851,3
3923852,3
3923853,3
3923854,3
3923855,3
3923856,3
3923857,3
3923858,3
3923859,3
3923860,3
3923861,3
3923862,3
3923863,3
3923864,3
3923865,3
3923866,3
3923867,3
3923868,3
3923869,3
3923870,3
3923871,3
3923872,3
3923873,3
3923874,3
3923875,3
3923876,3
3923877,3
3923878,3
3923879,3
3923880,3
3923881,3
3923882,3
3923883,3
3923884,3
3923885,3
3923886,3
3923887,3
3923888,3
3923889,3
3923890,0
3923891,0
3923892,0
3923893,0
3923894,0
3923895,3
3923896,0
3923897,3
3923898,3
3923899,3
3923900,0
3923901,3
3923902,0
3923903,0
3923904,0
3923905,0
3923906,3
3923907,3
3923908,3
3923909,3
3923914,3
3923915,3
3923916,3
3923917,3
3923918,3
3923919,3
3923920,3
3923921,3
3923922,3
3923923,3
3923924,3
3923925,3
3923926,3
3923927,3
3923928,3
3923929,3
3923930,3
3923931,3
3923932,3
3923934,3
3923935,3
3923936,3
3923937,3
3923938,3
3923939,3
3923940,3
3923941,3
3923942,3
3923943,3
3923944,3
3923945,3
3923946,3
3923947,3
3923948,3
3923949,3
3923950,3
3923951,3
3923953,3
3923954,3
3923956,3
3923957,3
3923958,3
3923959,3
3923960,3
3923961,3
3923962,3
3923963,3
3923964,3
3923965,3
3923966,3
3923967,3
3923968,3
3923969,3
3923970,3
3923971,3
3923972,3
3923973,0
3923974,0
3923975,3
3923976,3
3923977,3
3923978,3
3923979,3
3923980,3
3923981,3
3923982,3
3923983,3
3923984,3
3923985,3
3923986,3
3923987,3
3923988,3
3923989,3
3923990,3
3923991,3
3923992,3
3923993,3
3923994,3
3923995,3
3923996,3
3923997,3
3923998,3
3923999,3
3924000,3
3924001,3
3924002,3
3924003,3
3924004,3
3924005,3
3924006,3
3924007,3
3924008,3
3924009,3
3924010,3
3924011,3
3924012,3
3924013,3
3924014,3
3924015,3
3924016,3
3924017,3
3924018,3
3924019,3
3924020,3
3924021,3
3924022,3
3924023,3
3924024,3
3924025,3
3924026,3
3924027,3
3924028,3
3924029,3
3924030,3
3924031,3
3924032,3
3924033,3
3924034,3
3924039,3
3924040,3
3924041,3
3924042,3
3924043,3
3924044,3
3924045,3
3924046,3
3924047,3
3924048,3
3924049,3
3924050,3
3924051,3
3924052,3
3924053,3
3924054,3
3924055,3
3924056,3
3924057,3
3924058,3
3924059,3
3924060,3
3924061,3
3924062,3
3924063,3
3924064,3
3924065,3
3924066,3
3924067,3
3924068,3
3924069,3
3924070,3
3924071,3
3924072,3
3924073,3
3924074,3
3924075,3
3924076,3
3924077,0
3924078,0
3924079,3
3924080,3
3924081,3
3924082,3
3924083,3
3924084,3
3924085,3
3924086,3
3924087,3
3924088,3
3924089,0
3924090,0
3924091,0
3924092,0
3924093,3
3924094,3
3924095,3
3924096,3
3924097,0
3924098,"0,3"
3924099,0
3924100,0
3924101,0
3924102,0
3924103,0
3924104,0
3924105,3
3924106,3
3924107,3
3924116,3
3924117,3
3924118,3
3924119,3
3924120,3
3924121,3
3924122,3
3924123,3
3924124,3
3924126,3
3924129,3
3924130,3
3924131,3
3924132,3
3924133,3
3924134,3
3924135,3
3924136,3
3924137,3
3924138,3
3924139,3
3924140,3
3924141,3
3924142,3
3924143,3
3924144,3
3924145,3
3924146,3
3924147,3
3924148,3
3924149,3
3924150,3
3924151,3
3924153,3
3924154,3
3924155,3
3924156,3
3924158,3
3924159,3
3924160,3
3924161,3
3924162,3
3924164,3
3924165,3
3924166,3
3924167,3
3924168,3
3924169,3
3924170,3
3924171,3
3924172,3
3924173,3
3924174,3
3924175,3
3924176,3
3924177,3
3924178,3
3924179,3
3924180,3
3924181,3
3924182,3
3924183,3
3924184,3
3924185,3
3924186,3
3924187,3
3924188,3
3924189,3
3924190,3
3924191,3
3924192,3
3924193,3
3924194,3
3924195,3
3924196,3
3924197,3
3924198,3
3924199,3
3924200,3
3924201,3
3924202,3
3924203,3
3924204,3
3924205,3
3924206,3
3924207,3
3924208,3
3924209,3
3924210,3
3924211,3
3924212,3
3924213,3
3924214,3
3924215,3
3924216,3
3924217,3
3924218,3
3924219,3
3924220,3
3924221,3
3924222,3
3924223,3
3924224,3
3924225,3
3924226,3
3924227,3
3924228,3
3924229,3
3924230,3
3924231,3
3924232,3
3924233,3
3924234,3
3924235,3
3924236,3
3924237,3
3924238,3
3924239,3
3924240,3
3924241,3
3924242,3
3924243,3
3924244,3
3924245,3
3924246,3
3924247,3
3924248,3
3924249,3
3924250,3
3924251,3
3924252,3
3924253,3
3924254,3
3924255,3
3924256,3
3924257,3
3924258,3
3924259,3
3924260,3
3924261,3
3924262,3
3924263,3
3924264,3
3924265,3
3924266,3
3924267,3
3924268,3
3924269,3
3924270,3
3924271,3
3924272,3
3924273,3
3924274,3
3924275,3
3924276,3
3924277,3
3924278,3
3924279,3
3924280,3
3924281,3
3924282,3
3924283,3
3924284,3
3924285,3
3924286,3
3924287,3
3924288,3
3924289,3
3924290,3
3924291,3
3924292,3
3924293,3
3924294,3
3924295,3
3924296,3
3924297,3
3924298,3
3924299,3
3924300,3
3924301,3
3924302,3
3924303,3
3924304,3
3924305,3
3924306,3
3924307,3
3924308,3
3924309,3
3924310,3
3924311,3
3924312,3
3924313,3
3924314,3
3924315,3
3924316,3
3924317,3
3924318,3
3924319,3
3924320,3
3924321,3
3924322,3
3924323,3
3924324,3
3924325,3
3924326,3
3924327,3
3924328,3
3924329,3
3924330,3
3924331,3
3924332,3
3924333,3
3924334,3
3924335,3
3924336,3
3924337,3
3924338,3
3924339,3
3924340,3
3924341,3
3924342,3
3924343,3
3924344,3
3924345,3
3924346,0
3924347,3
3924348,3
3924349,3
3924350,3
3924351,3
3924352,3
3924353,3
3924354,3
3924355,3
3924356,3
3924357,3
3924358,3
3924359,3
3924360,3
3924361,3
3924362,3
3924363,3
3924364,3
3924365,3
3924367,3
3924368,3
3924369,3
3924370,3
3924371,3
3924372,3
3924373,3
3924374,3
3924375,3
3924376,3
3924377,3
3924378,3
3924379,3
3924380,3
3924381,3
3924382,3
3924383,3
3924384,3
3924385,3
3924386,3
3924387,3
3924388,3
3924389,3
3924390,3
3924391,3
3924392,3
3924393,3
3924394,3
3924395,3
3924396,3
3924397,3
3924398,3
3924399,3
3924400,3
3924401,3
3924402,3
3924403,3
3924404,3
3924405,3
3924406,3
3924407,3
3924408,3
3924409,3
3924410,3
3924411,3
3924412,3
3924413,3
3924414,3
3924415,3
3924416,3
3924417,3
3924418,3
3924419,3
3924420,3
3924421,3
3924422,3
3924423,3
3924424,3
3924425,3
3924426,3
3924427,3
3924428,3
3924429,3
3924430,3
3924431,3
3924432,3
3924433,3
3924434,3
3924435,3
3924436,3
3924437,3
3924438,3
3924439,3
3924440,3
3924441,3
3924442,3
3924443,3
3924444,3
3924445,3
3924446,3
3924447,3
3924448,3
3924449,3
3924450,3
3924451,3
3924452,3
3924453,3
3924454,3
3924455,3
3924456,3
3924457,3
3924458,3
3924459,3
3924460,3
3924461,3
3924462,3
3924463,3
3924464,3
3924465,3
3924466,3
3924467,3
3924468,3
3924469,3
3924470,3
3924471,3
3924472,3
3924473,3
3924474,3
3924475,3
3924476,3
3924477,3
3924478,3
3924479,3
3924480,3
3924481,3
3924482,3
3924483,3
3924484,3
3924485,3
3924486,3
3924487,3
3924488,3
3924489,3
3924490,3
3924491,3
3924492,3
3924493,3
3924494,3
3924495,3
3924496,3
3924497,3
3924498,3
3924499,3
3924500,3
3924501,3
3924502,3
3924503,3
3924504,3
3924505,3
3924506,3
3924507,3
3924508,3
3924509,3
3924510,3
3924511,3
3924512,3
3924513,3
3924514,3
3924515,3
3924516,3
3924517,3
3924518,3
3924519,3
3924520,3
3924521,3
3924522,3
3924523,0
3924524,0
3924525,0
3924526,0
3924527,0
3924528,0
3924529,0
3924530,0
3924531,0
3924532,0
3924533,0
3924534,0
3924535,3
3924536,0
3924537,0
3924538,3
3924539,3
3924540,0
3924541,0
3924542,0
3924543,0
3924544,3
3924545,0
3924546,0
3924547,3
3924548,3
3924549,3
3924550,3
3924551,3
3924552,3
3924553,3
3924554,3
3924555,3
3924556,3
3924557,3
3924558,3
3924559,3
3924560,3
3924561,3
3924562,3
3924563,3
3924564,3
3924565,3
3924566,3
3924567,3
3924568,3
3924569,3
3924570,3
3924571,3
3924572,3
3924573,3
3924574,3
3924575,3
3924576,3
3924577,3
3924578,3
3924579,3
3924581,3
3924582,3
3924583,3
3924584,3
3924585,3
3924587,3
3924589,3
3924590,3
3924591,3
3924592,3
3924593,3
3924594,3
3924595,3
3924596,3
3924597,3
3924598,3
3924599,3
3924600,3
3924601,3
3924602,3
3924603,3
3924604,3
3924605,3
3924606,3
3924607,3
3924608,3
3924609,3
3924610,3
3924611,3
3924612,3
3924613,3
3924614,3
3924615,3
3924616,3
3924617,3
3924618,3
3924619,3
3924620,3
3924621,3
3924622,3
3924623,3
3924624,3
3924625,3
3924626,3
3924627,3
3924628,3
3924629,3
3924630,3
3924631,3
3924632,3
3924633,3
3924634,3
3924635,3
3924636,3
3924637,3
3924638,3
3924639,3
3924640,3
3924641,3
3924642,3
3924643,3
3924644,3
3924645,3
3924646,3
3924647,3
3924648,3
3924649,3
3924650,3
3924651,3
3924652,0
3924653,0
3924654,0
3924655,0
3924656,0
3924657,0
3924658,0
3924659,0
3924660,0
3924661,0
3924662,0
3924663,0
3924664,3
3924665,3
3924666,3
3924667,3
3924668,3
3924669,3
3924671,3
3924672,3
3924673,3
3924674,3
3924675,3
3924676,3
3924677,3
3924678,3
3924679,3
3924680,3
3924681,3
3924682,3
3924683,3
3924684,3
3924685,3
3924686,3
3924687,3
3924688,3
3924689,3
3924690,3
3924691,3
3924692,3
3924693,3
3924694,3
3924695,3
3924696,3
3924697,3
3924698,3
3924699,3
3924700,3
3924701,3
3924702,3
3924703,3
3924704,3
3924705,3
3924706,3
3924707,3
3924708,3
3924709,3
3924710,3
3924711,3
3924712,3
3924713,3
3924714,3
3924715,3
3924716,3
3924717,3
3924718,3
3924719,3
3924720,3
3924721,3
3924722,3
3924723,3
3924724,3
3924725,3
3924726,3
3924727,3
3924728,3
3924729,3
3924731,3
3924732,3
3924733,3
3924734,3
3924735,3
3924736,3
3924737,3
3924738,3
3924739,3
3924740,3
3924741,3
3924742,3
3924743,3
3924746,3
3924747,3
3924748,3
3924749,3
3924750,3
3924751,3
3924752,3
3924753,3
3924754,3
3924755,3
3924756,3
3924757,3
3924758,3
3924759,3
3924760,3
3924761,3
3924762,3
3924763,3
3924764,3
3924765,3
3924766,3
3924767,3
3924768,3
3924769,3
3924770,3
3924771,3
3924772,3
3924773,3
3924774,3
3924775,3
3924776,3
3924777,3
3924778,3
3924779,3
3924780,3
3924781,3
3924782,3
3924783,3
3924784,3
3924785,3
3924786,3
3924787,3
3924788,3
3924789,3
3924790,3
3924791,3
3924792,3
3924793,3
3924794,3
3924795,3
3924796,3
3924797,3
3924798,3
3924799,3
3924800,3
3924801,3
3924802,3
3924803,3
3924804,3
3924805,3
3924806,3
3924807,3
3924808,3
3924809,3
3924810,3
3924811,3
3924812,3
3924813,3
3924814,3
3924817,3
3924818,3
3924819,3
3924820,3
3924821,3
3924822,3
3924823,3
3924824,3
3924825,3
3924826,3
3924827,3
3924828,3
3924829,3
3924830,3
3924831,3
3924832,3
3924833,3
3924834,3
3924835,3
3924836,3
3924837,3
3924838,3
3924839,3
3924840,3
3924841,3
3924842,3
3924843,3
3924844,3
3924845,3
3924846,3
3924847,3
3924848,3
3924849,3
3924850,3
3924851,3
3924852,3
3924853,3
3924854,3
3924855,3
3924856,3
3924857,3
3924858,3
3924859,3
3924860,3
3924861,3
3924862,3
3924863,3
3924864,3
3924865,3
3924866,3
3924867,3
3924868,3
3924869,3
3924870,3
3924871,3
3924872,3
3924873,3
3924874,3
3924875,3
3924876,3
3924877,3
3924878,3
3924879,3
3924880,3
3924881,3
3924882,3
3924883,3
3924884,3
3924885,3
3924886,3
3924887,3
3924888,3
3924889,3
3924890,3
3924891,3
3924892,3
3924893,3
3924894,3
3924895,3
3924896,3
3924897,3
3924898,3
3924899,3
3924900,3
3924901,3
3924902,3
3924903,3
3924904,3
3924905,3
3924906,3
3924907,3
3924908,3
3924909,3
3924910,3
3924911,3
3924912,3
3924913,3
3924914,3
3924915,3
3924916,3
3924917,3
3924918,3
3924919,3
3924920,3
3924921,3
3924922,3
3924923,3
3924924,3
3924925,3
3924926,3
3924927,3
3924928,3
3924929,3
3924930,3
3924931,3
3924932,3
3924933,3
3924934,3
3924935,3
3924936,3
3924937,3
3924938,3
3924939,3
3924940,3
3924941,3
3924942,3
3924943,3
3924944,3
3924945,3
3924946,3
3924947,3
3924948,3
3924949,3
3924950,3
3924951,3
3924952,3
3924953,3
3924954,3
3924955,3
3924956,3
3924957,3
3924958,3
3924959,3
3924960,3
3924961,3
3924962,3
3924963,3
3924964,3
3924965,3
3924966,3
3924967,3
3924968,3
3924969,3
3924970,3
3924971,3
3924972,3
3924973,3
3924974,3
3924975,3
3924976,3
3924977,3
3924978,3
3924979,3
3924980,3
3924981,3
3924982,3
3924983,3
3924984,3
3924985,3
3924986,3
3924987,3
3924988,3
3924989,3
3924990,3
3924991,3
3924992,3
3924993,3
3924994,3
3924995,3
3924996,3
3924997,3
3924998,3
3924999,3
3925000,3
3925001,3
3925002,3
3925003,3
3925004,3
3925005,3
3925006,3
3925007,3
3925008,3
3925009,3
3925010,3
3925011,3
3925012,3
3925013,3
3925014,3
3925015,3
3925016,3
3925017,3
3925018,3
3925019,3
3925022,3
3925023,3
3925024,3
3925025,3
3925026,3
3925027,3
3925028,3
3925029,3
3925030,3
3925031,3
3925032,3
3925033,3
3925034,3
3925035,3
3925036,3
3925037,3
3925038,3
3925039,3
3925040,3
3925041,3
3925042,3
3925043,3
3925044,3
3925045,3
3925046,3
3925047,3
3925048,3
3925049,3
3925050,3
3925051,3
3925052,3
3925053,3
3925054,3
3925055,3
3925056,3
3925057,3
3925058,3
3925059,3
3925060,3
3925061,3
3925062,3
3925063,3
3925064,3
3925065,3
3925066,3
3925067,3
3925068,3
3925069,3
3925070,3
3925071,3
3925072,3
3925073,3
3925074,3
3925075,3
3925076,3
3925077,3
3925078,3
3925079,3
3925080,3
3925081,3
3925082,3
3925083,3
3925084,3
3925085,3
3925086,3
3925087,3
3925088,3
3925089,3
3925090,3
3925091,3
3925092,3
3925093,3
3925094,3
3925096,3
3925097,3
3925098,3
3925099,3
3925100,3
3925109,3
3925110,3
3925111,3
3925112,3
3925113,3
3925114,3
3925115,3
3925116,3
3925117,3
3925118,3
3925119,3
3925120,3
3925121,3
3925122,3
3925123,3
3925124,3
3925125,3
3925126,3
3925127,3
3925128,3
3925129,3
3925130,3
3925131,3
3925132,3
3925133,3
3925134,3
3925135,3
3925136,3
3925137,3
3925138,3
3925139,3
3925140,3
3925141,3
3925142,3
3925143,3
3925144,3
3925145,3
3925146,3
3925147,3
3925148,3
3925149,3
3925150,3
3925151,3
3925152,3
3925153,3
3925154,3
3925155,3
3925156,3
3925157,3
3925158,3
3925159,3
3925160,3
3925161,3
3925162,3
3925163,3
3925164,3
3925165,3
3925166,3
3925167,3
3925168,3
3925169,3
3925170,3
3925171,3
3925172,3
3925173,3
3925174,3
3925175,3
3925176,3
3925177,3
3925178,3
3925179,3
3925180,3
3925181,3
3925182,3
3925183,3
3925184,3
3925185,3
3925187,3
3925188,3
3925189,3
3925190,3
3925191,3
3925192,3
3925619,3
3925624,3
3929711,3
3929712,3
3929732,3
3929785,3
3929786,3
3929787,3
3929788,3
3929789,3
3929796,3
3929797,3
3929800,3
3929801,3
3929802,3
3929803,3
3930286,3
3930304,3
3930305,3
3930306,3
3930307,3
3930308,3
3930324,3
3930325,3
3930346,3
3930797,3
3930798,3
3934964,3
3934965,3
3934966,3
3934967,3
3934968,3
3934977,3
3934978,3
3934979,3
3934980,3
3934981,3
3934990,3
3934994,3
3934995,3
3934996,3
3934997,3
3934998,3
3934999,3
3935000,3
3935001,3
3935002,3
3935004,3
3935005,3
3935006,3
3935007,3
3935008,3
3935009,3
3935010,3
3935011,3
3935012,3
3935022,3
3935023,3
3935024,3
3935025,3
3935027,3
3935032,3
3935033,3
3935034,3
3935035,3
3935036,3
3935037,3
3935038,3
3935039,3
3935040,3
3935041,3
3935042,3
3935044,3
3935046,3
3935047,3
3935096,3
3935104,3
3935115,3
3935116,3
3935117,3
3935118,3
3935119,3
3935120,3
3935121,3
3935125,3
3935126,3
3935127,3
3935128,3
3935129,3
3935145,3
3935146,3
3935148,3
3935176,3
3935177,3
3935178,3
3935179,3
3935182,3
3935183,3
3935184,3
3935185,3
3935186,3
3935187,3
3935188,3
3935189,3
3935190,3
3935191,3
3935192,3
3935193,3
3935194,3
3935195,3
3935196,3
3935197,3
3935199,3
3935200,3
3935210,3
3935212,3
3935213,3
3935219,3
3935220,3
3935221,3
3935222,3
3935223,3
3935224,3
3935225,3
3935226,3
3935227,3
3935228,3
3935229,3
3935230,3
3935231,3
3935232,3
3935233,3
3935234,3
3935235,3
3935236,3
3935239,3
3935240,3
3935241,3
3935242,3
3935243,3
3935244,3
3935245,3
3935246,3
3935247,3
3935248,3
3935249,3
3935250,3
3935251,3
3935252,3
3935253,3
3935254,3
3935255,3
3935257,3
3935258,3
3935259,3
3935276,3
3935277,3
3935278,3
3935279,3
3935282,3
3935283,3
3935284,3
3935286,3
3935287,3
3935288,3
3935289,3
3935290,3
3935291,3
3935292,3
3935293,3
3935296,3
3935297,3
3935381,3
3935382,3
3935383,3
3935384,3
3935385,3
3935386,3
3935387,3
3935388,3
3935389,3
3935390,3
3935391,3
3935394,3
3935395,3
3935396,3
3935398,3
3935399,3
3935401,3
3935403,3
3935404,3
3935406,3
3935407,3
3935408,3
3935411,3
3935413,3
3935414,3
3935422,3
3935423,3
3935425,3
3935426,3
3935433,3
3935434,3
3935435,3
3935441,3
3935442,3
3935443,3
3935446,3
3935447,3
3935448,3
3935449,3
3935450,3
3935452,3
3935453,3
3935455,3
3935456,3
3935458,3
3935493,3
3935521,3
3935522,3
3935533,3
3935571,3
3935572,3
3936549,3
3936558,3
3936565,3
3936566,3
3938263,3
3938264,3
3938269,3
3938288,3
3938289,3
3938290,3
3938291,3
3938292,3
3938293,3
3938294,3
3938295,3
3938296,3
3938297,3
3938298,3
3938299,3
3938300,3
3938301,3
3938302,3
3938303,3
3938304,3
3938305,3
3938306,3
3938307,3
3938308,3
3938309,3
3938310,3
3938311,3
3938797,3
3938799,3
3938800,3
3938801,3
3938802,3
3938803,3
3938806,3
3938807,3
3938808,3
3938809,3
3938810,3
3938821,3
3938824,3
3938825,3
3938834,3
3938835,3
3938836,3
3938837,3
3938838,3
3938839,3
3938840,3
3938842,3
3938843,3
3938847,3
3938848,3
3938849,3
3938850,3
3938853,3
3938855,3
3938856,3
3938857,3
3938858,3
3938859,3
3938860,3
3938861,3
3938862,3
3938863,3
3938864,3
3938865,3
3938866,3
3938867,3
3938868,3
3938869,3
3938871,3
3938872,3
3938873,3
3938874,3
3938875,3
3938876,3
3938877,3
3938878,3
3938879,3
3938880,3
3938881,3
3938882,3
3938883,3
3938884,3
3938885,3
3938888,3
3938889,3
3938892,3
3938893,3
3938894,3
3938895,3
3938896,3
3938897,3
3938899,3
3938900,3
3948861,3
3948863,3
3948864,3
3948865,3
3948866,3
3948867,3
3948868,3
3948869,3
3948870,3
3948871,3
3948872,3
3948873,3
3948874,3
3948875,3
3948876,3
3948877,3
3948878,3
3948879,3
3948880,3
3948881,3
3948882,3
3948883,3
3948884,3
3948885,3
3948886,3
3948887,3
3948889,3
3948890,3
3948891,3
3948892,3
3948893,3
3948894,3
3948895,3
3948896,3
3948897,3
3948898,3
3948899,3
3948900,3
3948901,3
3948902,3
3948903,3
3948904,3
3948914,3
3948915,3
3948916,3
3948923,3
3948924,3
3948944,3
3951725,3
3951726,3
3951727,3
3952182,3
3952183,3
3952199,3
3952200,3
3952201,3
3952202,3
3952204,3
3952205,3
3952219,3
3952220,3
3954284,3
3954302,3
3954308,3
3954309,3
3954310,3
3956217,3
3956457,3
3956459,3
3956461,3
3956462,3
3956463,3
3956464,3
3956465,3
3956466,3
3956467,3
3956468,3
3956469,3
3958992,3
3958996,3
3958997,3
3959014,3
3959015,3
3959020,3
3959021,3
3959051,3
3959057,3
3959058,3
3959059,3
3959062,3
3959073,3
3959074,3
3959077,3
3959078,3
3959081,3
3959082,3
3959083,3
3959085,3
3959087,3
3959091,3
3959093,3
3959094,3
3959095,3
3959096,3
3959097,3
3959098,3
3959099,3
3959100,3
3959101,3
3959102,3
3959103,3
3959145,3
3959146,3
3959147,3
3959149,3
3959169,3
3959170,3
3959171,3
3959172,3
3959173,3
3959174,3
3959178,3
3959179,3
3959180,3
3959181,3
3959182,3
3959183,3
3959252,3
3959255,3
3959256,3
3959257,3
3959258,3
3959259,3
3959260,3
3959261,3
3959262,3
3959263,3
3959264,3
3959266,3
3959278,3
3959279,3
3959281,3
3959316,3
3959317,3
3959318,3
3959319,3
3959320,3
3959321,3
3959328,3
3959330,3
3959334,3
3959338,3
3959339,3
3959340,3
3959341,3
3959342,3
3959343,3
3959344,3
3959345,3
3959350,3
3959352,3
3959353,3
3959354,3
3959355,3
3959356,3
3959359,3
3959360,3
3959361,3
3959364,3
3959386,3
3959387,3
3959388,3
3959389,3
3959390,3
3959391,3
3959392,3
3959393,3
3959394,3
3959395,3
3959396,3
3959401,3
3959402,3
3959404,3
3959405,3
3959406,3
3959407,3
3959408,3
3959412,3
3959416,3
3959417,3
3959439,3
3959440,3
3959441,3
3959442,3
3959443,3
3959444,3
3959445,3
3959446,3
3959447,3
3959456,3
3959457,3
3959466,3
3959467,3
3959471,3
3959475,3
3959476,3
3959482,3
3959483,3
3959484,3
3959486,3
3959491,3
3959492,3
3959493,3
3959494,3
3959495,3
3959497,3
3959498,3
3959499,3
3959500,3
3959501,3
3959502,3
3959503,3
3959504,3
3959505,3
3959506,3
3959507,3
3959508,3
3959510,3
3959512,3
3959513,3
3959515,3
3959516,3
3959517,3
3959518,3
3959519,3
3959520,3
3959522,3
3959547,3
3959564,3
3959588,3
3959589,3
3959590,3
3959591,3
3959592,3
3959593,3
3959594,3
3959595,3
3959596,3
3959597,3
3959598,3
3959599,3
3959600,3
3959601,3
3959603,3
3959604,3
3959606,3
3959607,3
3959612,3
3959613,3
3959614,3
3959615,3
3959617,3
3959619,3
3959620,3
3959622,3
3959649,3
3959969,3
3959970,3
3959971,3
3959972,3
3959974,3
3959975,3
3959976,3
3959977,3
3959978,3
3959979,3
3959980,3
3959981,3
3959982,3
3959985,3
3959986,3
3959987,3
3959988,3
3959989,3
3959990,3
3959991,3
3959992,3
3959993,3
3959994,3
3959995,3
3959997,3
3959998,3
3960000,3
3960001,3
3960002,3
3960003,3
3960004,3
3960005,3
3960006,3
3960007,3
3960008,3
3960013,3
3960014,3
3960017,3
3960018,3
3960019,3
3960020,3
3960022,3
3960023,3
3960025,3
3960026,3
3960028,3
3960029,3
3960030,3
3960032,3
3960034,3
3960035,3
3960036,3
3960037,3
3960038,3
3960039,3
3960040,3
3960041,3
3960042,3
3960043,3
3960044,3
3960045,3
3960046,3
3960047,3
3960048,3
3960049,3
3960051,3
3960052,3
3960053,3
3960054,3
3960055,3
3960056,3
3960057,3
3960058,3
3960060,3
3960062,3
3960063,3
3960064,3
3960067,3
3960068,3
3960069,3
3960070,3
3960071,3
3960072,3
3960073,3
3960074,3
3960075,3
3960076,3
3960077,3
3960078,3
3960079,3
3960080,3
3960081,3
3960082,3
3960083,3
3960084,3
3960086,3
3960088,3
3960090,3
3960091,3
3960092,3
3960093,3
3960094,3
3960095,3
3960096,3
3960097,3
3960100,3
3960101,3
3960102,3
3960103,3
3960106,3
3960107,3
3960108,3
3960109,3
3960110,3
3960111,3
3960121,3
3960122,3
3960124,3
3960125,3
3960126,3
3960130,3
3960131,3
3960132,3
3960133,3
3960134,3
3960135,3
3960136,3
3960141,3
3960142,3
3960144,3
3960145,3
3960146,3
3960147,3
3960148,3
3960149,3
3960150,3
3960151,3
3960152,3
3960162,3
3960163,3
3960168,3
3960169,3
3960170,3
3960171,3
3960172,3
3960173,3
3960174,3
3960175,3
3960176,3
3960177,3
3960178,3
3960179,3
3960180,3
3960181,3
3960182,3
3960183,3
3960184,3
3960185,3
3960186,3
3960187,3
3960188,3
3960189,3
3960190,3
3960191,3
3960192,3
3960193,3
3960194,3
3960195,3
3960196,3
3960197,3
3960198,3
3960199,3
3960200,3
3960201,3
3960202,3
3960203,3
3960204,3
3960205,3
3960206,3
3960207,3
3960208,3
3960211,3
3960213,3
3960214,3
3960215,3
3960216,3
3960217,3
3960218,3
3960219,3
3960220,3
3960221,3
3960222,3
3960223,3
3960224,3
3960225,3
3960226,3
3960227,3
3960228,3
3960229,3
3960230,3
3960231,3
3960232,3
3960233,3
3960234,3
3960235,3
3960236,3
3960237,3
3960238,3
3960240,3
3960241,3
3960242,3
3960243,3
3960244,3
3960245,3
3960246,3
3960247,3
3960248,3
3960249,3
3960250,3
3960251,3
3960252,3
3960253,3
3960254,3
3960255,3
3960256,3
3960257,3
3960258,3
3960259,3
3960260,3
3960261,3
3960262,3
3960263,3
3960264,3
3960268,3
3960269,3
3960270,3
3960271,3
3960272,3
3960273,3
3960274,3
3960275,3
3960276,3
3960277,3
3960278,3
3960279,3
3960280,3
3960281,3
3960282,3
3960283,3
3960284,3
3960285,3
3960286,3
3960287,3
3960288,3
3960290,3
3960291,3
3960292,3
3960293,3
3960294,3
3960295,3
3960298,3
3960300,3
3960301,3
3960302,3
3960303,3
3960304,3
3960305,3
3960306,3
3960307,3
3960308,3
3960309,3
3960310,3
3960311,3
3960312,3
3960313,3
3960314,3
3960315,3
3960316,3
3960317,3
3960318,3
3960319,3
3960320,3
3960321,3
3960322,3
3960323,3
3960324,3
3960325,3
3960326,3
3960327,3
3960329,3
3960330,3
3960331,3
3960332,3
3960333,3
3960334,3
3960335,3
3960336,3
3960337,3
3960338,3
3960339,3
3960340,3
3960341,3
3960342,3
3960343,3
3960344,3
3960345,3
3960346,3
3960347,3
3960348,3
3960349,3
3960350,3
3960351,3
3960352,3
3960353,3
3960354,3
3960355,3
3960357,3
3960358,3
3960359,3
3960360,3
3960361,3
3960362,3
3960363,3
3960364,3
3960365,3
3960366,3
3960368,3
3960369,3
3960370,3
3960371,3
3960372,3
3960373,3
3960374,3
3960375,3
3960376,3
3960377,3
3960378,3
3960379,3
3960380,3
3960381,3
3960382,3
3960383,3
3960384,3
3960385,3
3960386,3
3960389,3
3960390,3
3960391,3
3960393,3
3960394,3
3960395,3
3960396,3
3960397,3
3960398,3
3960399,3
3960400,3
3960401,3
3960402,3
3960403,3
3960404,3
3960405,3
3960406,3
3960407,3
3960408,3
3960409,3
3960410,3
3960411,3
3960412,3
3960413,3
3960414,3
3960415,3
3960416,3
3960417,3
3960418,3
3960419,3
3960420,3
3960421,3
3960422,3
3960423,3
3960424,3
3960425,3
3960426,3
3960427,3
3960428,3
3960429,3
3960430,3
3960431,3
3960432,3
3960433,3
3960434,3
3960435,3
3960436,3
3960437,3
3960438,3
3960439,3
3960440,3
3960441,3
3960442,3
3960443,3
3960444,3
3960445,3
3960446,3
3960447,3
3960448,3
3960449,3
3960450,3
3960452,3
3960453,3
3960454,3
3960455,3
3960456,3
3960457,3
3960458,3
3960459,3
3960460,3
3960461,3
3960462,3
3960463,3
3960464,3
3960465,3
3960466,3
3960467,3
3960468,3
3960469,3
3960470,3
3960471,3
3960472,3
3960473,3
3960474,3
3960475,3
3960476,3
3960477,3
3960478,3
3960479,3
3960480,3
3960481,3
3960482,3
3960483,3
3960484,3
3960485,3
3960486,3
3960487,3
3960488,3
3960489,3
3960490,3
3960491,3
3960492,3
3960493,3
3960494,3
3960495,3
3960496,3
3960497,3
3960498,3
3960499,3
3960500,3
3960501,3
3960502,3
3960503,3
3960504,3
3960505,3
3960506,3
3960507,3
3960508,3
3960509,3
3960510,3
3960511,3
3960512,3
3960513,3
3960514,3
3960515,3
3960516,3
3960517,3
3960518,3
3960519,3
3960520,3
3960521,3
3960522,3
3960524,3
3960525,3
3960526,3
3960527,3
3960528,3
3960530,3
3960531,3
3960532,3
3960533,3
3960534,3
3960536,3
3960537,3
3960538,3
3960539,3
3960540,3
3960541,3
3960542,3
3960543,3
3960544,3
3960545,3
3960546,3
3960547,3
3960548,3
3960549,3
3960551,3
3960554,3
3960555,3
3960556,3
3960557,3
3960558,3
3960564,3
3960565,3
3960566,3
3960567,3
3960568,3
3960576,3
3960577,3
3960578,3
3960579,3
3960580,3
3960581,3
3960582,3
3960583,3
3960584,3
3960585,3
3960587,3
3960590,3
3960592,3
3960593,3
3960594,3
3960596,3
3960597,3
3960598,3
3960599,3
3960600,3
3960601,3
3960602,3
3960603,3
3960604,3
3960605,3
3960606,3
3960607,3
3960608,3
3960609,3
3960610,3
3960611,3
3960612,3
3960613,3
3960614,3
3960615,3
3960616,3
3960617,3
3960618,3
3960619,3
3960620,3
3960621,3
3960622,3
3960623,3
3960625,3
3960626,3
3960627,3
3960628,3
3960629,3
3960630,3
3960631,3
3960632,3
3960633,3
3960640,3
3960641,3
3960642,3
3960643,3
3960646,3
3960647,3
3960648,3
3960649,3
3960652,3
3960654,3
3960655,3
3960656,3
3960657,3
3960658,3
3960659,3
3960660,3
3960661,3
3960662,3
3960663,3
3960664,3
3960665,3
3960666,3
3960667,3
3960668,3
3960669,3
3960670,3
3960671,3
3960673,3
3960674,3
3960675,3
3960676,3
3960677,3
3960678,3
3960679,3
3960680,3
3960681,3
3960682,3
3960683,3
3960686,3
3960687,3
3960688,3
3960689,3
3960690,3
3960691,3
3960692,3
3960694,3
3960695,3
3960696,3
3960697,3
3960698,3
3960699,3
3960700,3
3960701,3
3960702,3
3960703,3
3960704,3
3960705,3
3960706,3
3960707,3
3960708,3
3960709,3
3960710,3
3960711,3
3960712,3
3960714,3
3960715,3
3960716,3
3960717,3
3960718,3
3960719,3
3960721,3
3960722,3
3960723,3
3960724,3
3960725,3
3960726,3
3960727,3
3960728,3
3960729,3
3960730,3
3960731,3
3960732,3
3960733,3
3960734,3
3960735,3
3960736,3
3960737,3
3960738,3
3960739,3
3960740,3
3960741,3
3960742,3
3960743,3
3960744,3
3960745,3
3960746,3
3960747,3
3960748,3
3960749,3
3960750,3
3960751,3
3960752,3
3960753,3
3960754,3
3960755,3
3960756,3
3960757,3
3960758,3
3960759,3
3960760,3
3960761,3
3960762,3
3960763,3
3960764,3
3960765,3
3960766,3
3960767,3
3960768,3
3960769,3
3960770,3
3960771,3
3960772,3
3960773,3
3960774,3
3960775,3
3960776,3
3960777,3
3960778,3
3960779,3
3960780,3
3960781,3
3960782,3
3960783,3
3960784,3
3960785,3
3960786,3
3960787,3
3960788,3
3960789,3
3960790,3
3960791,3
3960792,3
3960793,3
3960794,3
3960795,3
3960796,3
3960797,3
3960798,3
3960800,3
3960801,3
3960802,3
3960803,3
3960804,3
3960805,3
3960806,3
3960807,3
3960808,3
3960809,3
3960810,3
3960811,3
3960812,3
3960813,3
3960814,3
3960815,3
3960816,3
3960818,3
3960819,3
3960820,3
3960822,3
3960823,3
3960824,3
3960825,3
3960826,3
3960827,3
3960828,3
3960829,3
3960830,3
3960831,3
3960832,3
3960835,3
3960836,3
3960837,3
3960838,3
3960839,3
3960840,3
3960841,3
3960842,3
3960843,3
3960844,3
3960845,3
3960848,3
3960849,3
3960850,3
3960851,3
3960852,3
3960853,3
3960854,3
3960855,3
3960856,3
3960857,3
3960858,3
3960859,3
3960860,3
3960861,3
3960862,3
3960864,3
3960865,3
3960866,3
3960867,3
3960868,3
3960869,3
3960870,3
3960871,3
3960872,3
3960873,3
3960874,3
3960876,3
3960877,3
3960878,3
3960880,3
3960883,3
3960884,3
3960885,3
3960886,3
3960887,3
3960888,3
3960889,3
3960890,3
3960891,3
3960892,3
3960894,3
3960895,3
3960896,3
3960897,3
3960900,3
3960901,3
3960902,3
3960903,3
3960904,3
3960905,3
3960906,3
3960907,3
3960908,3
3960909,3
3960910,3
3960911,3
3960912,3
3960913,3
3960914,3
3960915,3
3960916,3
3960917,3
3960919,3
3960920,3
3960921,3
3960922,3
3960923,3
3960924,3
3960928,3
3960929,3
3960930,3
3960931,3
3960932,3
3960933,3
3960934,3
3960935,3
3960936,3
3960937,3
3960938,3
3960939,3
3960940,3
3960941,3
3960942,3
3960944,3
3960945,3
3960947,3
3960948,3
3960949,3
3960950,3
3960951,3
3960952,3
3960953,3
3960954,3
3960956,3
3960957,3
3960959,3
3960961,3
3960962,3
3960963,3
3960964,3
3960965,3
3960966,3
3960967,3
3960968,3
3960969,3
3960970,3
3960971,3
3960972,3
3960973,3
3960975,3
3960978,3
3960980,3
3960981,3
3960982,3
3960983,3
3960984,3
3960986,3
3960987,3
3960988,3
3960989,3
3960990,3
3960991,3
3960992,3
3960993,3
3960994,3
3960995,3
3960996,3
3960997,3
3960998,3
3960999,3
3961000,3
3961001,3
3961002,3
3961003,3
3961004,3
3961005,3
3961007,3
3961008,3
3961009,3
3961010,3
3961012,3
3961013,3
3961014,3
3961015,3
3961016,3
3961017,3
3961018,3
3961019,3
3961020,3
3961021,3
3961022,3
3961023,3
3961024,3
3961025,3
3961026,3
3961027,3
3961028,3
3961029,3
3961030,3
3961031,3
3961032,3
3961033,3
3961034,3
3961035,3
3961036,3
3961037,3
3961038,3
3961039,3
3961040,3
3961041,3
3961042,3
3961043,3
3961044,3
3961045,3
3961046,3
3961047,3
3961048,3
3961049,3
3961050,3
3961051,3
3961052,3
3961053,3
3961054,3
3961055,3
3961056,3
3961057,3
3961058,3
3961059,3
3961060,3
3961061,3
3961063,3
3961064,3
3961065,3
3961066,3
3961067,3
3961068,3
3961069,3
3961070,3
3961071,3
3961072,3
3961073,3
3961074,3
3961075,3
3961076,3
3961077,3
3961078,3
3961079,3
3961080,3
3961081,3
3961082,3
3961083,3
3961084,3
3961085,3
3961086,3
3961087,3
3961088,3
3961089,3
3961090,3
3961091,3
3961092,3
3961093,3
3961094,3
3961095,3
3961096,3
3961097,3
3961098,3
3961099,3
3961100,3
3961101,3
3961102,3
3961103,3
3961105,3
3961106,3
3961107,3
3961108,3
3961109,3
3961110,3
3961111,3
3961112,3
3961113,3
3961114,3
3961115,3
3961116,3
3961117,3
3961118,3
3961119,3
3961120,3
3961121,3
3961123,3
3961124,3
3961125,3
3961126,3
3961127,3
3961128,3
3961129,3
3961130,3
3961131,3
3961132,3
3961133,3
3961134,3
3961135,3
3961136,3
3961137,3
3961138,3
3961140,3
3961141,3
3961142,3
3961143,3
3961144,3
3961145,3
3961147,3
3961148,3
3961149,3
3961150,3
3961151,3
3961152,3
3961153,3
3961154,3
3961155,3
3961156,3
3961157,3
3961158,3
3961159,3
3961160,3
3961161,3
3961162,3
3961163,3
3961164,3
3961165,3
3961166,3
3961167,3
3961168,3
3961169,3
3961170,3
3961171,3
3961172,3
3961173,3
3961174,3
3961175,3
3961176,3
3961177,3
3961179,3
3961180,3
3961181,3
3961182,3
3961183,3
3961184,3
3961185,3
3961186,3
3961187,3
3961188,3
3961189,3
3961190,3
3961191,3
3961192,3
3961193,3
3961194,3
3961198,3
3961209,3
3961214,3
3961220,3
3961221,3
3961222,3
3961223,3
3961224,3
3961226,3
3961227,3
3961228,3
3961230,3
3961231,3
3961232,3
3961233,3
3961234,3
3961235,3
3961236,3
3961237,3
3961238,3
3961239,3
3961240,3
3961241,3
3961242,3
3961243,3
3961244,3
3961246,3
3961247,3
3961248,3
3961249,3
3961250,3
3961251,3
3961252,3
3961253,3
3961254,3
3961255,3
3961256,3
3961257,3
3961258,3
3961259,3
3961260,3
3961261,3
3961262,3
3961263,3
3961264,3
3961265,3
3961266,3
3961267,3
3961268,3
3961269,3
3961270,3
3961271,3
3961272,3
3961273,3
3961274,3
3961275,3
3961276,3
3961277,3
3961278,3
3961279,3
3961280,3
3961281,3
3961282,3
3961283,3
3961284,3
3961285,3
3961286,3
3961287,3
3961289,3
3961290,3
3961291,3
3961292,3
3961293,3
3961294,3
3961295,3
3961296,3
3961297,3
3961298,3
3961299,3
3961300,3
3961301,3
3961302,3
3961303,3
3961304,3
3961305,3
3961306,3
3961307,3
3961308,3
3961310,3
3961311,3
3961312,3
3961313,3
3961314,3
3961315,3
3961316,3
3961317,3
3961319,3
3961320,3
3961322,3
3961323,3
3961324,3
3961325,3
3961326,3
3961327,3
3961328,3
3961329,3
3961330,3
3961331,3
3961332,3
3961333,3
3961334,3
3961335,3
3961336,3
3961337,3
3961338,3
3961339,3
3961340,3
3961341,3
3961342,3
3961343,3
3961344,3
3961345,3
3961346,3
3961347,3
3961348,3
3961349,3
3961351,3
3961352,3
3961353,3
3961354,3
3961355,3
3961356,3
3961357,3
3961358,3
3961359,3
3961360,3
3961361,3
3961362,3
3961363,3
3961364,3
3961365,3
3961369,3
3961371,3
3961372,3
3961373,3
3961374,3
3961375,3
3961376,3
3961377,3
3961378,3
3961379,3
3961380,3
3961381,3
3961382,3
3961383,3
3961385,3
3961386,3
3961387,3
3961388,3
3961389,3
3961390,3
3961391,3
3961392,3
3961395,3
3961398,3
3961399,3
3961402,3
3961403,3
3961405,3
3961406,3
3961407,3
3961408,3
3961410,3
3961411,3
3961412,3
3961413,3
3961415,3
3961416,3
3961417,3
3961418,3
3961419,3
3961420,3
3961421,3
3961422,3
3961423,3
3961424,3
3961425,3
3961426,3
3961427,3
3961428,3
3961429,3
3961430,3
3961431,3
3961432,3
3961433,3
3961434,3
3961438,3
3961439,3
3961440,3
3961441,3
3961442,3
3961443,3
3961444,3
3961446,3
3961447,3
3961448,3
3961449,3
3961451,3
3961452,3
3961453,3
3961454,3
3961455,3
3961456,3
3961457,3
3961458,3
3961459,3
3961460,3
3961462,3
3961463,3
3961464,3
3961465,3
3961466,3
3961467,3
3961468,3
3961469,3
3961470,3
3961471,3
3961472,3
3961473,3
3961474,3
3961475,3
3961476,3
3961477,3
3961478,3
3961479,3
3961480,3
3961481,3
3961482,3
3961483,3
3961484,3
3961485,3
3961486,3
3961487,3
3961488,3
3961489,3
3961490,3
3961491,3
3961492,3
3961493,3
3961494,3
3961495,3
3961496,3
3961497,3
3961498,3
3961499,3
3961500,3
3961501,3
3961502,3
3961503,3
3961504,3
3961505,3
3961506,3
3961507,3
3961508,3
3961509,3
3961510,3
3961511,3
3961512,3
3961513,3
3961514,3
3961515,3
3961516,3
3961517,3
3961518,3
3961519,3
3961520,3
3961521,3
3961522,3
3961523,3
3961524,3
3961525,3
3961526,3
3961527,3
3961528,3
3961529,3
3961530,3
3961531,3
3961532,3
3961535,3
3961536,3
3961537,3
3961538,3
3961539,3
3961540,3
3961541,3
3961542,3
3961543,3
3961544,3
3961545,3
3961546,3
3961547,3
3961548,3
3961549,3
3961550,3
3961551,3
3961552,3
3961553,3
3961554,3
3961555,3
3961556,3
3961557,3
3961558,3
3961559,3
3961560,3
3961561,3
3961562,3
3961563,3
3961564,3
3961565,3
3961566,3
3961567,3
3961568,3
3961569,3
3961570,3
3961571,3
3961572,3
3961573,3
3961574,3
3961575,3
3961576,3
3961577,3
3961578,3
3961579,3
3961580,3
3961581,3
3961582,3
3961585,3
3961586,3
3961587,3
3961588,3
3961589,3
3961590,3
3961591,3
3961592,3
3961593,3
3961594,3
3961595,3
3961596,3
3961597,3
3961598,3
3961599,3
3961600,3
3961601,3
3961602,3
3961604,3
3961605,3
3961606,3
3961608,3
3961610,3
3961611,3
3961612,3
3961613,3
3961614,3
3961615,3
3961616,3
3961617,3
3961618,3
3961619,3
3961620,3
3961621,3
3961622,3
3961623,3
3961624,3
3961625,3
3961626,3
3961627,3
3961628,3
3961629,3
3961630,3
3961631,3
3961632,3
3961633,3
3961634,3
3961635,3
3961636,3
3961637,3
3961638,3
3961639,3
3961640,3
3961641,3
3961642,3
3961643,3
3961644,3
3961645,3
3961646,3
3961647,3
3961648,3
3961649,3
3961650,3
3961651,3
3961652,3
3961653,3
3961654,3
3961655,3
3961656,3
3961657,3
3961658,3
3961659,3
3961660,3
3961661,3
3961662,3
3961663,3
3961664,3
3961665,3
3961666,3
3961667,3
3961668,3
3961669,3
3961670,3
3961671,3
3961672,3
3961673,3
3961674,3
3961675,3
3961676,3
3961677,3
3961678,3
3961679,3
3961680,3
3961681,3
3961682,3
3961683,3
3961684,3
3961685,3
3961686,3
3961687,3
3961688,3
3961689,3
3961690,3
3961691,3
3961692,3
3961693,3
3961694,3
3961695,3
3961696,3
3961697,3
3961698,3
3961699,3
3961700,3
3961702,3
3961703,3
3961704,3
3961705,3
3961706,3
3961707,3
3961708,3
3961709,3
3961710,3
3961711,3
3961712,3
3961713,3
3961714,3
3961715,3
3961716,3
3961717,3
3961718,3
3961719,3
3961720,3
3961721,3
3961722,3
3961723,3
3961724,3
3961725,3
3961726,3
3961727,3
3961728,3
3961729,3
3961730,3
3961731,3
3961732,3
3961733,3
3961734,3
3961735,3
3961736,3
3961737,3
3961738,3
3961739,3
3961740,3
3961741,3
3961742,3
3961743,3
3961744,3
3961745,3
3961746,3
3961747,3
3961748,3
3961749,3
3961750,3
3961751,3
3961752,3
3961753,3
3961754,3
3961755,3
3961756,3
3961757,3
3961758,3
3961759,3
3961760,3
3961761,3
3961762,3
3961763,3
3961764,3
3961765,3
3961766,3
3961767,3
3961768,3
3961769,3
3961770,3
3961781,3
3961782,3
3961783,3
3961784,3
3961785,3
3961786,3
3961787,3
3961788,3
3961789,3
3961790,3
3961791,3
3961792,3
3961793,3
3961794,3
3961795,3
3961796,3
3961797,3
3961798,3
3961799,3
3961800,3
3961801,3
3961802,3
3961803,3
3961804,3
3961805,3
3961806,3
3961807,3
3961808,3
3961809,3
3961810,3
3961811,3
3961812,3
3961813,3
3961814,3
3961815,3
3961816,3
3961817,3
3961818,3
3961819,3
3961820,3
3961821,3
3961822,3
3961823,3
3961824,3
3961825,3
3961826,3
3961827,3
3961828,3
3961829,3
3961830,3
3961831,3
3961832,3
3961833,3
3961834,3
3961835,3
3961836,3
3961837,3
3961838,3
3961839,3
3961840,3
3961841,3
3961842,3
3961843,3
3961844,3
3961845,3
3961846,3
3961847,3
3961848,3
3961849,3
3961850,3
3961851,3
3961852,3
3961854,3
3961855,3
3961856,3
3961857,3
3961858,3
3961859,3
3961860,3
3961861,3
3961862,3
3961863,3
3961864,3
3961865,3
3961872,3
3961873,3
3961874,3
3961876,3
3961877,3
3961878,3
3961879,3
3961880,3
3961881,3
3961882,3
3961883,3
3961884,3
3961885,3
3961886,3
3961887,3
3961888,3
3961889,3
3961890,3
3961891,3
3961892,3
3961893,3
3961894,3
3961895,3
3961896,3
3961897,3
3961899,3
3961900,3
3961902,3
3961903,3
3961904,3
3961905,3
3961906,3
3961907,3
3961908,3
3961909,3
3961910,3
3961911,3
3961912,3
3961913,3
3961914,3
3961915,3
3961916,3
3961917,3
3961918,3
3961920,3
3961921,3
3961922,3
3961923,3
3961924,3
3961925,3
3961926,3
3961927,3
3961928,3
3961929,3
3961930,3
3961931,3
3961932,3
3961933,3
3961934,3
3961935,3
3961936,3
3961937,3
3961938,3
3961939,3
3961940,3
3961941,3
3961942,3
3961943,3
3961944,3
3961945,3
3961947,3
3961948,3
3961949,3
3961950,3
3961952,3
3961953,3
3961954,3
3961955,3
3961956,3
3961957,3
3961958,3
3961959,3
3961960,3
3961961,3
3961962,3
3961963,3
3961964,3
3961965,3
3961966,3
3961967,3
3961968,3
3961969,3
3961971,3
3961972,3
3961973,3
3961974,3
3961975,3
3961976,3
3961977,3
3961978,3
3961979,3
3961980,3
3961981,3
3961982,3
3961983,3
3961984,3
3961985,3
3961986,3
3961987,3
3961988,3
3961989,3
3961990,3
3961991,3
3961992,3
3961993,3
3961994,3
3961995,3
3961996,3
3961997,3
3961998,3
3961999,3
3962000,3
3963039,3
3963065,3
3963072,3
3963084,3
3963085,3
3963093,3
3963100,3
3963104,3
3963105,3
3963106,3
3963110,3
3963121,3
3963124,3
3963125,3
3963129,3
3963130,3
3963131,3
3963133,3
3963136,3
3963137,3
3963140,3
3963141,3
3963142,3
3963143,3
3963144,3
3963146,3
3963149,3
3963152,3
3963153,3
3963154,3
3963155,3
3963158,3
3963159,3
3963160,3
3963161,3
3963162,3
3963163,3
3963164,3
3963165,3
3963166,3
3963167,3
3963168,3
3963169,3
3963170,3
3963190,3
3963191,3
3963251,3
3963254,3
3963255,3
3963259,3
3963260,3
3963261,3
3963263,3
3963264,3
3963266,3
3963268,3
3963273,3
3963278,3
3963279,3
3963281,3
3963282,3
3963283,3
3963284,3
3963285,3
3963288,3
3963289,3
3963290,3
3963291,3
3963293,3
3963294,3
3963295,3
3963297,3
3963298,3
3963301,3
3963302,3
3963303,3
3963304,3
3963309,3
3963310,3
3963311,3
3963312,3
3963313,3
3963314,3
3963315,3
3963316,3
3963317,3
3963318,3
3963319,3
3963322,3
3963324,3
3963328,3
3963329,3
3963332,3
3963333,3
3963334,3
3963335,3
3963340,3
3963341,3
3963343,3
3963344,3
3963345,3
3963346,3
3963351,3
3963352,3
3963355,3
3963357,3
3963358,3
3963361,3
3963362,3
3963365,3
3963366,3
3963367,3
3963368,3
3963370,3
3963380,3
3963381,3
3963382,3
3963383,3
3963384,3
3963385,3
3963388,3
3963389,3
3963392,3
3963394,3
3963395,3
3963396,3
3963399,3
3963400,3
3963405,3
3963406,3
3963407,3
3963408,3
3963413,3
3963414,3
3963415,3
3963416,3
3963417,3
3963418,3
3963420,3
3963421,3
3963422,3
3963425,3
3963426,3
3963427,3
3963428,3
3963429,3
3963436,3
3963437,3
3963442,3
3963449,3
3963450,3
3963451,3
3963452,3
3963453,3
3963454,3
3963455,3
3963456,3
3963457,3
3963458,3
3963459,3
3963460,3
3963461,3
3963462,3
3963463,3
3963464,3
3963465,3
3963466,3
3963467,3
3963468,3
3963469,3
3963470,3
3963471,3
3963472,3
3963473,3
3963474,3
3963476,3
3963477,3
3963478,3
3963479,3
3963480,3
3963483,3
3963484,3
3963485,3
3963486,3
3963491,3
3963492,3
3963493,3
3963494,3
3963498,3
3963499,3
3963500,3
3963501,3
3963506,3
3963507,3
3963509,3
3963510,3
3963511,3
3963512,3
3963520,3
3963521,3
3963522,3
3963523,3
3963524,3
3963525,3
3963526,3
3963527,3
3963528,3
3963529,3
3963530,3
3963531,3
3963532,3
3963533,3
3963534,3
3963535,3
3963536,3
3963537,3
3963538,3
3963539,3
3963540,3
3963541,3
3963542,3
3963543,3
3963544,3
3963545,3
3963546,3
3963547,3
3963548,3
3963549,3
3963550,3
3963551,3
3963552,3
3963553,3
3963554,3
3963555,3
3963556,3
3963557,3
3963558,3
3963559,3
3963560,3
3963561,3
3963562,3
3963563,3
3963565,3
3963566,3
3963567,3
3963568,3
3963570,3
3963571,3
3963572,3
3963573,3
3963574,3
3963575,3
3963577,3
3963578,3
3963579,3
3963580,3
3963581,3
3963583,3
3963584,3
3963587,3
3963588,3
3963589,3
3963591,3
3963592,3
3963593,3
3963594,3
3963595,3
3963596,3
3963597,3
3963598,3
3963599,3
3963600,3
3963603,3
3963604,3
3963606,3
3963607,3
3963608,3
3963610,3
3963611,3
3963613,3
3963614,3
3963615,3
3963616,3
3963617,3
3963618,3
3963619,3
3963620,3
3963621,3
3963622,3
3963627,3
3963629,3
3963631,3
3963633,3
3963635,3
3963637,3
3963638,3
3963639,3
3963640,3
3963641,3
3963642,3
3963643,3
3963644,3
3963647,3
3963648,3
3963649,3
3963650,3
3963651,3
3963652,3
3963653,3
3963654,3
3963655,3
3963656,3
3963657,3
3963658,3
3963662,3
3963663,3
3963664,3
3963665,3
3963670,3
3963677,3
3963678,3
3963679,3
3963680,3
3963687,3
3963690,3
3963691,3
3963692,3
3963694,3
3963695,3
3963696,3
3963697,3
3963698,3
3963700,3
3963701,3
3963702,3
3963703,3
3963704,3
3963705,3
3963706,3
3963711,3
3963712,3
3963713,3
3963714,3
3963715,3
3963716,3
3963717,3
3963718,3
3963721,3
3963722,3
3963724,3
3963725,3
3963727,3
3963730,3
3963731,3
3963732,3
3963736,3
3963737,3
3963740,3
3963741,3
3963747,3
3963748,3
3963749,3
3963750,3
3963752,3
3963753,3
3963759,3
3963761,3
3963762,3
3963763,3
3963764,3
3963765,3
3963766,3
3963767,3
3963768,3
3963769,3
3963770,3
3963771,3
3963772,3
3963773,3
3963774,3
3963775,3
3963776,3
3963777,3
3963778,3
3963780,3
3963781,3
3963782,3
3963783,3
3963784,3
3963785,3
3963789,3
3963792,3
3963793,3
3963794,3
3963795,3
3963796,3
3963798,3
3963799,3
3963802,3
3963803,3
3963804,3
3963814,3
3963815,3
3963816,3
3963817,3
3963819,3
3963820,3
3963822,3
3963823,3
3963824,3
3963825,3
3963826,3
3963829,3
3963849,3
3963852,3
3963853,3
3963854,3
3963855,3
3963856,3
3963857,3
3963861,3
3963862,3
3963863,3
3963864,3
3963865,3
3963867,3
3963868,3
3963875,3
3963876,3
3963877,3
3963878,3
3963879,3
3963880,3
3963881,3
3963882,3
3963887,3
3963888,3
3963889,3
3963890,3
3963891,3
3963892,3
3963893,3
3963894,3
3963895,3
3963896,3
3963897,3
3963898,3
3963899,3
3963900,3
3963901,3
3963904,3
3963910,3
3963911,3
3963926,3
3963927,3
3963928,3
3963929,3
3963937,3
3963938,3
3963939,3
3963941,3
3963948,3
3963949,3
3963950,3
3963951,3
3963952,3
3963953,3
3963955,3
3963958,3
3963959,3
3963960,3
3963961,3
3963962,3
3963963,3
3963964,3
3963965,3
3963967,3
3963968,3
3963969,3
3963971,3
3963973,3
3963974,3
3963975,3
3963976,3
3963977,3
3963980,3
3963981,3
3963982,3
3963983,3
3963988,3
3963989,3
3963990,3
3963991,3
3963996,3
3963997,3
3963998,3
3964000,3
3964001,3
3964002,3
3964003,3
3964004,3
3964005,3
3964006,3
3964009,3
3964012,3
3964013,3
3964017,3
3964042,3
3964043,3
3964046,3
3964047,3
3964048,3
3964049,3
3964050,3
3964051,3
3964052,3
3964054,3
3964072,3
3964073,3
3964074,3
3964075,3
3964076,3
3964077,3
3964080,3
3964085,3
3964086,3
3964087,3
3964088,3
3964091,3
3964093,3
3964098,3
3964112,3
3964118,3
3964124,3
3964125,3
3964160,3
3964161,3
3964185,3
3964186,3
3964189,3
3964219,3
3964220,3
3964222,3
3964235,3
3964257,3
3964265,3
3964266,3
3964271,3
3964283,3
3964284,3
3964285,3
3964286,3
3964287,3
3964289,3
3964290,3
3964314,3
3964315,3
3964316,3
3964318,3
3964319,3
3964320,3
3964321,3
3964324,3
3964325,3
3964326,3
3964327,3
3964331,3
3964334,3
3964335,3
3964336,3
3964337,3
3964348,3
3964351,3
3964352,3
3964355,3
3964356,3
3964357,3
3964358,3
3964359,3
3964360,3
3964361,3
3964363,3
3964364,3
3964365,3
3964367,3
3964368,3
3964369,3
3964370,3
3964371,3
3964378,3
3964379,3
3964380,3
3964381,3
3964382,3
3964383,3
3964384,3
3964385,3
3964386,3
3964387,3
3964388,3
3964389,3
3964390,3
3964391,3
3964392,3
3964393,3
3964394,3
3964395,3
3964396,3
3964397,3
3964398,3
3964399,3
3964400,3
3964401,3
3964404,3
3964405,3
3964406,3
3964408,3
3964409,3
3964410,3
3964411,3
3964412,3
3964413,3
3964414,3
3964415,3
3964416,3
3964417,3
3964418,3
3964419,3
3964420,3
3964421,3
3964422,3
3964423,3
3964424,3
3964425,3
3964426,3
3964428,3
3964429,3
3964430,3
3964431,3
3964432,3
3964433,3
3964435,3
3964436,3
3964438,3
3964439,3
3964440,3
3964441,3
3964442,3
3964443,3
3964444,3
3964445,3
3964446,3
3964447,3
3964448,3
3964449,3
3964450,3
3964451,3
3964452,3
3964453,3
3964454,3
3964455,3
3964458,3
3964459,3
3964460,3
3964462,3
3964463,3
3964464,3
3964465,3
3964466,3
3964467,3
3964468,3
3964469,3
3964470,3
3964472,3
3964473,3
3964474,3
3964475,3
3964477,3
3964478,3
3964479,3
3964480,3
3964481,3
3964483,3
3964484,3
3964485,3
3964486,3
3964487,3
3964488,3
3964489,3
3964490,3
3964491,3
3964492,3
3964493,3
3964494,3
3964495,3
3964496,3
3964497,3
3964498,3
3964499,3
3964503,3
3964504,3
3964505,3
3964506,3
3964508,3
3964509,3
3964511,3
3964512,3
3964513,3
3964514,3
3964515,3
3964516,3
3964517,3
3964518,3
3964519,3
3964520,3
3964523,3
3964524,3
3964531,3
3964532,3
3964533,3
3964535,3
3964536,3
3964538,3
3964539,3
3964540,3
3964541,3
3964542,3
3964543,3
3964544,3
3964546,3
3964547,3
3964555,3
3964556,3
3964557,3
3964558,3
3964561,3
3964562,3
3964563,3
3964564,3
3964565,3
3964566,3
3964567,3
3964568,3
3964571,3
3964572,3
3964573,3
3964574,3
3964575,3
3964576,3
3964577,3
3964578,3
3964581,3
3964582,3
3964585,3
3964586,3
3964587,3
3964588,3
3964589,3
3964590,3
3964591,3
3964592,3
3964593,3
3964594,3
3964595,3
3964596,3
3964599,3
3964600,3
3964601,3
3964602,3
3964603,3
3964604,3
3964605,3
3964606,3
3964607,3
3964608,3
3964611,3
3964612,3
3964613,3
3964614,3
3964615,3
3964616,3
3964617,3
3964618,3
3964621,3
3964622,3
3964623,3
3964624,3
3964625,3
3964626,3
3964629,3
3964630,3
3964632,3
3964633,3
3964634,3
3964640,3
3964641,3
3964646,3
3964647,3
3964650,3
3964651,3
3964652,3
3964653,3
3964654,3
3964655,3
3964656,3
3964662,3
3964663,3
3964664,3
3964665,3
3964666,3
3964668,3
3964670,3
3964671,3
3964672,3
3964673,3
3964674,3
3964675,3
3964677,3
3964679,3
3964680,3
3964681,3
3964682,3
3964683,3
3964684,3
3964687,3
3964688,3
3964689,3
3964690,3
3964691,3
3964692,3
3964693,3
3964694,3
3964695,3
3964696,3
3964697,3
3964698,3
3964699,3
3964700,3
3964702,3
3964707,3
3964713,3
3964714,3
3964715,3
3964716,3
3964717,3
3964718,3
3964719,3
3964720,3
3964721,3
3964722,3
3964724,3
3964735,3
3964736,3
3964737,3
3964738,3
3964739,3
3964740,3
3964741,3
3964742,3
3964743,3
3964744,3
3964747,3
3964748,3
3964749,3
3964750,3
3964751,3
3964752,3
3964765,3
3964766,3
3964768,3
3964769,3
3964774,3
3964775,3
3964776,3
3964777,3
3964780,3
3964781,3
3964782,3
3964783,3
3964786,3
3964787,3
3964788,3
3964789,3
3964790,3
3964791,3
3964792,3
3964793,3
3964794,3
3964795,3
3964796,3
3964797,3
3964798,3
3964799,3
3964801,3
3964803,3
3964805,3
3964806,3
3964807,3
3964809,3
3964810,3
3964811,3
3964812,3
3964813,3
3964814,3
3964815,3
3964817,3
3964818,3
3964819,3
3964822,3
3964823,3
3964824,3
3964825,3
3964826,3
3964827,3
3964828,3
3964829,3
3964830,3
3964831,3
3964832,3
3964834,3
3964835,3
3964837,3
3964838,3
3964839,3
3964840,3
3964841,3
3964842,3
3964843,3
3964844,3
3964845,3
3964846,3
3964847,3
3964848,3
3964849,3
3964851,3
3964852,3
3964853,3
3964854,3
3964855,3
3964856,3
3964858,3
3964861,3
3964862,3
3964863,3
3964864,3
3964865,3
3964866,3
3964867,3
3964868,3
3964870,3
3964871,3
3964874,3
3964875,3
3964877,3
3964879,3
3964880,3
3964881,3
3964884,3
3964894,3
3964895,3
3964896,3
3964897,3
3964898,3
3964899,3
3964902,3
3964908,3
3964909,3
3964910,3
3964911,3
3964913,3
3964915,3
3964917,3
3964919,3
3964925,3
3964926,3
3964927,3
3964932,3
3964935,3
3964936,3
3964939,3
3964940,3
3964941,3
3964942,3
3964943,3
3964944,3
3964945,3
3964946,3
3964947,3
3964948,3
3964949,3
3964953,3
3964959,3
3964961,3
3964965,3
3964966,3
3964967,3
3964969,3
3964974,3
3964975,3
3964978,3
3964980,3
3964981,3
3964984,3
3964986,3
3964987,3
3964988,3
3964989,3
3964990,3
3964991,3
3964992,3
3964994,3
3964995,3
3964996,3
3964997,3
3964998,3
3965000,3
3965001,3
3965002,3
3965003,3
3965004,3
3965005,3
3965007,3
3965008,3
3965010,3
3965011,3
3965013,3
3965014,3
3965015,3
3965016,3
3965017,3
3965019,3
3965020,3
3965025,3
3965028,3
3965029,3
3965030,3
3965031,3
3965032,3
3965034,3
3965035,3
3965036,3
3965037,3
3965048,3
3965054,3
3965055,3
3965057,3
3965062,3
3965063,3
3965065,3
3965073,3
3965076,3
3965077,3
3965078,3
3965079,3
3965084,3
3965085,3
3965088,3
3965096,3
3965099,3
3965104,3
3965113,3
3965135,3
3965136,3
3965137,3
3965138,3
3965139,3
3965142,3
3965143,3
3965144,3
3965145,3
3965146,3
3965147,3
3965148,3
3965149,3
3965150,3
3965151,3
3965152,3
3965165,3
3965166,3
3965167,3
3965168,3
3965170,3
3965171,3
3965172,3
3965173,3
3965179,3
3965182,3
3965207,3
3965208,3
3965209,3
3965210,3
3965211,3
3965212,3
3965213,3
3965214,3
3965217,3
3965228,3
3965242,3
3965245,3
3965246,3
3965247,3
3965248,3
3965253,3
3965258,3
3965259,3
3965260,3
3965273,3
3965274,3
3965275,3
3965276,3
3965277,3
3965278,3
3965300,3
3965301,3
3965302,3
3965303,3
3965304,3
3965305,3
3965306,3
3965307,3
3965342,3
3965343,3
3965344,3
3965345,3
3965346,3
3965349,3
3965350,3
3965361,3
3965362,3
3965363,3
3965369,3
3965370,3
3965373,3
3965374,3
3965375,3
3965376,3
3965377,3
3965378,3
3965399,3
3965400,3
3965401,3
3965402,3
3965403,3
3965404,3
3965405,3
3965406,3
3965407,3
3965408,3
3965409,3
3965412,3
3965422,3
3965433,3
3965460,3
3965461,3
3965464,3
3965474,3
3965518,3
3965536,3
3965540,3
3965542,3
3965544,3
3965546,3
3965547,3
3965549,3
3965550,3
3965551,3
3965552,3
3965553,3
3965554,3
3965555,3
3965556,3
3965559,3
3965560,3
3965561,3
3965562,3
3965565,3
3965566,3
3965571,3
3965573,3
3965577,3
3965579,3
3965580,3
3965582,3
3965585,3
3965604,3
3965607,3
3965608,3
3965609,3
3965613,3
3965618,3
3965619,3
3965620,3
3965622,3
3965631,3
3965633,3
3965642,3
3965644,3
3965651,3
3965662,3
3965668,3
3965677,3
3965685,3
3965690,3
3965691,3
3965692,3
3965700,3
3965711,3
3965713,3
3965718,3
3965721,3
3965722,3
3965724,3
3965725,3
3965727,3
3965732,3
3965737,3
3965738,3
3965739,3
3965742,3
3965755,3
3965756,3
3965769,3
3965776,3
3965777,3
3965778,3
3965779,3
3965785,3
3965794,3
3965795,3
3965808,3
3965810,3
3965811,3
3965812,3
3965813,3
3965947,3
3965948,3
3965949,3
3965950,3
3965952,3
3965955,3
3965956,3
3965957,3
3965958,3
3965959,3
3965960,3
3965961,3
3965962,3
3965963,3
3965966,3
3965967,3
3965970,3
3965971,3
3965973,3
3965974,3
3965978,3
3965979,3
3965982,3
3965991,3
3966008,3
3966010,3
3966012,3
3966013,3
3966017,3
3966023,3
3966024,3
3966026,3
3966028,3
3966030,3
3966032,3
3966034,3
3966035,3
3966041,3
3966045,3
3966048,3
3966050,3
3966052,3
3966056,3
3966060,3
3966062,3
3966064,3
3966070,3
3966074,3
3966080,3
3966082,3
3966090,3
3966099,3
3966100,3
3966101,3
3966105,3
3966106,3
3966107,3
3966111,3
3966112,3
3966114,3
3966115,3
3966116,3
3966117,3
3966119,3
3966121,3
3966127,3
3966134,3
3966138,3
3966142,3
3966150,3
3966158,3
3966159,3
3966165,3
3966167,3
3966168,3
3966169,3
3966170,3
3966173,3
3966174,3
3966176,3
3966178,3
3966180,3
3966181,3
3966185,3
3966186,3
3966188,3
3966189,3
3966190,3
3966191,3
3966193,3
3966196,3
3966199,3
3966202,3
3966214,3
3966254,3
3966257,3
3966260,3
3966268,3
3966271,3
3966272,3
3966275,3
3966277,3
3966279,3
3966281,3
3966283,3
3966284,3
3966294,3
3966295,3
3966304,3
3966312,3
3966313,3
3966314,3
3966315,3
3966316,3
3966317,3
3966318,3
3966322,3
3966323,3
3966324,3
3966327,3
3966329,3
3966330,3
3966331,3
3966336,3
3966340,3
3966347,3
3966351,3
3966352,3
3966358,3
3966360,3
3966361,3
3966371,3
3966382,3
3966383,3
3966384,3
3966386,3
3966401,3
3966405,3
3966406,3
3966410,3
3966413,3
3966414,3
3966417,3
3966418,3
3966419,3
3966420,3
3966421,3
3966422,3
3966424,3
3966425,3
3966426,3
3966428,3
3966430,3
3966432,3
3966435,3
3966438,3
3966441,3
3966442,3
3966443,3
3966444,3
3966445,3
3966446,3
3966447,3
3966466,3
3966473,3
3966485,3
3966487,3
3966488,3
3966489,3
3966499,3
3966500,3
3966501,3
3966505,3
3966516,3
3966517,3
3966519,3
3966528,3
3966529,3
3966530,3
3966531,3
3966533,3
3966534,3
3966535,3
3966538,3
3966539,3
3966540,3
3966541,3
3966542,3
3966543,3
3966544,3
3966547,3
3966548,3
3966551,3
3966552,3
3966557,3
3966558,3
3966559,3
3966565,3
3966566,3
3966584,3
3966585,3
3966590,3
3966664,3
3966675,3
3966677,3
3966678,3
3966679,3
3966680,3
3966681,3
3966683,3
3966695,3
3966697,3
3966700,3
3966707,3
3966708,3
3966709,3
3966710,3
3966711,3
3966712,3
3966717,3
3966718,3
3966719,3
3966723,3
3966724,3
3966725,3
3966738,3
3966739,3
3966743,3
3966746,3
3966747,3
3966750,3
3966751,3
3966754,3
3966755,3
3966775,3
3966777,3
3966786,3
3966790,3
3966792,3
3966809,3
3966813,3
3966817,3
3966818,3
3966825,3
3966828,3
3966835,3
3966853,3
3966864,3
3966890,3
3966891,3
3966933,3
3966974,3
3966976,3
3966978,3
3966979,3
3966980,3
3966981,3
3966990,3
3966991,3
3966993,3
3966994,3
3967061,3
3967062,3
3967071,3
3967077,3
3967079,3
3967083,3
3967095,3
3967104,3
3967105,3
3967106,3
3967107,3
3967108,3
3967109,3
3967110,3
3967111,3
3967112,3
3967113,3
3967117,3
3967118,3
3967119,3
3967120,3
3967123,3
3967127,3
3967129,3
3967131,3
3967133,3
3967139,3
3967141,3
3967143,3
3967147,3
3967149,3
3967155,3
3967157,3
3967159,3
3967161,3
3967165,3
3967167,3
3967169,3
3967171,3
3967173,3
3967174,3
3967175,3
3967176,3
3967177,3
3967178,3
3967179,3
3967180,3
3967181,3
3967182,3
3967183,4
3967184,4
3967185,4
3967186,4
3967187,4
3967188,4
3967189,4
3967190,4
3967191,4
3967192,4
3967193,4
3967194,4
3967195,4
3967196,4
3967197,4
3967198,4
3967199,4
3967200,4
3967201,4
3967202,4
3967203,4
3967204,4
3967205,4
3967206,4
3967207,4
3967208,4
3968054,3
3968160,3
3968213,3
3968221,3
3968224,3
3968225,3
3968226,3
3968302,3
3968365,3
3968491,3
3968606,3
3968673,3
3968674,3
3968697,3
3968733,3
3968741,3
3968890,3
3969019,3
3969020,3
3969210,3
3969213,3
3969226,3
3969232,3
3969233,3
3969253,3
3969260,3
3969261,3
3969264,3
3969283,3
3969284,3
3969362,3
3969364,3
3969393,3
3969394,3
3969404,3
3969430,3
3969463,3
3969484,3
3969534,3
3969535,3
3969539,3
3969569,3
3969649,3
3969719,3
3969738,3
3969775,3
3969776,3
3969781,3
3969816,3
3969817,3
3969843,3
3969850,3
3969853,3
3969854,3
3969857,3
3969882,3
3969945,3
3969976,3
3969994,3
3970008,3
3970064,3
3970169,3
3970172,3
3970173,3
3970183,3
3970230,3
3970243,3
3970244,3
3970246,3
3970247,3
3970252,3
3970260,3
3970262,3
3970266,3
3970267,3
3970275,3
3970280,3
3970340,3
3970376,3
3970377,3
3970378,3
3970379,3
3970385,3
3970407,3
3970414,3
3970415,3
3970416,3
3970433,3
3970461,3
3970462,3
3970463,3
3970464,3
3970468,3
3970475,3
3970476,3
3970482,3
3970491,3
3970493,3
3970495,3
3970496,3
3970498,3
3970509,3
3970512,3
3970544,3
3970546,3
3970828,3
3970858,3
3970905,3
3970927,3
3970928,3
3970997,3
3971002,3
3971025,3
3971040,3
3971114,3
3971115,3
3971116,3
3971117,3
3971155,3
3971156,3
3971311,3
3971395,3
3971398,3
3971400,3
3971463,3
3971655,3
3971717,3
3971743,3
3971765,3
3971795,3
3971829,3
3971837,3
3971841,3
3971879,3
3971880,3
3971889,3
3971890,3
3971892,3
3971895,3
3971896,3
3971909,3
3971919,3
3971920,3
3971931,3
3971940,3
3971959,3
3971965,3
3971993,3
3972006,3
3972009,3
3972010,3
3972017,3
3972018,3
3972045,3
3972046,3
3972089,3
3972160,3
3972161,3
3972179,3
3972180,3
3972181,3
3972182,3
3972183,3
3972184,3
3976136,3
3979681,"0,3"
3979682,0
3979683,3
3979684,3
3979685,0
3979686,3
3979687,"0,3"
3979688,1
3979690,3
3979691,3
3979692,3
3979693,0
3979695,3
3979696,1
3979698,0
3979700,0
3979702,4
3979703,0
3979704,3
3979705,3
3979706,3
3979707,3
3979709,"0,3"
3979710,1
3979712,"0,3"
3979713,3
3979714,0
3979715,3
3979717,1
3979719,3
3979722,1
3979723,0
3979725,0
3979726,3
3979727,0
3979728,3
3979729,3
3979730,3
3979731,0
3979732,3
3979733,"0,3"
3979734,3
3979735,1
3979736,3
3979738,"0,3"
3979739,0
3979740,0
3979741,1
3979742,3
3979743,1
3979744,0
3979745,3
3979746,"0,3"
3979747,3
3979748,3
3979750,3
3979752,3
3979753,3
3979754,3
3979755,0
3979757,"0,3"
3979758,3
3979759,0
3979760,3
3979761,3
3979762,3
3979763,3
3979765,1
3979766,0
3979767,0
3979768,"0,3"
3979769,3
3979771,3
3979773,3
3979775,3
3979776,1
3979778,3
3979779,3
3979780,3
3979781,3
3979783,3
3979784,3
3979785,3
3979786,3
3979787,0
3979788,3
3979789,3
3979791,3
3979792,3
3979794,"0,3"
3979796,3
3979797,3
3979798,"0,3"
3979799,3
3979801,0
3979802,0
3979803,3
3979804,"0,3"
3979805,0
3979806,0
3979807,3
3979808,1
3979809,3
3979810,"0,3"
3979812,1
3979816,"0,3"
3979817,3
3979818,3
3979819,"0,3"
3979820,3
3979821,3
3979822,3
3979823,3
3979824,0
3979826,0
3979829,3
3979830,"0,3"
3979831,"0,3"
3979832,"0,3"
3979833,3
3979834,0
3979835,0
3979836,1
3979837,4
3979838,"0,3"
3979839,3
3979840,3
3979841,"0,3"
3979842,3
3979843,"0,3"
3979844,3
3979846,0
3979847,3
3979849,1
3979850,0
3979851,0
3979852,0
3979853,3
3979854,3
3979855,3
3979857,3
3979858,3
3979859,3
3979863,3
3979865,3
3979866,3
3979869,3
3979870,3
3979871,3
3979872,3
3979873,3
3979874,3
3979875,0
3979876,3
3979877,3
3979878,0
3979879,3
3979881,0
3979882,0
3979883,3
3979884,3
3979885,3
3979886,"0,3"
3979888,"0,3"
3979891,3
3979892,3
3979893,3
3979894,3
3979895,"0,3"
3979896,3
3979897,0
3979899,0
3979900,3
3979901,3
3979902,3
3979903,"0,3"
3979905,1
3979906,4
3979909,"0,3"
3979911,3
3979912,0
3979913,3
3979915,0
3979916,3
3979918,3
3979920,1
3979921,3
3979922,3
3979924,3
3979926,3
3979927,"0,3"
3979929,3
3979930,0
3979931,"0,3"
3979932,3
3979933,1
3979934,3
3979935,3
3979936,3
3979937,"0,3"
3979938,3
3979939,3
3979940,3
3979942,0
3979944,1
3979945,3
3979946,3
3979947,3
3979948,3
3979949,3
3979951,0
3979953,3
3979955,3
3979956,"0,3"
3979957,3
3979958,3
3979961,3
3979962,3
3979963,3
3979964,0
3979966,0
3979967,3
3979968,3
3979969,"0,3"
3979970,0
3979971,0
3979972,3
3979976,0
3979977,0
3979978,3
3979982,3
3979983,0
3979984,3
3979985,0
3979986,"0,3"
3979987,"0,3"
3979991,0
3979992,1
3979993,3
3979996,0
3980000,3
3980001,"0,3"
3980002,3
3980003,1
3980004,0
3980005,3
3980006,3
3980007,3
3980008,3
3980009,3
3980011,0
3980012,"0,3"
3980013,"0,3"
3980014,"0,3"
3980016,3
3980017,3
3980021,3
3980022,3
3980023,0
3980024,3
3980026,3
3980027,3
3980028,3
3980029,3
3980030,3
3980031,3
3980032,3
3980033,0
3980035,3
3980036,"0,3"
3980037,3
3980038,3
3980040,3
3980042,1
3980043,"0,3"
3980044,"0,3"
3980046,4
3980047,0
3980049,0
3980050,0
3980051,"0,3"
3980052,"0,3"
3980053,3
3980054,3
3980055,3
3980056,3
3980057,0
3980058,3
3980059,3
3980060,"0,3"
3980061,0
3980062,"0,3"
3980063,3
3980064,0
3980065,"0,3"
3980066,3
3980067,3
3980068,0
3980069,3
3980071,3
3980073,3
3980074,3
3980076,3
3980078,0
3980080,3
3980081,0
3980083,"0,3"
3980084,3
3980085,0
3980086,0
3980087,4
3980088,3
3980089,1
3980090,"0,3"
3980091,3
3980092,3
3980093,3
3980095,0
3980096,3
3980097,3
3980100,0
3980101,3
3980102,0
3980103,3
3980104,3
3980105,0
3980106,0
3980107,0
3980108,3
3980111,3
3980112,3
3980113,0
3980115,"0,3"
3980116,3
3980117,3
3980118,1
3980119,3
3980120,3
3980121,3
3980122,0
3980124,3
3980125,3
3980126,"0,3"
3980128,0
3980129,"0,3"
3980130,3
3980131,3
3980134,3
3980136,3
3980137,3
3980138,3
3980139,0
3980140,3
3980141,3
3980142,3
3980145,1
3980146,3
3980147,3
3980148,0
3980149,"0,3"
3980150,3
3980152,"0,3"
3980153,"0,3"
3980154,0
3980155,0
3980156,3
3980157,3
3980158,1
3980159,0
3980160,3
3980162,0
3980163,0
3980164,"0,3"
3980165,3
3980167,1
3980170,3
3980171,"0,3"
3980172,3
3980173,3
3980174,3
3980175,3
3980176,"0,3"
3980177,3
3980178,3
3980179,3
3980180,"0,3"
3980181,3
3980182,"0,3"
3980183,0
3980187,0
3980189,3
3980190,0
3980193,"0,3"
3980194,3
3980195,"0,3"
3980196,3
3980197,3
3980198,3
3980199,3
3980201,1
3980202,0
3980204,0
3980205,3
3980207,3
3980208,3
3980209,3
3980211,0
3980212,"0,3"
3980213,"0,3"
3980214,3
3980216,3
3980217,3
3980219,3
3980220,0
3980221,3
3980222,3
3980225,3
3980226,3
3980227,3
3980228,1
3980230,3
3980231,0
3980232,3
3980233,4
3980234,0
3980235,"0,3"
3980236,"0,3"
3980237,3
3980239,"0,3"
3980240,0
3980241,3
3980242,3
3980243,3
3980244,3
3980245,3
3980246,0
3980247,3
3980249,3
3980250,0
3980251,"0,3"
3980252,0
3980254,0
3980255,3
3980258,0
3980259,0
3980261,0
3980262,0
3980263,3
3980264,3
3980265,1
3980266,3
3980267,0
3980268,0
3980269,"0,3"
3980270,"0,3"
3980271,3
3980274,3
3980275,3
3980276,3
3980280,3
3980281,3
3980282,0
3980283,"0,3"
3980285,"0,3"
3980286,3
3980287,3
3980288,0
3980289,3
3980290,3
3980292,0
3980293,0
3980295,"0,3"
3980296,"0,3"
3980297,0
3980298,0
3980300,4
3980301,3
3980302,0
3980303,0
3980305,"0,3"
3980306,3
3980307,3
3980308,3
3980309,0
3980310,0
3980311,"0,3"
3980312,0
3980313,3
3980314,1
3980316,3
3980317,3
3980318,0
3980320,0
3980322,"0,3"
3980323,3
3980324,0
3980325,3
3980326,1
3980327,3
3980328,"0,3"
3980329,3
3980330,0
3980331,0
3980332,3
3980335,1
3980337,3
3980338,3
3980339,3
3980340,3
3980341,3
3980342,3
3980343,3
3980344,3
3980346,3
3980349,"0,3"
3980351,0
3980356,3
3980357,3
3980358,0
3980359,3
3980361,3
3980362,"0,3"
3980363,0
3980364,3
3980365,"0,3"
3980367,3
3980368,3
3980369,3
3980370,3
3980372,0
3980373,1
3980374,0
3980375,3
3980378,3
3980379,"0,3"
3980381,3
3980382,3
3980383,0
3980384,3
3980386,3
3980387,3
3980388,3
3980390,3
3980391,3
3980392,"0,3"
3980394,0
3980395,1
3980397,"0,3"
3980398,3
3980399,3
3980400,"0,3"
3980403,0
3980404,3
3980405,3
3980406,0
3980407,0
3980409,3
3980410,3
3980411,3
3980412,3
3980413,"0,3"
3980414,3
3980415,3
3980417,3
3980418,0
3980419,3
3980420,3
3980423,1
3980424,3
3980425,3
3980426,0
3980427,"0,3"
3980428,3
3980429,3
3980430,3
3980433,3
3980436,0
3980437,3
3980438,0
3980439,"0,3"
3980440,3
3980442,1
3980444,3
3980445,3
3980446,3
3980450,3
3980451,"0,3"
3980454,3
3980455,3
3980457,4
3980458,3
3980459,3
3980461,3
3980462,3
3980463,3
3980464,"0,3"
3980465,3
3980466,3
3980467,0
3980468,3
3980469,0
3980470,"0,3"
3980471,3
3980472,"0,3"
3980474,0
3980475,3
3980476,3
3980480,"0,3"
3980482,3
3980484,"0,3"
3980485,"0,3"
3980486,3
3980489,0
3980490,1
3980491,3
3980492,0
3980493,3
3980494,0
3980496,3
3980498,0
3980499,"0,3"
3980501,1
3980503,1
3980505,3
3980506,3
3980510,3
3980511,3
3980513,3
3980516,4
3980518,0
3980520,1
3980521,3
3980522,3
3980523,1
3980524,0
3980525,3
3980526,3
3980528,3
3980529,3
3980530,3
3980531,3
3980532,3
3980533,3
3980535,"0,3"
3980536,3
3980537,3
3980539,0
3980540,3
3980542,3
3980543,0
3980544,0
3980549,0
3980550,1
3980551,3
3980552,0
3980555,3
3980556,0
3980557,3
3980558,0
3980559,3
3980562,0
3980563,1
3980564,"0,3"
3980565,3
3980566,3
3980567,3
3980568,3
3980569,3
3980570,3
3980571,3
3980572,"0,3"
3980573,0
3980576,3
3980577,0
3980578,3
3980579,0
3980580,3
3980581,1
3980582,3
3980586,0
3980587,3
3980588,3
3980589,3
3980590,0
3980591,3
3980593,"0,3"
3980594,0
3980596,"0,3"
3980597,3
3980598,0
3980599,0
3980600,3
3980601,"0,3"
3980602,0
3980604,3
3980605,"0,3"
3980606,3
3980607,3
3980608,3
3980610,0
3980611,3
3980612,3
3980618,0
3980619,"0,3"
3980620,3
3980623,1
3980624,1
3980625,"0,3"
3980626,3
3980628,0
3980629,"0,3"
3980630,3
3980631,0
3980632,0
3980633,0
3980634,3
3980635,1
3980638,3
3980639,3
3980640,1
3980641,3
3980642,0
3980643,3
3980646,3
3980647,3
3980648,1
3980649,0
3980650,0
3980651,0
3980653,3
3980655,0
3980657,3
3980658,1
3980659,3
3980660,3
3980661,0
3980662,3
3980663,0
3980664,"0,3"
3980666,0
3980667,0
3980671,3
3980673,3
3980674,0
3980676,3
3980677,0
3980678,0
3980679,"0,3"
3980680,3
3980681,0
3980686,3
3980688,1
3980689,3
3980690,3
3980691,3
3980692,"0,3"
3980694,4
3980695,3
3980696,3
3980697,3
3980700,3
3980701,0
3980702,3
3980703,3
3980704,3
3980705,3
3980706,3
3980707,0
3980708,1
3980710,3
3980711,0
3980712,0
3980714,"0,3"
3980716,3
3980717,3
3980720,"0,3"
3980722,0
3980725,0
3980726,3
3980727,3
3980728,0
3980730,3
3980735,0
3980736,3
3980737,0
3980739,3
3980740,3
3980742,3
3980743,0
3980744,3
3980745,0
3980746,3
3980747,1
3980748,0
3980750,3
3980751,3
3980752,0
3980753,3
3980755,0
3980756,3
3980758,3
3980759,3
3980761,3
3980763,3
3980764,0
3980765,0
3980767,3
3980768,3
3980769,"0,3"
3980770,3
3980771,0
3980772,3
3980773,3
3980775,3
3980776,3
3980778,1
3980779,3
3980780,3
3980781,"0,3"
3980782,3
3980783,3
3980784,3
3980786,4
3980789,3
3980790,0
3980791,3
3980793,"0,3"
3980794,0
3980796,3
3980797,3
3980798,0
3980801,3
3980802,3
3980803,1
3980804,"0,3"
3980806,0
3980808,3
3980810,1
3980811,1
3980812,0
3980814,0
3980815,3
3980816,3
3980818,3
3980819,0
3980820,3
3980821,3
3980824,3
3980825,"0,3"
3980826,0
3980827,3
3980828,"0,3"
3980829,3
3980831,0
3980832,3
3980833,3
3980835,0
3980836,3
3980837,1
3980839,3
3980840,1
3980841,3
3980843,0
3980845,3
3980847,3
3980848,1
3980850,3
3980851,3
3980853,3
3980854,"0,3"
3980856,3
3980857,3
3980859,3
3980861,3
3980862,3
3980863,3
3980864,3
3980865,3
3980867,3
3980869,3
3980870,"0,3"
3980872,3
3980873,0
3980875,0
3980876,3
3980877,3
3980878,3
3980879,0
3980880,3
3980881,"0,3"
3980882,0
3980883,0
3980884,3
3980885,0
3980886,3
3980890,3
3980891,3
3980892,3
3980893,3
3980895,3
3980896,4
3980898,3
3980899,0
3980900,3
3980903,3
3980905,3
3980906,"0,3"
3980910,0
3980911,0
3980912,3
3980914,3
3980915,"0,3"
3980916,1
3980918,3
3980919,0
3980920,4
3980921,3
3980922,3
3980923,3
3980926,1
3980927,3
3980928,3
3980929,0
3980930,3
3980931,3
3980933,"0,3"
3980934,3
3980936,3
3980937,3
3980938,0
3980939,1
3980940,4
3980941,3
3980942,"0,3"
3980947,0
3980948,0
3980950,1
3980951,1
3980952,3
3980954,0
3980955,3
3980956,3
3980957,3
3980958,3
3980960,3
3980962,1
3980963,0
3980965,3
3980967,3
3980969,3
3980971,3
3980973,"0,3"
3980974,0
3980975,3
3980977,3
3980979,3
3980981,3
3980983,3
3980985,3
3980987,3
3980988,3
3980990,0
3980991,3
3980992,0
3980993,3
3980994,0
3980995,0
3980996,1
3980997,3
3980999,3
3981000,3
3981002,0
3981004,3
3981005,3
3981007,3
3981009,3
3981010,3
3981011,3
3981012,0
3981014,0
3981016,3
3981018,3
3981020,3
3981021,0
3981022,3
3981024,3
3981026,3
3981027,3
3981029,0
3981031,3
3981033,3
3981035,3
3981037,3
3981038,3
3981039,3
3981041,3
3981044,3
3981046,3
3981047,3
3981049,3
3981050,3
3981051,"0,3"
3981052,"0,3"
3981053,3
3981056,3
3981057,3
3981058,3
3981061,3
3981063,0
3981064,3
3981066,0
3981067,3
3981068,3
3981069,0
3981072,3
3981073,1
3981074,3
3981075,3
3981076,3
3981079,3
3981080,3
3981081,3
3981083,3
3981084,3
3981085,3
3981086,3
3981087,3
3981088,3
3981090,3
3981091,3
3981092,3
3981095,3
3981096,0
3981100,0
3981101,3
3981102,3
3981103,0
3981104,3
3981105,3
3981106,4
3981107,3
3981108,3
3981110,"0,3"
3981111,1
3981112,3
3981114,3
3981115,3
3981117,3
3981118,3
3981119,3
3981120,0
3981121,3
3981123,3
3981124,0
3981126,3
3981127,3
3981129,3
3981130,3
3981131,3
3981132,3
3981133,0
3981134,3
3981136,3
3981137,3
3981138,3
3981140,0
3981141,4
3981143,0
3981144,1
3981145,3
3981146,3
3981147,3
3981148,"0,3"
3981150,"0,3"
3981151,3
3981153,3
3981154,3
3981156,0
3981157,3
3981158,"0,3"
3981162,0
3981164,3
3981165,0
3981166,3
3981168,3
3981172,0
3981173,3
3981175,3
3981176,3
3981177,1
3981178,3
3981179,3
3981181,0
3981182,4
3981183,0
3981184,3
3981185,3
3981186,0
3981187,3
3981188,0
3981189,3
3981191,3
3981192,3
3981193,3
3981194,3
3981195,3
3981196,3
3981197,0
3981198,3
3981199,0
3981202,3
3981204,3
3981207,3
3981211,0
3981212,3
3981214,3
3981215,1
3981216,1
3981217,0
3981218,3
3981219,3
3981223,3
3981224,3
3981225,3
3981227,3
3981228,3
3981229,3
3981230,3
3981231,3
3981233,1
3981235,3
3981237,3
3981239,0
3981241,3
3981243,3
3981244,3
3981245,1
3981246,3
3981248,3
3981249,3
3981250,1
3981251,3
3981252,3
3981253,3
3981254,3
3981255,3
3981258,3
3981261,3
3981262,3
3981263,3
3981264,3
3981266,3
3981267,3
3981268,3
3981270,3
3981271,0
3981272,3
3981273,3
3981274,0
3981275,3
3981276,3
3981277,3
3981279,3
3981280,3
3981282,0
3981286,3
3981287,0
3981291,3
3981293,3
3981294,0
3981295,0
3981296,3
3981297,3
3981300,3
3981302,3
3981303,1
3981306,3
3981307,3
3981309,3
3981312,3
3981313,3
3981315,3
3981316,1
3981317,3
3981318,3
3981320,3
3981321,3
3981322,3
3981324,3
3981326,3
3981328,0
3981329,1
3981330,3
3981331,3
3981332,3
3981333,1
3981334,0
3981336,1
3981337,3
3981338,3
3981339,3
3981340,3
3981341,0
3981342,3
3981343,3
3981344,3
3981345,1
3981346,3
3981347,3
3981348,3
3981350,0
3981351,3
3981352,0
3981354,3
3981355,3
3981356,0
3981357,0
3981359,3
3981360,3
3981361,0
3981364,3
3981366,3
3981367,3
3981370,0
3981371,3
3981372,3
3981374,3
3981375,3
3981376,3
3981380,0
3981381,4
3981382,3
3981383,3
3981384,3
3981385,3
3981387,1
3981389,0
3981391,3
3981392,1
3981394,0
3981395,1
3981396,3
3981399,3
3981401,3
3981402,3
3981404,1
3981405,3
3981406,0
3981407,3
3981409,3
3981410,3
3981411,3
3981412,0
3981415,3
3981416,3
3981425,3
3981426,3
3981428,3
3981430,3
3981434,3
3981436,0
3981437,0
3981439,3
3981441,3
3981444,3
3981447,3
3981452,3
3981453,3
3981459,3
3983857,3
3987109,3
3987110,3
3987113,3
3987114,3
3987115,3
3987116,3
3987124,3
3987125,3
3987162,3
3987163,3
3987172,3
3987173,3
3987176,3
3987177,3
3987422,3
3987437,1
3987456,3
3987457,3
3988806,3
3988872,3
3988873,3
3988875,3
3988876,3
3988877,3
3988878,3
3988883,3
3988900,3
3988906,3
3988909,3
3988910,3
3988911,3
3988912,3
3988913,3
3988914,3
3988915,3
3988916,3
3988917,3
3988918,3
3988919,3
3988920,3
3988921,3
3988922,3
3988923,3
3988924,3
3988925,3
3988926,3
3988927,3
3988928,3
3988929,3
3988930,3
3988931,3
3988932,3
3988933,3
3988934,3
3988935,3
3988936,3
3988937,3
3988941,3
3988942,3
3988943,3
3988944,3
3988961,3
3988962,3
3988963,3
3988964,3
3988965,3
3988966,3
3988967,3
3988968,3
3988969,3
3988970,3
3988971,3
3988972,3
3988973,3
3988974,3
3988975,3
3988976,3
3988977,3
3988978,3
3988979,3
3988980,3
3988981,3
3988982,3
3988983,3
3988984,3
3988985,3
3988986,3
3988987,3
3988988,3
3988989,3
3988990,3
3988991,3
3988992,3
3988993,3
3988994,3
3988995,3
3988996,3
3988997,3
3988998,3
3988999,3
3989000,3
3989001,3
3989002,3
3989003,3
3989004,3
3989005,3
3989006,3
3989007,3
3989008,3
3989009,3
3989010,3
3989011,3
3989012,3
3989013,3
3989014,3
3989015,3
3989016,3
3989017,3
3989018,3
3989019,3
3989020,3
3989021,3
3989022,3
3989023,3
3989024,3
3989025,3
3989026,3
3989027,3
3989028,3
3989029,3
3989030,3
3989032,3
3989033,3
3989034,3
3989035,3
3989036,3
3989037,3
3989038,3
3989039,3
3989040,3
3989041,3
3989042,3
3989043,3
3989044,3
3989045,3
3989046,3
3989047,3
3989048,3
3989049,3
3989050,3
3989051,3
3989052,3
3989053,3
3989054,3
3989055,3
3989056,3
3989057,3
3989058,3
3989059,3
3989060,3
3989061,3
3989062,3
3989063,3
3989064,3
3989065,3
3989066,3
3989067,3
3989068,3
3989069,3
3989070,3
3989071,3
3989072,3
3989073,3
3989074,3
3989075,3
3989076,3
3989077,3
3989078,3
3989079,3
3989080,3
3989081,3
3989082,3
3989083,3
3989084,3
3989085,3
3989086,3
3989087,3
3989088,3
3989089,3
3989090,3
3989091,3
3989092,3
3989093,3
3989094,3
3989095,3
3989096,3
3989097,3
3989098,3
3989099,3
3989100,3
3989101,3
3989102,3
3989103,3
3989104,3
3989105,3
3989106,3
3989107,3
3989108,3
3989109,3
3989110,3
3989111,3
3989112,3
3989113,3
3989114,3
3989115,3
3989116,3
3989117,3
3989118,3
3989119,3
3989120,3
3989126,3
3989127,3
3989128,3
3989129,3
3989133,1
3989134,1
3989135,1
3989136,1
3989137,1
3989138,1
3989139,1
3989140,1
3989141,1
3989142,1
3989143,1
3989144,1
3989145,1
3989146,1
3989147,1
3989148,1
3989149,1
3989150,1
3989151,1
3989152,1
3989153,1
3989154,1
3989155,1
3989156,1
3989157,1
3989158,1
3989159,1
3989160,1
3989161,1
3989162,1
3989163,1
3989164,1
3989165,1
3989166,1
3989167,1
3989168,1
3989169,1
3989170,1
3989171,1
3989172,1
3989173,1
3989174,1
3989175,1
3989176,1
3989177,1
3989178,1
3989179,1
3989180,1
3989181,1
3989182,1
3989183,1
3989184,1
3989185,1
3989186,1
3989187,1
3989188,1
3989189,1
3989190,1
3989191,1
3989192,1
3989193,1
3989194,1
3989195,1
3989196,1
3989197,1
3989198,1
3989199,1
3989200,1
3989201,1
3989202,1
3989203,1
3989204,1
3989205,1
3989206,1
3989207,1
3989208,1
3989209,1
3989210,1
3989211,1
3989212,1
3989213,1
3989214,1
3989215,1
3989216,1
3989217,1
3989218,1
3989219,1
3989220,1
3989221,1
3989222,1
3989223,1
3989224,1
3989225,1
3989226,1
3989227,1
3989228,1
3989229,1
3989230,1
3989231,1
3989232,1
3989233,1
3989234,1
3989235,1
3989236,1
3989237,1
3989238,1
3989239,1
3989240,1
3989241,1
3989242,1
3989243,1
3989244,1
3989245,1
3989246,1
3989247,1
3989248,1
3989249,1
3989250,1
3989251,1
3989252,1
3989254,1
3989255,1
3989256,1
3989257,1
3989258,1
3989259,1
3989260,1
3989261,1
3989262,1
3989263,1
3989264,1
3989265,1
3989266,1
3989267,1
3989268,1
3989269,1
3989270,1
3989271,1
3989272,1
3989273,1
3989274,1
3989275,1
3989276,1
3989277,1
3989278,1
3989279,1
3989280,1
3989281,0
3989282,0
3989283,0
3989284,0
3989285,0
3989286,0
3989287,0
3989288,0
3989289,0
3989290,0
3989291,0
3989292,0
3989293,0
3989294,0
3989295,0
3989296,0
3989297,0
3989298,0
3989299,0
3989300,0
3989301,0
3989302,0
3989304,0
3989305,0
3989306,0
3989307,0
3989308,0
3989309,0
3989310,0
3989311,0
3989312,0
3989314,0
3989315,0
3989316,0
3989317,0
3989318,0
3989319,0
3989320,0
3989322,0
3989323,0
3989324,0
3989325,0
3989326,0
3989327,0
3989328,0
3989329,0
3989330,0
3989331,0
3989332,0
3989333,0
3989334,0
3989335,0
3989336,0
3989339,0
3989340,0
3989341,0
3989342,0
3989343,0
3989344,0
3989345,0
3989346,0
3989347,0
3989348,0
3989349,0
3989350,0
3989351,0
3989352,0
3989356,0
3989357,0
3989358,0
3989359,0
3989360,0
3989361,0
3989362,0
3989363,0
3989364,0
3989365,0
3989366,0
3989367,0
3989369,0
3989370,0
3989371,0
3989372,0
3989373,0
3989374,0
3989375,0
3989376,0
3989377,0
3989378,0
3989379,0
3989380,0
3989385,0
3989386,0
3989387,0
3989388,0
3989389,0
3989390,0
3989391,0
3989392,0
3989393,0
3989394,0
3989395,0
3989396,0
3989397,0
3989398,0
3989399,0
3989400,0
3989401,0
3989402,0
3989403,0
3989404,0
3989405,0
3989406,0
3989407,0
3989408,0
3989409,0
3989410,0
3989412,0
3989413,0
3989414,0
3989415,0
3989416,0
3989417,0
3989418,0
3989419,0
3989420,0
3989421,0
3989422,0
3989423,0
3989424,0
3989426,0
3989427,0
3989428,0
3989429,0
3989430,0
3989432,0
3989433,0
3989434,0
3989435,0
3989436,0
3989437,0
3989438,0
3989439,0
3989440,0
3989441,0
3989443,0
3989444,0
3989445,0
3989446,0
3989448,0
3989449,0
3989451,0
3989452,0
3989454,0
3989455,0
3989456,0
3989457,0
3989458,0
3989459,0
3989460,0
3989461,0
3989463,0
3989464,0
3989465,0
3989466,0
3989467,0
3989468,0
3989469,0
3989470,0
3989471,0
3989472,0
3989473,0
3989474,0
3989475,0
3989476,0
3989478,0
3989479,0
3989480,0
3989481,0
3989482,0
3989483,0
3989484,0
3989485,0
3989487,0
3989488,0
3989490,0
3989491,0
3989492,0
3989493,0
3989494,0
3989495,0
3989496,0
3989497,0
3989498,0
3989499,0
3989500,0
3989501,0
3989502,0
3989503,0
3989504,0
3989505,0
3989506,0
3989508,0
3989509,0
3989510,3
3989511,3
3989512,3
3989513,3
3989514,3
3989515,3
3989516,3
3989517,3
3989518,3
3989519,3
3989520,3
3989521,3
3989522,3
3989523,3
3989524,3
3989525,3
3989526,3
3989527,3
3989528,3
3989529,3
3989530,3
3989531,3
3989532,3
3989533,3
3989534,3
3989535,3
3989536,3
3989537,3
3989538,3
3989539,3
3989540,3
3989541,3
3989542,3
3989543,3
3989544,3
3989545,3
3989546,3
3989547,3
3989548,3
3989549,3
3989550,3
3989551,3
3989552,3
3989553,3
3989554,3
3989555,3
3989556,3
3989557,3
3989558,3
3989559,3
3989560,3
3989561,3
3989562,3
3989564,3
3989565,3
3989566,3
3989567,3
3989568,3
3989569,3
3989570,3
3989571,3
3989572,0
3989573,0
3989574,0
3989575,0
3989576,0
3989577,0
3989578,0
3989579,0
3989580,0
3989581,0
3989582,0
3989583,0
3989584,0
3989585,0
3989586,0
3989588,3
3989591,3
3989592,3
3989593,3
3989594,3
3989595,3
3989596,3
3989597,3
3989598,3
3989599,3
3989600,3
3989601,1
3989602,3
3989603,3
3989604,3
3989605,3
3989606,3
3989607,3
3989608,3
3989609,3
3989610,3
3989611,3
3989612,3
3989613,3
3989614,3
3989615,3
3989616,3
3989617,3
3989618,3
3989619,3
3989620,3
3989621,3
3989622,3
3989623,3
3989624,3
3989625,3
3989626,3
3989627,3
3989628,3
3989629,3
3989630,3
3989631,3
3989632,3
3989633,3
3989634,3
3989635,3
3989636,3
3989637,3
3989638,3
3989639,3
3989640,3
3989641,3
3989642,3
3989643,3
3989644,3
3989645,3
3989646,3
3989647,3
3989648,3
3989649,3
3989650,3
3989651,3
3989652,3
3989653,3
3989654,3
3989655,3
3989656,3
3989657,3
3989658,3
3989659,3
3989660,3
3989661,3
3989663,3
3989664,3
3989665,3
3989666,3
3989667,3
3989668,3
3989669,3
3989670,3
3989671,3
3989672,3
3989674,3
3989675,3
3989676,3
3989677,3
3989678,3
3989679,3
3989680,3
3989681,3
3989682,3
3989683,3
3989684,3
3989685,3
3989686,3
3989687,3
3989688,3
3989689,3
3989690,3
3989692,3
3989693,3
3989694,3
3989695,3
3989696,3
3989697,3
3989698,3
3989699,3
3989700,3
3989701,3
3989702,3
3989703,3
3989704,3
3989705,3
3989706,3
3989707,3
3989708,3
3989709,3
3989710,3
3989711,3
3989712,3
3989713,3
3989714,3
3989715,3
3989716,3
3989717,3
3989718,3
3989719,3
3989720,3
3989721,3
3989722,3
3989723,3
3989724,3
3989725,3
3989727,3
3989728,3
3989729,3
3989730,3
3989731,3
3989732,3
3989733,3
3989734,3
3989735,3
3989736,3
3989737,3
3989738,3
3989739,3
3989740,3
3989741,3
3989742,3
3989743,3
3989744,3
3989745,3
3989746,3
3989747,3
3989748,3
3989749,3
3989750,3
3989751,3
3989752,3
3989753,3
3989754,3
3989755,3
3989756,3
3989757,3
3989758,3
3989759,3
3989760,3
3989761,3
3989762,3
3989763,3
3989764,3
3989765,3
3989766,3
3989767,3
3989768,3
3989769,3
3989770,3
3989771,3
3989772,3
3989773,3
3989774,3
3989775,3
3989776,3
3989777,3
3989778,3
3989779,3
3989780,3
3989781,3
3989782,3
3989783,3
3989784,3
3989785,3
3989786,3
3989787,3
3989788,3
3989789,3
3989790,3
3989791,3
3989792,3
3989793,3
3989794,3
3989795,3
3989796,3
3989797,3
3989798,3
3989799,3
3989800,3
3989801,3
3989802,3
3989803,3
3989804,3
3989805,3
3989806,3
3989807,3
3989808,3
3989809,3
3989810,3
3989811,3
3989812,3
3989813,3
3989814,3
3989815,3
3989816,3
3989817,3
3989818,3
3989819,3
3989820,3
3989821,3
3989823,3
3989824,3
3989825,3
3989826,3
3989827,3
3989828,3
3989829,3
3989830,3
3989831,3
3989832,3
3989833,3
3989834,3
3989835,3
3989836,3
3989837,3
3989838,3
3989839,3
3989840,3
3989841,3
3989842,3
3989843,3
3989844,3
3989845,3
3989846,3
3989847,3
3989848,3
3989849,3
3989850,3
3989851,3
3989852,3
3989853,3
3989854,3
3989855,3
3989856,3
3989857,3
3989858,3
3989859,3
3989860,3
3989861,3
3989862,3
3989863,3
3989864,3
3989865,3
3989866,3
3989867,3
3989868,3
3989869,3
3989870,3
3989871,3
3989872,3
3989873,3
3989874,3
3989875,3
3989876,3
3989877,3
3989878,3
3989879,3
3989880,3
3989881,3
3989882,3
3989883,3
3989884,3
3989885,3
3989886,3
3989887,3
3989888,3
3989889,3
3989890,3
3989891,3
3989892,3
3989893,3
3989894,3
3989895,3
3989896,3
3989897,3
3989898,3
3989899,3
3989900,3
3989901,3
3989902,3
3989903,3
3989904,3
3989905,3
3989906,3
3989907,3
3989908,3
3989909,3
3989910,3
3989911,3
3989912,3
3989913,3
3989914,3
3989915,3
3989916,3
3989917,3
3989918,3
3989919,3
3989920,3
3989921,3
3989922,3
3989923,3
3989924,3
3989925,3
3989926,3
3989927,3
3989928,3
3989929,3
3989930,3
3989931,3
3989932,3
3989933,3
3989934,3
3989935,3
3989936,3
3989937,3
3989938,3
3989939,3
3989940,3
3989941,3
3989942,3
3989943,3
3989944,3
3989945,3
3989946,3
3989947,3
3989948,3
3989949,3
3989950,3
3989951,3
3989952,3
3989953,3
3989954,3
3989955,3
3989956,3
3989957,3
3989958,3
3989959,3
3989960,3
3989961,3
3989962,3
3989963,3
3989964,3
3989965,3
3989966,3
3989967,3
3989968,3
3989969,3
3989970,3
3989971,3
3989972,3
3989973,3
3989974,3
3989975,3
3989976,3
3989977,3
3989978,3
3989979,3
3989980,3
3989981,3
3989982,3
3989983,3
3989984,3
3989985,3
3989986,3
3989987,3
3989988,3
3989989,3
3989990,3
3989991,3
3989992,3
3989993,3
3989994,3
3989995,3
3989996,3
3989997,3
3989998,3
3989999,3
3990000,3
3990001,3
3990002,3
3990003,3
3990004,3
3990005,3
3990006,3
3990007,3
3990008,3
3990009,3
3990010,3
3990011,3
3990012,3
3990013,3
3990014,3
3990015,3
3990016,3
3990017,3
3990018,3
3990019,3
3990020,3
3990021,3
3990022,3
3990023,3
3990024,3
3990025,3
3990026,3
3990027,3
3990028,3
3990029,3
3990030,3
3990031,3
3990032,3
3990033,3
3990034,3
3990035,3
3990036,3
3990037,3
3990038,3
3990039,3
3990040,3
3990041,3
3990042,3
3990043,3
3990044,3
3990045,3
3990046,3
3990047,3
3990048,3
3990049,3
3990050,3
3990051,3
3990052,3
3990053,3
3990054,3
3990055,3
3990056,3
3990057,3
3990058,3
3990059,3
3990060,3
3990061,3
3990062,3
3990063,3
3990064,3
3990065,3
3990066,3
3990067,3
3990068,3
3990069,3
3990070,3
3990071,3
3990072,3
3990073,3
3990074,3
3990075,3
3990076,3
3990077,3
3990078,3
3990079,3
3990080,3
3990081,3
3990082,3
3990083,3
3990084,3
3990085,3
3990086,3
3990087,3
3990088,3
3990089,3
3990090,3
3990091,3
3990092,3
3990093,3
3990094,3
3990095,3
3990096,3
3990097,3
3990098,3
3990099,3
3990100,3
3990101,3
3990102,3
3990103,3
3990104,3
3990105,3
3990106,3
3990107,3
3990108,3
3990109,3
3990110,3
3990111,3
3990112,3
3990113,3
3990114,3
3990115,3
3990116,3
3990117,3
3990118,3
3990119,3
3990120,3
3990121,3
3990122,3
3990123,3
3990124,3
3990125,3
3990126,3
3990127,3
3990128,3
3990129,3
3990130,3
3990131,3
3990132,3
3990133,3
3990134,3
3990135,3
3990136,3
3990137,3
3990138,3
3990139,3
3990140,3
3990141,3
3990142,3
3990143,3
3990144,3
3990145,3
3990146,3
3990147,3
3990148,3
3990149,3
3990150,3
3990151,3
3990152,3
3990153,3
3990154,3
3990155,3
3990156,3
3990157,3
3990158,3
3990159,3
3990160,3
3990161,3
3990162,3
3990163,3
3990164,3
3990165,3
3990166,3
3990167,3
3990168,3
3990169,3
3990170,3
3990173,3
3990174,3
3990175,3
3990176,3
3990177,3
3990178,3
3990179,3
3990180,3
3990181,3
3990182,3
3990183,3
3990184,3
3990185,3
3990186,3
3990187,3
3990188,3
3990189,3
3990190,3
3990191,3
3990192,3
3990193,3
3990194,3
3990195,3
3990196,3
3990197,3
3990198,3
3990199,3
3990200,3
3990201,3
3990202,3
3990203,3
3990204,3
3990205,3
3990206,3
3990207,3
3990208,3
3990209,3
3990210,3
3990211,3
3990212,3
3990213,3
3990214,3
3990215,3
3990216,3
3990217,3
3990218,3
3990219,3
3990220,3
3990221,3
3990222,3
3990223,3
3990224,3
3990225,3
3990227,3
3990228,3
3990229,3
3990230,3
3990231,3
3990232,3
3990233,3
3990234,3
3990235,3
3990236,3
3990237,3
3990238,3
3990239,3
3990240,3
3990241,3
3990242,3
3990243,3
3990244,3
3990245,3
3990246,3
3990247,3
3990248,3
3990249,3
3990250,3
3990251,3
3990252,3
3990253,3
3990254,3
3990255,3
3990256,3
3990257,3
3990258,3
3990259,3
3990260,3
3990261,3
3990262,3
3990263,3
3990264,3
3990265,3
3990266,3
3990267,3
3990268,3
3990269,3
3990270,3
3990271,3
3990272,3
3990273,3
3990274,3
3990275,3
3990276,3
3990277,3
3990278,3
3990279,3
3990280,3
3990281,3
3990282,3
3990283,3
3990284,3
3990285,3
3990286,3
3990287,3
3990288,3
3990289,3
3990290,3
3990291,3
3990292,3
3990293,3
3990294,3
3990295,3
3990296,3
3990297,3
3990298,3
3990299,3
3990300,3
3990301,3
3990302,3
3990303,3
3990304,3
3990305,3
3990307,3
3990308,3
3990309,3
3990310,3
3990311,3
3990312,3
3990313,3
3990314,3
3990315,3
3990316,3
3990317,3
3990318,3
3990319,3
3990320,3
3990321,3
3990322,3
3990323,3
3990324,3
3990325,3
3990326,3
3990327,3
3990328,3
3990329,3
3990330,3
3990331,3
3990332,3
3990333,3
3990334,3
3990335,3
3990336,3
3990337,3
3990338,3
3990339,3
3990340,3
3990341,3
3990342,3
3990343,3
3990344,3
3990345,3
3990346,3
3990347,3
3990348,3
3990349,3
3990350,3
3990351,3
3990352,3
3990353,3
3990354,3
3990355,3
3990356,3
3990357,3
3990358,3
3990359,3
3990360,3
3990361,3
3990362,3
3990363,3
3990364,3
3990365,3
3990366,3
3990367,3
3990368,3
3990369,3
3990370,3
3990371,3
3990372,3
3990373,3
3990374,3
3990375,3
3990376,3
3990377,3
3990378,3
3990379,3
3990380,3
3990389,3
3990390,3
3990391,3
3990392,3
3990393,3
3990394,3
3990395,3
3990396,3
3990397,3
3990398,3
3990399,3
3990400,3
3990401,3
3990402,3
3990403,3
3990404,3
3990405,3
3990406,3
3990407,3
3990408,3
3990409,3
3990410,3
3990411,3
3990412,3
3990413,3
3990414,3
3990415,3
3990416,3
3990417,3
3990418,3
3990419,3
3990420,3
3990421,3
3990422,3
3990424,3
3990425,3
3990426,3
3990427,3
3990428,3
3990429,3
3990430,3
3990431,3
3990432,3
3990433,3
3990434,3
3990435,3
3990436,3
3990437,3
3990438,3
3990439,3
3990440,3
3990441,3
3990442,3
3990443,3
3990444,3
3990445,3
3990446,3
3990447,3
3990448,3
3990449,3
3990450,3
3990451,3
3990452,3
3990453,0
3990454,0
3990455,0
3990456,0
3990457,0
3990458,0
3990459,0
3990460,0
3990461,0
3990462,0
3990463,0
3990464,0
3990465,0
3990466,0
3990467,0
3990468,0
3990469,0
3990470,0
3990471,0
3990472,0
3990473,0
3990474,0
3990475,0
3990476,0
3990477,0
3990478,0
3990479,0
3990480,0
3990481,0
3990482,0
3990483,0
3990484,0
3990485,0
3990486,0
3990487,0
3990488,0
3990489,0
3990490,0
3990491,0
3990492,0
3990493,0
3990494,0
3990495,0
3990496,0
3990497,0
3990498,0
3990499,0
3990500,0
3990501,0
3990502,0
3990503,0
3990504,0
3990505,0
3990506,0
3990507,0
3990508,0
3990509,0
3990510,0
3990511,0
3990512,0
3990513,0
3990514,0
3990515,0
3990516,0
3990517,3
3990518,3
3990519,3
3990520,3
3990521,3
3990522,3
3990523,3
3990524,3
3990525,0
3990526,0
3990527,0
3990528,0
3990529,0
3990530,0
3990531,0
3990532,0
3990533,0
3990534,3
3990535,3
3990536,3
3990537,3
3990538,3
3990539,3
3990540,3
3990541,3
3990542,3
3990543,3
3990544,3
3990545,3
3990546,3
3990547,3
3990548,3
3990549,3
3990550,3
3990551,3
3990552,3
3990553,3
3990554,3
3990555,3
3990556,3
3990557,3
3990558,3
3990559,3
3990560,3
3990561,3
3990562,3
3990563,3
3990564,3
3990565,3
3990566,3
3990567,3
3990568,3
3990569,3
3990570,3
3990571,3
3990572,3
3990573,3
3990574,3
3990575,3
3990576,3
3990577,3
3990578,3
3990579,3
3990580,3
3990581,3
3990582,3
3990583,3
3990584,3
3990585,3
3990586,3
3990587,3
3990588,3
3990589,3
3990590,3
3990591,3
3990592,3
3990593,3
3990594,3
3990595,3
3990596,3
3990597,3
3990598,3
3990599,3
3990600,3
3990601,3
3990602,3
3990603,3
3990604,3
3990605,3
3990606,3
3990607,3
3990608,3
3990609,3
3990610,3
3990611,0
3990612,3
3990613,3
3990614,3
3990615,3
3990616,3
3990617,3
3990618,3
3990619,3
3990620,3
3990621,3
3990622,3
3990624,3
3990625,3
3990626,3
3990627,3
3990628,3
3990629,3
3990630,3
3990631,3
3990632,3
3990633,3
3990634,3
3990635,3
3990636,3
3990637,3
3990638,3
3990639,3
3990640,3
3990641,3
3990642,3
3990643,3
3990644,3
3990645,3
3990646,3
3990647,3
3990648,3
3990649,3
3990650,3
3990651,3
3990652,3
3990653,3
3990654,3
3990655,3
3990656,3
3990657,3
3990658,3
3990659,3
3990660,3
3990661,3
3990662,3
3990663,3
3990664,3
3990665,3
3990666,3
3990667,3
3990668,3
3990669,3
3990670,3
3990671,3
3990672,3
3990673,3
3990674,3
3990675,3
3990676,3
3990677,3
3990678,3
3990679,3
3990680,3
3990681,3
3990682,3
3990683,3
3990684,3
3990685,3
3990686,3
3990687,3
3990688,3
3990689,3
3990690,3
3990691,3
3990692,3
3990693,3
3990694,3
3990695,3
3990696,3
3990697,3
3990698,3
3990699,3
3990700,3
3990701,3
3990702,3
3990703,3
3990704,3
3990705,3
3990706,3
3990707,3
3990708,3
3990709,3
3990710,3
3990711,3
3990712,3
3990713,3
3990714,3
3990715,3
3990716,3
3990717,3
3990718,3
3990719,3
3990720,3
3990721,3
3990722,3
3990723,3
3990724,3
3990725,3
3990726,3
3990727,3
3990728,3
3990729,3
3990730,3
3990731,3
3990732,3
3990733,3
3990734,3
3990735,3
3990736,3
3990737,3
3990738,3
3990739,3
3990740,3
3990741,3
3990742,3
3990743,3
3990744,3
3990745,3
3990746,3
3990747,3
3990748,3
3990749,3
3990750,3
3990751,3
3990752,3
3990753,3
3990754,3
3990755,3
3990756,3
3990757,3
3990758,3
3990759,3
3990760,3
3990761,3
3990762,3
3990763,3
3990764,3
3990765,3
3990766,3
3990767,3
3990768,3
3990769,3
3990770,3
3990771,3
3990772,3
3990773,3
3990774,3
3990775,3
3990776,3
3990777,3
3990778,3
3990779,3
3990780,3
3990781,3
3990782,3
3990783,3
3990784,3
3990785,3
3990786,3
3990787,3
3990788,3
3990789,3
3990790,3
3990791,3
3990792,3
3990793,3
3990794,3
3990795,3
3990796,3
3990797,3
3990798,3
3990799,3
3990800,3
3990801,3
3990802,3
3990803,3
3990804,3
3990805,3
3990806,3
3990807,3
3990808,3
3990809,3
3990810,3
3990811,3
3990812,3
3990813,3
3990814,3
3990815,3
3990816,3
3990817,3
3990818,3
3990819,3
3990820,3
3990821,3
3990822,3
3990823,3
3990824,3
3990825,3
3990826,3
3990827,3
3990828,3
3990829,3
3990830,3
3990831,3
3990832,3
3990833,3
3990834,3
3990835,3
3990836,3
3990837,3
3990838,3
3990839,3
3990840,3
3990841,3
3990842,3
3990843,3
3990844,3
3990845,3
3990846,3
3990847,3
3990848,3
3990849,3
3990850,3
3990851,3
3990856,3
3990857,3
3990858,3
3990859,3
3990860,3
3990863,3
3990864,3
3990866,3
3990867,3
3990868,3
3990869,3
3990870,3
3990871,3
3990872,3
3990873,3
3990874,3
3990875,3
3990876,3
3990878,3
3990879,3
3990880,3
3990881,3
3990882,3
3990883,3
3990884,3
3990885,3
3990886,3
3990887,3
3990888,3
3990889,3
3990890,3
3990891,3
3990892,3
3990893,3
3990894,3
3990895,3
3990896,3
3990897,3
3990898,3
3990899,3
3990900,3
3990901,3
3990902,3
3990903,3
3990904,3
3990906,3
3990907,3
3990908,3
3990909,3
3990910,3
3990911,3
3990912,3
3990913,3
3990914,3
3990915,3
3990916,3
3990917,3
3990918,3
3990919,3
3990920,3
3990921,3
3990922,3
3990923,3
3990924,3
3990925,3
3990926,3
3990927,3
3990928,3
3990929,3
3990930,3
3990931,3
3990932,3
3990933,3
3990934,3
3990935,3
3990936,3
3990937,3
3990938,3
3990939,3
3990940,3
3990941,3
3990942,3
3990943,3
3990944,3
3990945,3
3990946,3
3990947,3
3990948,3
3990949,3
3990950,3
3990951,3
3990952,3
3990953,3
3990954,3
3990955,3
3990956,3
3990957,3
3990958,3
3990959,3
3990960,3
3990961,3
3990962,3
3990963,3
3990964,3
3990965,3
3990966,3
3990967,3
3990968,3
3990969,3
3990970,3
3990971,3
3990973,3
3990974,3
3990975,3
3990976,3
3990977,3
3990978,3
3990979,3
3990980,3
3990981,3
3990982,3
3990983,3
3990984,3
3995139,3
3995140,3
3995156,3
3995157,3
3995158,3
3995160,3
3995161,3
3995162,3
3995164,3
3995165,3
3995166,3
3995167,3
3995168,3
3995169,3
3995170,3
3995171,3
3995172,3
3995173,3
3995174,3
3995178,3
3995179,3
3995180,3
3995181,3
3995182,3
3995183,3
3995184,3
3995185,3
3997505,3
3997834,3
3998605,3
3999838,3
3999839,3
4004668,3
4004951,3
4004952,3
4005448,3
4007032,3
4007033,3
4007042,3
4010409,3
4010446,3
4010447,3
4010448,3
4010449,3
4010459,3
4010461,3
4010473,3
4010475,3
4010476,3
4010483,3
4010497,3
4010500,3
4010505,3
4010514,3
4010520,3
4010527,3
4010530,3
4010531,3
4010539,3
4010544,3
4010552,3
4010553,3
4010568,3
4010570,3
4010572,3
4010574,3
4010576,3
4010577,3
4010578,3
4010579,3
4010581,3
4010582,3
4010585,3
4010586,3
4010588,3
4010589,3
4010590,3
4010591,3
4010592,3
4010593,3
4010594,3
4010595,3
4010596,3
4010597,3
4010598,3
4010611,3
4010612,3
4010613,3
4010614,3
4010615,3
4010616,3
4010617,3
4010618,3
4010619,3
4010620,3
4010621,3
4010622,3
4010623,3
4010624,3
4010625,3
4010626,3
4010627,3
4010634,3
4010635,3
4010636,3
4010637,3
4010638,3
4010639,3
4010640,3
4010641,3
4010642,3
4010643,3
4010644,3
4010645,3
4010646,3
4010647,3
4010648,3
4010649,3
4010650,3
4010651,3
4010652,3
4010653,3
4010654,3
4010655,3
4010656,3
4010657,3
4010658,3
4010664,3
4010665,3
4010668,3
4010669,3
4010728,3
4010731,3
4010732,3
4010733,3
4010734,3
4010735,3
4010736,3
4010737,3
4010738,3
4010739,3
4010740,3
4010741,3
4010742,3
4010743,3
4010744,3
4010745,3
4010746,3
4010747,3
4010748,3
4010749,3
4010750,3
4010751,3
4010752,3
4010753,3
4010754,3
4010755,3
4010756,3
4010757,3
4010758,3
4010759,3
4010760,3
4010761,3
4010762,3
4010763,3
4010764,3
4010765,3
4010771,3
4010772,3
4010773,3
4010774,3
4010775,3
4010776,3
4010777,3
4010778,3
4010782,3
4010784,3
4010785,3
4010790,3
4010791,3
4010792,3
4010793,3
4010795,3
4010806,3
4010807,3
4010808,3
4010809,3
4010810,3
4010811,3
4010816,3
4010817,3
4010822,3
4010823,3
4010824,3
4010825,3
4010838,3
4010839,3
4010840,3
4010841,3
4010842,3
4010843,3
4010845,3
4010846,3
4010848,3
4010849,3
4010853,3
4010858,3
4010859,3
4010860,3
4010861,3
4010865,3
4010871,3
4010878,3
4010882,3
4010883,3
4010884,3
4010885,3
4010886,3
4010887,3
4010888,3
4010890,3
4010892,3
4010919,3
4010920,3
4010921,3
4010923,3
4010924,3
4010925,3
4010926,3
4010927,3
4010928,3
4010929,3
4010936,3
4010937,3
4010938,3
4010939,3
4010940,3
4010941,3
4010942,3
4010943,3
4010944,3
4010945,3
4010946,3
4010947,3
4010948,3
4010949,3
4010950,3
4010951,3
4010952,3
4010953,3
4010958,3
4010960,3
4010961,3
4010963,3
4010966,3
4010967,3
4010972,3
4010973,3
4010974,3
4010975,3
4010977,3
4010978,3
4010979,3
4010980,3
4010981,3
4010982,3
4010983,3
4010984,3
4010985,3
4010986,3
4010987,3
4010988,3
4010989,3
4010990,3
4010991,3
4010993,3
4010994,3
4010995,3
4010996,3
4010997,3
4010998,3
4010999,3
4011000,3
4011001,3
4011009,3
4011010,3
4011019,3
4011026,3
4011027,3
4011028,3
4011029,3
4011030,3
4011031,3
4011032,3
4011033,3
4011034,3
4011035,3
4011036,3
4011037,3
4011038,3
4011039,3
4011040,3
4011041,3
4011042,3
4011043,3
4011044,3
4011045,3
4011046,3
4011047,3
4011048,3
4011049,3
4011050,3
4011051,3
4011053,3
4011054,3
4011055,3
4011056,3
4011057,3
4011058,3
4011059,3
4011060,3
4011061,3
4011063,3
4011064,3
4011065,3
4011066,3
4011067,3
4011068,3
4011069,3
4011070,3
4011071,3
4011072,3
4011073,3
4011074,3
4011076,3
4011077,3
4011078,3
4011079,3
4011080,3
4011081,3
4011082,3
4011083,3
4011084,3
4011085,3
4011086,3
4011087,3
4011088,3
4011091,3
4011094,3
4011095,3
4011096,3
4011097,3
4011098,3
4011099,3
4011100,3
4011101,3
4011102,3
4011103,3
4011104,3
4011105,3
4011106,3
4011107,3
4011109,3
4011110,3
4011111,3
4011112,3
4011123,3
4011124,3
4011125,3
4011126,3
4011127,3
4011128,3
4011129,3
4011130,3
4011141,3
4011142,3
4011143,3
4011146,3
4011147,3
4011148,3
4011149,3
4011150,3
4011151,3
4011152,3
4011153,3
4011154,3
4011155,3
4011156,3
4011157,3
4011160,3
4011161,3
4011162,3
4011163,3
4011164,3
4011165,3
4011166,3
4011167,3
4011168,3
4011169,3
4011170,3
4011171,3
4011172,3
4011173,3
4011174,3
4011175,3
4011176,3
4011177,3
4011184,3
4011185,3
4011186,3
4011187,3
4011188,3
4011191,3
4011282,3
4011283,3
4011284,3
4011295,3
4011296,3
4011297,3
4011298,3
4011299,3
4011310,3
4011311,3
4011313,3
4011314,3
4011315,3
4011316,3
4011320,3
4011324,3
4011325,3
4011327,3
4011328,3
4011329,3
4011330,3
4011331,3
4011333,3
4011337,3
4011338,3
4011344,3
4011345,3
4011352,3
4011357,3
4011359,3
4011360,3
4011362,3
4011363,3
4011364,3
4011371,3
4011372,3
4011373,3
4011379,3
4011380,3
4011383,3
4011386,3
4011387,3
4011388,3
4011403,3
4011405,3
4011406,3
4011407,3
4011410,3
4011413,3
4011417,3
4011423,3
4011426,3
4011427,3
4011432,3
4011433,3
4011462,3
4011503,3
4011538,3
4011539,3
4015384,3
4015385,3
4015386,3
4015387,3
4015388,3
4015389,3
4015390,3
4015391,3
4015392,3
4015393,3
4015394,3
4015395,3
4015413,3
4015414,3
4015415,3
4015421,3
4015422,3
4015423,3
4015424,3
4015485,"0,3"
4015532,3
4015594,"0,3"
4015596,"0,3"
4015622,3
4015630,"0,3"
4015723,"0,3"
4015830,"0,3"
4015841,3
4016048,3
4016049,3
4016050,3
4016051,3
4016054,3
4016055,3
4016056,3
4016057,3
4016058,3
4016059,3
4016060,3
4016063,3
4016064,3
4016074,3
4016075,3
4016084,3
4016085,3
4016101,3
4016102,3
4016103,3
4016104,3
4016105,3
4016106,3
4016107,3
4016108,3
4016109,3
4016110,3
4016111,3
4016112,3
4016113,3
4016114,3
4016115,3
4016116,3
4016117,3
4016118,3
4016122,0
4016123,0
4016133,0
4016134,0
4016135,0
4016136,0
4016137,0
4016138,0
4016139,0
4016140,0
4016141,0
4016142,0
4016143,0
4016144,0
4016145,0
4016146,0
4016147,0
4016148,0
4016149,0
4016150,0
4016151,0
4016152,0
4016153,0
4016154,0
4016155,3
4016160,3
4016161,3
4016162,3
4016163,3
4016164,3
4016166,3
4016167,3
4016168,3
4016169,3
4016170,3
4016171,3
4016172,3
4016173,3
4016174,3
4016175,3
4016176,3
4016177,3
4016178,3
4016179,3
4016180,3
4016181,3
4016182,3
4016183,3
4016184,3
4016185,3
4016186,3
4016187,3
4016188,3
4016189,3
4016190,3
4016191,3
4016192,3
4016193,3
4016194,3
4016195,3
4016196,3
4016197,3
4016198,3
4016199,3
4016200,3
4016201,3
4016202,3
4016203,3
4016204,3
4016205,3
4016206,3
4016207,3
4016208,3
4016209,3
4016210,3
4016211,3
4016212,3
4016213,3
4016214,3
4016298,3
4016299,3
4016300,3
4016301,3
4016313,3
4017292,3
4017293,3
4017523,3
4017529,3
4017530,3
4017610,3
4017661,3
4017664,3
4017704,3
4017713,0
4017766,3
4017772,3
4017860,3
4017871,3
4017882,3
4017910,3
4017940,3
4017960,0
4017976,0
4019080,3
4019081,3
4019977,3
4020040,3
4021590,3
4021591,3
4021592,3
4022472,3
4022479,3
4022480,3
4022481,3
4026641,3
4026643,3
4026644,3
4026645,3
4026646,3
4026651,3
4026849,3
4030438,3
4030454,3
4030455,3
4030456,3
4030457,3
4030511,3
4030603,3
4030691,3
4030904,3
4030952,3
4030953,3
4031003,0
4031004,0
4031005,0
4031006,0
4031007,0
4031008,0
4031009,0
4031010,0
4031011,0
4031012,0
4031013,0
4031014,0
4031015,0
4031016,0
4031017,0
4031018,0
4031019,0
4031020,0
4031021,0
4031022,0
4031023,0
4031024,0
4031025,0
4031026,0
4031027,0
4031028,0
4031029,0
4031030,0
4031031,0
4031032,0
4031033,0
4031034,0
4031035,0
4031037,0
4031038,0
4031039,0
4031040,0
4031041,0
4031042,0
4031043,0
4031044,0
4031045,0
4031046,0
4031047,0
4031048,0
4031049,0
4031050,0
4031051,0
4031052,0
4031053,0
4031054,0
4031055,0
4031056,0
4031057,0
4031058,0
4031059,0
4031060,0
4031061,0
4031062,0
4031063,0
4031064,0
4031065,0
4031066,0
4031067,0
4031068,0
4031069,0
4031070,0
4031071,0
4031072,0
4031073,0
4031074,0
4031075,0
4031076,0
4031077,0
4031078,0
4031079,0
4031080,0
4031081,0
4031082,0
4031083,0
4031084,0
4031085,0
4031086,0
4031087,0
4031088,0
4031089,0
4031090,0
4031091,0
4031092,0
4031093,0
4031094,0
4031095,0
4031096,0
4031097,0
4031098,0
4031099,0
4031100,0
4031101,0
4031102,0
4031103,0
4031104,0
4031105,0
4031106,0
4031107,0
4031108,0
4031109,0
4031110,0
4031111,0
4031112,0
4031113,0
4031114,0
4031115,0
4031116,0
4031117,0
4031118,0
4031119,0
4031120,0
4031121,0
4031122,0
4031124,0
4031125,0
4031126,0
4031127,0
4031128,0
4031129,0
4031130,0
4031131,0
4031132,0
4031133,0
4031134,0
4031135,0
4031136,0
4031137,0
4031138,0
4031139,0
4031140,0
4031141,0
4031142,0
4031143,0
4031144,0
4031145,0
4031146,0
4031147,0
4031148,0
4031149,0
4031150,0
4031151,0
4031152,0
4031153,0
4031154,0
4031155,0
4031156,0
4031157,0
4031158,0
4031159,0
4031160,0
4031161,0
4031162,0
4031163,0
4031164,0
4031165,0
4031166,0
4031167,0
4031168,0
4031169,0
4031170,0
4031171,0
4031172,0
4031173,0
4031174,0
4031175,0
4031176,0
4031177,0
4031178,0
4031179,0
4031180,0
4031181,0
4031182,0
4031183,0
4031184,0
4031185,0
4031186,0
4031187,0
4031188,0
4031189,0
4031190,0
4031191,0
4031192,0
4031193,0
4031194,0
4031195,0
4031196,0
4031197,0
4031198,0
4031199,0
4031200,0
4031201,0
4031202,0
4031203,0
4031204,0
4031205,0
4031206,0
4031207,0
4031208,0
4031209,0
4031210,0
4031211,0
4031212,0
4031213,0
4031214,0
4031215,0
4031216,0
4031217,0
4031218,0
4031219,0
4031220,0
4031221,0
4031222,0
4031223,0
4031224,0
4031225,0
4031226,0
4031227,0
4031228,0
4031230,0
4031231,0
4031232,0
4031233,0
4031234,0
4031235,0
4031236,0
4031237,0
4031238,0
4031239,0
4031240,0
4031241,0
4031242,0
4031243,0
4031244,0
4031245,0
4031246,0
4031247,0
4031248,0
4031249,0
4031250,0
4031251,0
4031252,0
4031253,0
4031254,0
4031255,0
4031256,0
4031257,0
4031258,0
4031259,0
4031260,0
4031261,0
4031262,0
4031263,0
4031264,0
4031265,0
4031266,0
4031267,0
4031268,0
4031269,0
4031270,0
4031271,0
4031272,0
4031273,0
4031274,0
4031275,0
4031276,0
4031277,0
4031278,0
4031279,0
4031280,0
4031281,0
4031282,0
4031283,0
4031284,0
4031285,0
4031286,0
4031287,0
4031288,0
4031289,0
4031290,0
4031291,0
4031292,0
4031293,0
4031294,0
4031295,0
4031296,0
4031297,0
4031298,0
4031299,0
4031300,0
4031301,0
4031302,0
4031303,0
4031304,0
4031305,0
4031306,0
4031307,0
4031308,0
4031309,0
4031310,0
4031311,0
4031312,0
4031313,0
4031314,0
4031315,0
4031316,0
4031317,0
4031318,0
4031319,0
4031320,0
4031321,0
4031322,0
4031324,0
4031325,0
4031326,0
4031327,0
4031328,0
4031329,0
4031330,0
4031331,0
4031332,0
4031333,0
4031334,0
4031335,0
4031336,0
4031338,0
4031339,0
4031340,0
4031342,0
4031343,0
4031344,0
4031345,0
4031346,0
4031347,0
4031348,0
4031349,0
4031350,0
4031351,0
4031352,0
4031353,0
4031354,0
4031355,0
4031356,0
4031357,0
4031358,0
4031359,0
4031360,0
4031361,0
4031362,0
4031363,0
4031364,0
4031365,0
4031366,0
4031367,0
4031368,0
4031369,0
4031370,0
4031371,0
4031372,0
4031373,0
4031374,0
4031375,0
4031376,0
4031377,0
4031378,0
4031379,0
4031380,0
4031381,0
4031382,0
4031383,0
4031384,0
4031385,0
4031386,0
4031387,0
4031388,0
4031389,0
4031390,0
4031391,0
4031392,0
4031393,0
4031394,0
4031395,0
4031396,0
4031397,0
4031398,0
4031399,0
4031400,0
4031401,0
4031402,0
4031403,0
4031404,0
4031405,0
4031406,0
4031407,0
4031408,0
4031409,0
4031410,0
4031411,0
4031412,0
4031414,0
4031415,0
4031416,0
4031417,0
4031418,0
4031419,0
4031420,0
4031421,0
4031422,0
4031423,0
4031424,0
4031425,0
4031426,0
4031427,0
4031428,0
4031429,0
4031430,0
4031431,0
4031432,0
4031433,0
4031434,0
4031435,0
4031436,0
4031437,0
4031438,0
4031439,0
4031440,0
4031441,0
4031442,0
4031443,0
4031444,0
4031445,0
4031446,0
4031447,0
4031448,0
4031449,0
4031450,0
4031451,0
4031452,0
4031453,0
4031454,0
4031455,0
4031456,0
4031457,0
4031458,0
4031459,0
4031460,0
4031461,0
4031462,0
4031463,0
4031464,0
4031465,0
4031466,0
4031467,0
4031468,0
4031469,0
4031470,0
4031471,0
4031473,0
4031474,0
4031475,0
4031476,0
4031477,0
4031478,0
4031480,0
4031481,0
4031482,0
4031483,0
4031484,0
4031485,0
4031486,0
4031487,0
4031488,0
4031489,0
4031493,3
4031494,3
4031495,3
4031496,3
4031497,3
4031498,3
4031499,3
4031500,3
4031501,3
4031502,3
4031503,3
4031504,3
4031505,3
4031506,3
4031507,3
4031509,3
4031510,3
4031511,3
4031512,3
4031514,3
4031515,3
4031516,3
4031517,3
4031518,3
4031519,3
4031520,3
4031521,3
4031522,3
4031523,3
4031524,3
4031525,3
4031526,3
4031527,3
4031529,3
4031530,3
4031531,3
4031532,3
4031533,3
4031534,3
4031535,3
4031536,3
4031537,3
4031538,3
4031539,3
4031540,3
4031541,3
4031542,3
4031543,3
4031544,3
4031545,3
4031546,3
4031547,3
4031548,3
4031550,3
4031551,3
4031552,3
4031553,3
4031554,3
4031555,3
4031556,3
4031557,3
4031558,3
4031559,3
4031560,3
4031561,3
4031562,3
4031563,3
4031564,3
4031565,3
4031566,3
4031567,3
4031568,3
4031569,3
4031570,3
4031571,3
4031572,3
4031573,3
4031574,3
4031575,3
4031576,3
4031577,3
4031578,3
4031579,3
4031580,3
4031581,3
4031582,3
4031583,3
4031584,3
4031585,3
4031586,3
4031587,3
4031588,3
4031589,3
4031590,3
4031591,3
4031592,3
4031593,3
4031594,3
4031596,3
4031597,3
4031598,3
4031599,3
4031600,3
4031601,3
4031602,3
4031603,3
4031604,3
4031605,3
4031606,3
4031607,3
4031608,3
4031609,3
4031610,3
4031611,3
4031612,3
4031613,3
4031614,3
4031615,3
4031616,3
4031617,3
4031618,3
4031619,3
4031620,3
4031621,3
4031622,3
4031623,3
4031624,3
4031625,3
4031626,3
4031628,3
4031629,3
4031630,3
4031631,3
4031632,3
4031633,3
4031634,3
4031635,3
4031636,3
4031637,3
4031638,3
4031639,3
4031640,3
4031641,3
4031642,3
4031643,3
4031644,3
4031645,3
4031646,3
4031647,3
4031648,3
4031649,3
4031650,3
4031651,3
4031652,3
4031653,3
4031654,3
4031655,3
4031656,3
4031657,3
4031658,3
4031659,3
4031660,3
4031661,3
4031662,3
4031663,3
4031664,3
4031665,3
4031666,3
4031667,3
4031668,3
4031669,3
4031670,3
4031671,3
4031672,3
4031673,3
4031674,3
4031675,3
4031676,3
4031677,3
4031678,3
4031679,3
4031680,3
4031681,3
4031682,3
4031683,3
4031684,3
4031685,3
4031686,3
4031687,3
4031688,3
4031689,3
4031690,3
4031691,3
4031692,3
4031693,3
4031694,3
4031695,3
4031696,3
4031697,3
4031698,3
4031699,3
4031700,3
4031701,3
4031702,3
4031703,3
4031704,3
4031705,3
4031706,3
4031707,3
4031708,3
4031709,3
4031710,3
4031711,3
4031712,3
4031713,3
4031714,3
4031715,3
4031716,3
4031717,3
4031718,3
4031719,3
4031720,3
4031721,3
4031722,3
4031723,3
4031724,3
4031725,3
4031726,3
4031727,3
4031728,3
4031729,3
4031730,3
4031731,3
4031732,3
4031733,3
4031734,3
4031735,3
4031736,3
4031737,3
4031738,3
4031739,3
4031740,3
4031741,3
4031742,3
4031743,3
4031744,3
4031746,3
4031747,3
4031748,3
4031749,3
4031750,3
4031751,3
4031752,3
4031753,3
4031754,3
4031755,3
4031756,3
4031757,3
4031758,3
4031759,3
4031760,3
4031762,3
4031763,3
4031764,3
4031765,3
4031766,3
4031767,3
4031768,3
4031769,3
4031770,3
4031771,3
4031772,3
4031773,3
4031774,3
4031775,3
4031776,3
4031777,3
4031778,3
4031779,3
4031781,3
4031782,3
4031783,3
4031784,3
4031785,3
4031786,3
4031787,3
4031788,3
4031789,3
4031790,3
4031791,3
4031792,3
4031793,3
4031794,3
4031795,3
4031796,3
4031797,3
4031798,3
4031799,3
4031800,3
4031801,3
4031802,3
4031803,3
4031804,3
4031805,3
4031806,3
4031807,3
4031808,3
4031809,3
4031810,3
4031811,3
4031812,3
4031813,3
4031814,3
4031815,3
4031816,3
4031817,3
4031818,3
4031819,3
4031820,3
4031821,3
4031822,3
4031824,3
4031825,3
4031826,3
4031827,3
4031828,3
4031829,3
4031830,3
4031831,3
4031832,3
4031833,3
4031834,3
4031835,3
4031836,3
4031837,3
4031838,3
4031839,3
4031840,3
4031841,3
4031842,3
4031843,3
4031844,3
4031845,3
4031846,3
4031847,3
4031848,3
4031849,3
4031850,3
4031851,3
4031852,3
4031853,3
4031854,3
4031855,3
4031856,3
4031857,3
4031858,3
4031859,3
4031860,3
4031861,3
4031862,3
4031863,3
4031864,3
4031865,3
4031866,3
4031867,3
4031868,3
4031869,3
4031870,3
4031871,3
4031872,3
4031873,3
4031874,3
4031875,3
4031876,3
4031877,3
4031878,3
4031880,3
4031881,3
4031882,3
4031883,3
4031884,3
4031885,3
4031886,3
4031887,3
4031888,3
4031889,3
4031890,3
4031891,3
4031892,3
4031893,3
4031894,3
4031895,3
4031896,3
4031897,3
4031898,3
4031899,3
4031900,3
4031901,3
4031902,3
4031903,3
4031904,3
4031905,3
4031906,3
4031907,3
4031908,3
4031909,3
4031910,3
4031911,3
4031912,3
4031913,3
4031914,3
4031915,3
4031916,3
4031917,3
4031918,3
4031919,3
4031920,3
4031921,3
4031922,3
4031923,3
4031924,3
4031925,3
4031926,3
4031927,3
4031928,3
4031929,3
4031930,3
4031931,3
4031932,3
4031933,3
4031934,3
4031935,3
4031936,3
4031937,3
4031938,3
4031939,3
4031940,3
4031941,3
4031942,3
4031943,3
4031944,3
4031945,3
4031946,3
4031947,3
4031948,3
4031949,3
4031950,3
4031951,3
4031952,3
4031953,3
4031954,3
4031955,3
4031956,3
4031957,3
4031961,3
4031962,3
4031963,3
4031964,3
4031965,3
4031966,3
4031967,3
4031968,3
4031969,3
4031970,3
4031971,3
4031972,3
4031973,3
4031974,3
4031975,3
4031976,3
4031977,3
4031978,3
4031979,3
4031980,3
4031981,3
4031982,3
4031983,3
4031984,3
4032008,3
4032034,3
4032035,3
4032036,3
4032037,3
4032038,3
4032039,3
4032040,3
4032041,3
4032042,3
4032043,3
4032044,3
4032045,3
4032046,3
4032047,3
4032048,3
4032049,3
4032050,3
4032051,3
4032052,3
4032053,3
4032054,3
4032055,3
4032056,3
4032057,3
4032058,3
4032059,3
4032060,3
4032061,3
4032062,3
4032063,3
4032064,3
4032065,3
4032066,3
4032067,3
4032068,3
4032069,3
4032070,3
4032071,3
4032072,3
4032073,3
4032074,3
4032075,3
4032076,3
4032077,3
4032078,3
4032079,3
4032080,3
4032081,3
4032082,3
4032083,3
4032084,3
4032085,3
4032086,3
4032087,3
4032088,3
4032089,3
4032116,3
4032117,3
4032118,3
4032119,3
4032120,3
4032121,3
4032122,3
4032123,3
4032124,3
4032125,3
4032126,3
4032127,3
4032128,3
4032129,3
4032130,3
4032131,3
4032132,3
4032133,3
4032134,3
4032135,3
4032136,3
4032137,3
4032138,3
4032139,3
4032140,3
4032141,3
4032142,3
4032143,3
4032144,3
4032145,3
4032146,3
4032147,3
4032148,3
4032149,3
4032150,3
4032151,3
4032152,3
4032153,3
4032154,3
4032155,3
4032156,3
4032157,3
4032158,3
4032159,3
4032160,3
4032161,3
4032162,3
4032163,3
4032164,3
4032165,3
4032166,3
4032167,3
4032168,3
4032169,3
4032170,3
4032171,3
4032172,3
4032173,3
4032174,3
4032175,3
4032176,3
4032177,3
4032178,3
4032179,3
4032180,3
4032181,3
4032182,3
4032183,3
4032184,3
4032185,3
4032186,3
4032187,3
4032188,3
4032189,3
4032190,3
4032191,3
4032192,3
4032193,3
4032194,3
4032195,3
4032196,3
4032197,3
4032198,3
4032199,3
4032200,3
4032201,3
4032202,3
4032203,3
4032204,3
4032205,3
4032206,3
4032207,3
4032208,3
4032209,3
4032210,3
4032211,3
4032212,3
4032213,3
4032214,3
4032215,3
4032216,3
4032217,3
4032218,3
4032219,3
4032220,3
4032221,3
4032222,3
4032223,3
4032224,3
4032225,3
4032226,3
4032227,3
4032228,3
4032229,3
4032230,3
4032231,3
4032232,3
4032233,3
4032234,3
4032235,3
4032236,3
4032237,3
4032238,3
4032239,3
4032240,3
4032241,3
4032242,3
4032243,3
4032244,3
4032245,3
4032246,3
4032247,3
4032248,3
4032249,3
4032250,3
4032251,3
4032252,3
4032253,3
4032254,3
4032255,3
4032256,3
4032257,3
4032258,3
4032259,3
4032260,3
4032261,3
4032262,3
4032263,3
4032264,3
4032265,3
4032266,3
4032267,3
4032268,3
4032269,3
4032270,3
4032271,3
4032272,3
4032273,3
4032274,3
4032275,3
4032276,3
4032277,3
4032278,3
4032279,3
4032280,3
4032281,3
4032282,3
4032283,3
4032284,3
4032285,3
4032286,3
4032287,3
4032288,3
4032289,3
4032290,3
4032291,3
4032292,3
4032293,3
4032294,3
4032295,3
4032296,3
4032297,3
4032298,3
4032299,3
4032300,3
4032301,3
4032302,3
4032303,3
4032304,3
4032305,3
4032306,3
4032307,3
4032308,3
4032309,3
4032310,3
4032311,3
4032312,3
4032313,3
4032314,3
4032315,3
4032316,3
4032317,3
4032318,3
4032319,3
4032320,3
4032321,3
4032322,3
4032323,3
4032324,3
4032325,3
4032326,3
4032327,3
4032328,3
4032329,3
4032330,3
4032331,3
4032332,3
4032333,3
4032334,3
4032335,3
4032336,3
4032337,3
4032338,3
4032339,3
4032340,3
4032341,3
4032342,3
4032343,3
4032344,3
4032345,3
4032346,3
4032347,3
4032348,3
4032349,3
4032350,3
4032351,3
4032352,3
4032353,3
4032354,3
4032355,3
4032356,3
4032357,3
4032358,3
4032359,3
4032360,3
4032361,3
4032362,3
4032363,3
4032364,3
4032365,3
4032366,3
4032367,3
4032368,3
4032369,3
4032370,3
4032371,3
4032372,3
4032373,3
4032374,3
4032375,3
4032376,3
4032377,3
4032378,3
4032379,3
4032380,3
4032381,3
4032382,3
4032383,3
4032384,3
4032385,3
4032386,3
4032387,3
4032388,3
4032389,3
4032390,3
4032391,3
4032392,3
4032393,3
4032394,3
4032395,3
4032396,3
4032397,3
4032398,3
4032399,3
4032400,3
4032401,3
4032402,3
4032403,3
4032404,3
4032405,3
4032406,3
4032407,3
4032408,3
4032409,3
4032410,3
4032411,3
4032412,3
4032413,3
4032414,3
4032415,3
4032416,3
4032417,3
4032418,3
4032419,3
4032421,3
4032422,3
4032423,3
4032424,3
4032425,3
4032426,3
4032427,3
4032428,3
4032429,3
4032430,3
4032431,3
4032432,3
4032433,3
4032434,3
4032435,3
4032436,3
4032437,3
4032438,3
4032439,3
4032440,3
4032441,3
4032442,3
4032443,3
4032444,3
4032445,3
4032446,3
4032447,3
4032448,3
4032449,3
4032450,3
4032451,3
4032452,3
4032453,3
4032454,3
4032455,3
4032456,3
4032457,3
4032458,3
4032459,3
4032460,3
4032461,3
4032462,3
4032463,3
4032464,3
4032465,3
4032466,3
4032467,3
4032468,3
4032469,3
4032470,3
4032471,3
4032472,3
4032473,3
4032474,3
4032475,3
4032476,3
4032477,3
4032478,3
4032479,3
4032480,3
4032481,3
4032482,3
4032483,3
4032484,3
4032485,3
4032487,3
4032488,3
4032489,3
4032490,3
4032491,3
4032492,3
4032493,3
4032494,3
4032495,3
4032496,3
4032497,3
4032498,3
4032499,3
4032500,3
4032501,3
4032502,3
4032503,3
4032504,3
4032505,3
4032506,3
4032507,3
4032508,3
4032509,3
4032510,3
4032511,3
4032512,3
4032513,3
4032514,3
4032515,3
4032516,3
4032517,3
4032518,3
4032519,3
4032520,3
4032521,3
4032522,3
4032523,3
4032524,3
4032525,3
4032526,3
4032527,3
4032528,3
4032529,3
4032530,3
4032531,3
4032532,3
4032533,3
4032534,3
4032535,3
4032536,3
4032537,3
4032538,3
4032539,3
4032540,3
4032541,3
4032542,3
4032543,3
4032544,3
4032545,3
4032546,3
4032547,3
4032548,3
4032549,3
4032550,3
4032551,3
4032558,3
4032560,3
4032561,3
4032562,3
4032563,3
4032564,3
4032565,3
4032566,3
4032567,3
4032568,3
4032569,3
4032570,3
4032571,3
4032572,3
4032573,3
4032574,3
4032575,3
4032576,3
4032577,3
4032578,3
4032579,3
4032580,3
4032581,3
4032582,3
4032583,3
4032584,3
4032585,3
4032586,3
4032587,3
4032588,3
4032589,3
4032590,3
4032591,3
4032592,3
4032593,3
4032594,3
4032595,3
4032596,3
4032597,3
4032598,3
4032599,3
4032600,3
4032601,3
4032602,3
4032603,3
4032604,3
4032605,3
4032606,3
4032607,3
4032608,3
4032609,3
4032610,3
4032611,3
4032612,3
4032613,3
4032614,3
4032615,3
4032616,3
4032617,3
4032618,3
4032619,3
4032620,3
4032621,3
4032622,3
4032623,3
4032624,3
4032625,3
4032626,3
4032627,3
4032628,3
4032629,3
4032630,3
4032631,3
4032632,3
4032633,3
4032634,3
4032635,3
4032636,3
4032637,3
4032638,3
4032639,3
4032640,3
4032641,3
4032642,3
4032643,3
4032644,3
4032645,3
4032646,3
4032647,3
4032648,3
4032649,3
4032650,3
4032651,3
4032652,3
4032653,3
4032654,3
4032655,3
4032656,3
4032657,3
4032658,3
4032659,3
4032660,3
4032661,3
4032662,3
4032663,3
4032664,3
4032665,3
4032666,3
4032667,3
4032668,3
4032669,3
4032670,3
4032671,3
4032672,3
4032673,3
4032674,3
4032675,3
4032676,3
4032677,3
4032678,3
4032679,3
4032680,3
4032681,3
4032682,3
4032683,3
4032684,3
4032685,3
4032686,3
4032687,3
4032688,3
4032689,3
4032690,3
4032691,3
4032692,3
4032693,3
4032694,3
4032695,3
4032696,3
4032697,3
4032698,3
4032699,3
4032700,3
4032701,3
4032702,3
4032703,3
4032704,3
4032705,3
4032706,3
4032707,3
4032708,3
4032709,3
4032710,3
4032711,3
4032712,3
4032713,3
4032714,3
4032715,3
4032716,3
4032717,3
4032718,3
4032719,3
4032720,3
4032721,3
4032722,3
4032723,3
4032724,3
4032725,3
4032726,3
4032727,3
4032728,3
4032729,3
4032730,3
4032731,3
4032732,3
4032733,3
4032734,3
4032735,3
4032736,3
4032737,3
4032738,3
4032739,3
4032740,3
4032741,3
4032742,3
4032743,3
4032744,3
4032745,3
4032746,3
4032747,3
4032748,3
4032749,3
4032750,3
4032751,3
4032752,3
4032753,3
4032754,3
4032755,3
4032756,3
4032757,3
4032758,3
4032759,3
4032760,3
4032761,3
4032762,3
4032763,3
4032764,3
4032765,3
4032766,3
4032767,3
4032768,3
4032769,3
4032770,3
4032771,3
4032772,3
4032773,3
4032774,3
4032775,3
4032776,3
4032777,3
4032778,3
4032779,3
4032780,3
4032781,3
4032782,3
4032783,3
4032784,3
4032785,3
4032786,3
4032787,3
4032788,3
4032789,3
4032790,3
4032791,3
4032792,3
4032793,3
4032794,3
4032795,3
4032796,3
4032797,3
4032798,3
4032799,3
4032800,3
4032801,3
4032802,3
4032803,3
4032804,3
4032805,3
4032806,3
4032807,3
4032808,3
4032809,3
4032810,3
4032811,3
4032812,3
4032813,3
4032814,3
4032815,3
4032816,3
4032817,3
4032818,3
4032819,3
4032820,3
4032821,3
4032822,3
4032823,3
4032824,3
4032825,3
4032826,3
4032827,3
4032828,3
4032829,3
4032830,3
4032831,3
4032832,3
4032833,3
4032834,3
4032835,3
4032836,3
4032837,3
4032838,3
4032839,3
4032840,3
4032841,3
4032842,3
4032843,3
4032844,3
4032845,3
4032846,3
4032847,3
4032848,3
4032849,3
4032850,3
4032851,3
4032852,3
4032853,3
4032854,3
4032855,3
4032856,3
4032857,3
4032858,3
4032859,3
4032860,3
4032861,3
4032862,3
4032863,3
4032864,3
4032865,3
4032866,3
4032867,3
4032868,3
4032869,3
4032870,3
4032871,3
4032872,3
4032873,3
4032874,3
4032875,3
4032876,3
4032877,3
4032878,3
4032879,3
4032880,3
4032881,3
4032882,3
4032883,3
4032884,3
4032885,3
4032886,3
4032887,3
4032888,3
4032889,3
4032890,3
4032891,3
4032892,3
4032893,3
4032894,3
4032895,3
4032896,3
4032897,3
4032898,3
4032899,3
4032900,3
4032901,3
4032902,3
4032903,3
4032905,3
4032906,3
4032907,3
4032908,3
4032909,3
4032910,3
4032911,3
4032912,3
4032913,3
4032914,3
4032915,3
4032916,3
4032917,3
4032918,3
4032919,3
4032920,3
4032921,3
4032922,3
4032923,3
4032924,3
4032925,3
4032926,3
4032927,3
4032928,3
4032929,3
4032930,3
4032931,3
4032932,3
4032933,3
4032934,3
4032935,3
4032936,3
4032937,3
4032938,3
4032939,3
4032940,3
4032941,3
4032942,3
4032943,3
4032944,3
4032946,3
4032947,3
4032948,3
4032949,3
4032950,3
4032951,3
4032952,3
4032953,3
4032954,3
4032955,3
4032956,3
4032957,3
4032958,3
4032959,3
4032960,3
4032961,3
4032962,3
4032963,3
4032964,3
4032965,3
4032966,3
4032967,3
4032968,3
4032969,3
4032970,3
4032971,3
4032972,3
4032973,3
4032974,3
4032975,3
4032976,3
4032977,3
4032978,3
4032979,3
4032980,3
4032981,3
4032982,3
4032983,3
4032984,3
4032985,3
4032986,3
4032987,3
4032988,3
4032989,3
4032990,3
4032991,3
4032992,3
4032993,3
4032994,3
4032995,3
4032996,3
4032997,3
4032998,3
4032999,3
4033000,3
4033001,3
4033002,3
4033003,3
4033004,3
4033005,3
4033006,3
4033007,3
4033008,3
4033009,3
4033010,3
4033011,3
4033012,3
4033013,3
4033014,3
4033015,3
4033016,3
4033017,3
4033018,3
4033019,3
4033020,3
4033021,3
4033022,3
4033023,3
4033024,3
4033025,3
4033026,3
4033027,3
4033028,3
4033029,3
4033030,3
4033031,3
4033032,3
4033033,3
4033034,3
4033035,3
4033036,3
4033037,3
4033038,3
4033039,3
4033040,3
4033041,3
4033043,3
4033044,3
4033045,3
4033046,3
4033047,3
4033048,3
4033049,3
4033050,3
4033051,3
4033052,3
4033053,3
4033056,3
4033058,3
4033059,3
4033065,3
4033066,3
4033067,3
4033068,3
4033069,3
4033070,3
4033071,3
4033072,3
4033073,3
4033074,3
4033075,3
4033076,3
4033077,3
4033078,3
4033079,3
4033080,3
4033081,3
4033082,3
4033083,3
4033084,3
4033085,3
4033086,3
4033087,3
4033088,3
4033089,3
4033090,3
4033091,3
4033092,3
4033093,3
4033094,3
4033095,3
4033096,3
4033097,3
4033098,3
4033099,3
4033100,3
4033101,3
4033102,3
4033103,3
4033104,3
4033105,3
4033106,3
4033107,3
4033108,3
4033109,3
4033110,3
4033111,3
4033112,3
4033113,3
4033114,3
4033115,3
4033116,3
4033117,3
4033118,3
4033119,3
4033120,3
4033121,3
4033122,3
4033123,3
4033124,3
4033125,3
4033126,3
4033127,3
4033128,3
4033129,3
4033130,3
4033131,3
4033132,3
4033133,3
4033134,3
4033135,3
4033136,3
4033137,3
4033138,3
4033139,3
4033140,3
4033141,3
4033142,3
4033143,3
4033144,3
4033145,3
4033146,3
4033147,3
4033148,3
4033149,3
4033150,3
4033151,3
4033152,3
4033153,3
4033154,3
4033155,3
4033156,3
4033157,3
4033158,3
4033159,3
4033160,3
4033161,3
4033162,3
4033163,3
4033164,3
4033165,3
4033166,3
4033167,3
4033168,3
4033169,3
4033170,3
4033171,3
4033172,3
4033173,3
4033174,3
4033175,3
4033176,3
4033177,3
4033178,3
4033179,3
4033180,3
4033181,3
4033182,3
4033183,3
4033184,3
4033185,3
4033186,3
4033187,3
4033188,3
4033189,3
4033190,3
4033191,3
4033192,3
4033193,3
4033194,3
4033195,3
4033196,3
4033197,3
4033198,3
4033199,3
4033200,3
4033201,3
4033202,3
4033203,3
4033204,3
4033205,3
4033206,3
4033207,3
4033208,3
4033209,3
4033210,3
4033211,3
4033212,3
4033213,3
4033214,3
4033215,3
4033216,3
4033217,3
4033218,3
4033219,3
4033220,3
4033221,3
4033222,3
4033223,3
4033224,3
4033225,3
4033226,3
4033227,3
4033228,3
4033229,3
4033230,3
4033231,3
4033232,3
4033233,3
4033234,3
4033235,3
4033236,3
4033237,3
4033238,3
4033239,3
4033240,3
4033241,3
4033242,3
4033243,3
4033244,3
4033245,3
4033246,3
4033247,3
4033248,3
4033249,3
4033250,3
4033251,3
4033252,3
4033253,3
4033254,3
4033255,3
4033256,3
4033257,3
4033258,3
4033259,3
4033260,3
4033261,3
4033262,3
4033263,3
4033264,3
4033265,3
4033266,3
4033267,3
4033268,3
4033269,3
4033270,3
4033271,3
4033272,3
4033273,3
4033274,3
4033275,3
4033276,3
4033277,3
4033278,3
4033279,3
4033280,3
4033281,3
4033282,3
4033283,3
4033284,3
4033285,3
4033286,3
4033287,3
4033288,3
4033289,3
4033290,3
4033291,3
4033292,3
4033293,3
4033294,3
4033295,3
4033296,3
4033297,3
4033298,3
4033299,3
4033300,3
4033301,3
4033302,3
4033303,3
4033304,3
4033305,3
4033306,3
4033307,3
4033308,3
4033309,3
4033310,3
4033311,3
4033312,3
4033313,3
4033314,3
4033315,3
4033316,3
4033317,3
4033318,3
4033319,3
4033320,3
4033321,3
4033322,3
4033323,3
4033324,3
4033325,3
4033326,3
4033327,3
4033328,3
4033329,3
4033330,3
4033331,3
4033332,3
4033333,3
4033334,3
4033335,3
4033336,3
4033337,3
4033338,3
4033339,3
4033340,3
4033341,3
4033342,3
4033343,3
4033344,3
4033345,3
4033346,3
4033347,3
4033348,3
4033349,3
4033350,3
4033351,3
4033352,3
4033353,3
4033354,3
4033355,3
4033356,3
4033357,3
4033358,3
4033359,3
4033360,3
4033361,3
4033362,3
4033363,3
4033364,3
4033365,3
4033366,3
4033367,3
4033368,3
4033369,3
4033370,3
4033371,3
4033372,3
4033373,3
4033374,3
4033375,3
4033376,3
4033377,3
4033378,3
4033379,3
4033380,3
4033381,3
4033382,3
4033383,3
4033384,3
4033385,3
4033386,3
4033387,3
4033388,3
4033389,3
4033390,3
4033391,3
4033392,3
4033393,3
4033394,3
4033395,3
4033396,3
4033397,3
4033398,3
4033399,3
4033400,3
4033401,3
4033402,3
4033403,3
4033404,3
4033405,3
4033406,3
4033407,3
4033408,3
4033409,3
4033410,3
4033411,3
4033412,3
4033413,3
4033414,3
4033415,3
4033416,3
4033417,3
4033418,3
4033419,3
4033420,3
4033421,3
4033422,3
4033423,3
4033424,3
4033425,3
4033426,3
4033427,3
4033428,3
4033429,3
4033430,3
4033431,3
4033432,3
4033433,3
4033434,3
4033435,3
4033436,3
4033437,3
4033438,3
4033439,3
4033440,3
4033441,3
4033442,3
4033443,3
4033444,3
4033445,3
4033446,3
4033447,3
4033448,3
4033449,3
4033450,3
4033451,3
4033452,3
4033453,3
4033454,3
4033455,3
4033456,3
4033457,3
4033458,3
4033459,3
4033460,3
4033461,3
4033462,3
4033463,3
4033464,3
4033465,3
4033466,3
4033467,3
4033468,3
4033469,3
4033470,3
4033471,3
4033472,3
4033473,3
4033474,3
4033475,3
4033476,3
4033477,3
4033478,3
4033479,3
4033480,3
4033481,3
4033482,3
4033483,3
4033484,3
4033485,3
4033486,3
4033487,3
4033488,3
4033489,3
4033490,3
4033491,3
4033492,3
4033493,3
4033494,3
4033495,3
4033496,3
4033497,3
4033498,3
4033499,3
4033500,3
4033501,3
4033502,3
4033503,3
4033504,3
4033505,3
4033506,3
4033507,3
4033508,3
4033509,3
4033510,3
4033511,3
4033512,3
4033513,3
4033514,3
4033515,3
4033516,3
4033517,3
4033518,3
4033519,3
4033520,3
4033521,3
4033522,3
4033523,3
4033524,3
4033525,3
4033526,3
4033527,3
4033528,3
4033529,3
4033530,3
4033531,3
4033532,3
4033533,3
4033534,3
4033535,3
4033536,3
4033537,3
4033538,3
4033539,3
4033540,3
4033541,3
4033542,3
4033543,3
4033544,3
4033545,3
4033546,3
4033547,3
4033548,3
4033549,3
4033550,3
4033551,3
4033552,3
4033553,3
4033554,3
4033555,3
4033556,3
4033557,3
4033558,3
4033559,3
4033560,3
4033561,3
4033562,3
4033563,3
4033564,3
4033565,3
4033566,3
4033567,3
4033568,3
4033569,3
4033570,3
4033571,3
4033572,3
4033573,3
4033574,3
4033575,3
4033576,3
4033577,3
4033578,3
4033579,3
4033580,3
4033581,3
4033582,3
4033583,3
4033584,3
4033585,3
4033586,3
4033587,3
4033588,3
4033589,3
4033591,3
4033592,3
4033593,3
4033594,3
4033595,3
4033596,3
4033598,3
4033599,3
4033600,3
4033601,3
4033602,3
4033603,3
4033604,3
4033605,3
4033606,3
4033608,3
4033609,3
4033610,3
4033613,3
4033614,3
4033615,3
4033616,3
4033617,3
4033618,3
4033619,3
4033620,3
4033622,3
4033623,3
4033624,3
4033625,3
4033626,3
4033627,3
4033628,3
4033629,3
4033630,3
4033631,3
4033632,3
4033633,3
4033634,3
4033635,3
4033636,3
4033637,3
4033638,3
4033639,3
4033640,3
4033641,3
4033642,3
4033643,3
4033644,3
4033645,3
4033646,3
4033647,3
4033648,3
4033649,3
4033650,3
4033651,3
4033652,3
4033653,3
4033654,3
4033655,3
4033656,3
4033657,3
4033658,3
4033659,3
4033660,3
4033661,3
4033662,3
4033663,3
4033664,3
4033666,3
4033667,3
4033668,3
4033669,3
4033670,3
4033671,3
4033672,3
4033673,3
4033674,3
4033675,3
4033676,3
4033677,3
4033678,3
4033679,3
4033680,3
4033681,3
4033682,3
4033683,3
4033684,3
4033685,3
4033686,3
4033687,3
4033688,3
4033689,3
4033690,3
4033691,3
4033692,3
4033693,3
4033694,3
4033695,3
4033696,3
4033697,3
4033698,3
4033699,3
4033700,3
4033701,3
4033702,3
4033703,3
4033704,3
4033705,3
4033706,3
4033729,3
4033730,3
4033731,3
4033732,3
4033733,3
4033734,3
4033735,3
4033736,3
4033737,3
4033738,3
4033746,3
4033747,3
4033748,3
4033749,3
4033750,3
4033751,3
4033752,3
4033753,3
4033754,3
4033755,3
4033756,3
4033757,3
4033758,3
4033759,3
4033760,3
4033761,3
4033762,3
4033763,3
4033764,3
4033765,3
4033766,3
4033767,3
4033768,3
4033769,3
4033770,3
4033771,3
4033772,3
4033773,3
4033774,3
4033775,3
4033776,3
4033777,3
4033778,3
4033779,3
4033780,3
4033781,3
4033782,3
4033783,3
4033784,3
4033785,3
4034781,3
4034786,3
4034787,3
4034806,3
4034807,3
4034890,3
4035445,3
4035524,3
4035525,3
4035616,3
4035617,3
4035618,3
4035636,3
4035637,3
4035638,3
4035639,3
4035642,3
4035643,3
4035644,3
4035645,3
4035646,3
4035647,3
4035648,3
4035649,3
4035650,3
4035651,3
4035652,3
4035653,3
4035654,3
4035655,3
4035656,3
4035657,3
4035658,3
4035659,3
4035661,3
4035662,3
4035663,3
4035664,3
4035665,3
4035666,3
4035667,3
4035668,3
4035669,3
4035670,3
4035671,3
4035672,3
4035673,3
4035674,3
4035675,3
4035676,3
4035677,3
4035679,3
4035680,3
4035681,3
4035682,3
4035683,3
4035684,3
4035685,3
4035686,3
4035687,3
4035688,3
4035689,3
4035690,3
4035691,3
4035692,3
4035693,3
4035694,3
4035695,3
4035696,3
4035697,3
4035698,3
4035699,3
4035700,3
4035701,3
4035702,3
4035703,3
4035704,3
4035705,3
4035706,3
4035707,3
4035708,3
4035709,3
4035710,3
4035711,3
4035712,3
4035713,3
4035714,3
4035715,3
4035716,3
4035718,3
4035720,3
4035721,3
4035722,3
4035723,3
4035724,3
4035725,3
4035726,3
4035727,3
4035728,3
4035729,3
4035730,3
4035731,3
4035732,3
4035733,3
4035734,3
4035735,3
4035736,3
4035737,3
4035738,3
4035739,3
4035740,3
4035741,3
4035742,3
4035743,3
4035744,3
4035745,3
4035746,3
4035747,3
4035749,3
4035750,3
4035751,3
4035752,3
4035753,3
4035754,3
4035755,3
4035756,3
4035757,3
4035759,3
4035760,3
4035761,3
4035762,3
4035763,3
4035764,3
4035765,3
4035766,3
4035767,3
4035768,3
4035769,3
4035770,3
4035771,3
4035772,3
4035773,3
4035774,3
4035775,3
4035776,3
4035777,3
4035778,3
4035779,3
4035780,3
4035781,3
4035782,3
4035783,3
4035784,3
4035785,3
4035786,3
4035787,3
4035788,3
4035789,3
4035790,3
4035791,3
4035792,3
4035793,3
4035794,3
4035795,3
4035796,3
4035797,3
4035798,3
4035799,3
4035800,3
4035801,3
4035802,3
4035803,3
4035804,3
4035805,3
4035806,3
4035807,3
4035808,3
4035809,3
4035810,3
4035811,3
4035812,3
4035813,3
4035814,3
4035815,3
4035816,3
4035817,3
4035818,3
4035819,3
4035820,3
4035821,3
4035822,3
4035823,3
4035824,3
4035825,3
4035826,3
4035827,3
4035828,3
4035829,3
4035830,3
4035831,3
4035832,3
4035833,3
4035834,3
4035835,3
4035836,3
4035837,3
4035838,3
4035839,3
4035840,3
4035841,3
4035842,3
4035843,3
4035844,3
4035845,3
4035846,3
4035847,3
4035848,3
4035849,3
4035850,3
4035851,3
4035852,3
4035853,3
4035854,3
4035855,3
4035856,3
4035857,3
4035858,3
4035859,3
4035860,3
4035861,3
4035862,3
4035863,3
4035864,3
4035865,3
4035866,3
4035867,3
4035868,3
4035869,3
4035870,3
4035871,3
4035872,3
4035873,3
4035874,3
4035875,3
4035876,3
4035877,3
4035878,3
4035879,3
4035880,3
4035881,3
4035882,3
4035883,3
4035884,3
4035885,3
4035886,3
4035887,3
4035890,3
4035891,3
4035898,3
4035899,3
4035900,3
4035901,3
4035902,3
4035903,3
4035904,3
4035905,3
4035906,3
4035907,3
4035908,3
4035909,3
4035910,3
4035911,3
4035912,3
4035913,3
4035914,3
4035915,3
4035916,3
4035917,3
4035918,3
4035919,3
4035920,3
4035921,3
4035922,3
4035923,3
4035924,3
4035925,3
4035926,3
4035927,3
4035928,3
4035929,3
4035930,3
4035931,3
4035932,3
4035933,3
4035934,3
4035937,3
4035938,3
4035939,3
4035940,3
4035941,3
4035942,3
4035943,3
4035944,3
4035945,3
4035946,3
4035947,3
4035948,3
4035949,3
4035950,3
4035951,3
4035952,3
4035953,3
4035954,3
4035955,3
4035956,3
4035957,3
4035958,3
4035959,3
4035960,3
4035961,3
4035962,3
4035963,3
4035964,3
4035965,3
4035966,3
4035967,3
4035968,3
4035969,3
4035970,3
4035971,3
4035972,3
4035973,3
4035974,3
4035975,3
4035976,3
4035977,3
4035978,3
4035979,3
4035980,3
4035981,3
4035982,3
4035987,3
4035988,3
4035989,3
4035990,3
4035991,3
4035992,3
4035993,3
4035994,3
4035995,3
4035996,3
4035997,3
4035998,3
4035999,3
4036000,3
4036001,3
4036002,3
4036003,3
4036004,3
4036005,3
4036006,3
4036007,3
4036008,3
4036009,3
4036010,3
4036011,3
4036012,3
4036013,3
4036014,3
4036015,3
4036016,3
4036017,3
4036018,3
4036019,3
4036020,3
4036021,3
4036022,3
4036023,3
4036024,3
4036025,3
4036026,3
4036027,3
4036028,3
4036029,3
4036030,3
4036031,3
4036032,3
4036033,3
4036034,3
4036035,3
4036036,3
4036037,3
4036038,3
4036039,3
4036040,3
4036041,3
4036042,3
4036043,3
4036044,3
4036045,3
4036046,3
4036047,3
4036048,3
4036049,3
4036050,3
4036051,3
4036052,3
4036053,3
4036054,3
4036055,3
4036063,3
4036068,3
4036069,3
4036070,3
4036072,3
4036073,3
4036076,3
4036078,3
4036079,3
4036080,3
4036084,3
4036085,3
4036086,3
4036087,3
4036088,3
4036089,3
4036090,3
4036091,3
4036092,3
4036093,3
4036094,3
4036095,3
4036096,3
4036098,3
4036099,3
4036100,3
4036101,3
4036102,3
4036103,3
4036104,3
4036105,3
4036106,3
4036107,3
4036108,3
4036109,3
4036110,3
4036111,3
4036112,3
4036113,3
4036114,3
4036115,3
4036116,3
4036117,3
4036118,3
4036119,3
4036120,3
4036121,3
4036122,3
4036123,3
4036124,3
4036125,3
4036126,3
4036127,3
4036128,3
4036129,3
4036130,3
4036131,3
4036132,3
4036133,3
4036134,3
4036135,3
4036136,3
4036137,3
4036138,3
4036139,3
4036140,3
4036141,3
4036142,3
4036143,3
4036144,3
4036145,3
4036146,3
4036147,3
4036148,3
4036149,3
4036150,3
4036151,3
4036152,3
4036153,3
4036154,3
4036155,3
4036156,3
4036157,3
4036158,3
4036159,3
4036160,3
4036161,3
4036162,3
4036163,3
4036164,3
4036165,3
4036166,3
4036167,3
4036168,3
4036169,3
4036170,3
4036171,3
4036172,3
4036173,3
4036174,3
4036175,3
4036176,3
4036177,3
4036178,3
4036179,3
4036180,3
4036181,3
4036182,3
4036183,3
4036184,3
4036185,3
4036187,3
4036188,3
4036189,3
4036190,3
4036191,3
4036192,3
4036193,3
4036194,3
4036195,3
4036196,3
4036197,3
4036198,3
4036199,3
4036200,3
4036202,3
4036203,3
4036204,3
4036205,3
4036206,3
4036209,3
4036211,3
4036213,3
4036216,3
4036218,3
4036219,3
4036220,3
4036222,3
4036223,3
4036224,3
4036225,3
4036226,3
4036227,3
4036228,3
4036229,3
4036230,3
4036231,3
4036232,3
4036233,3
4036234,3
4036235,3
4036236,3
4036237,3
4036238,3
4036239,3
4036240,3
4036241,3
4036242,3
4036243,3
4036244,3
4036245,3
4036246,3
4036247,3
4036248,3
4036249,3
4036250,3
4036251,3
4036252,3
4036253,3
4036254,3
4036255,3
4036256,3
4036257,3
4036258,3
4036259,3
4036260,3
4036261,3
4036262,3
4036263,3
4036264,3
4036265,3
4036266,3
4036267,3
4036268,3
4036269,3
4036270,3
4036271,3
4036272,3
4036273,3
4036274,3
4036275,3
4036276,3
4036277,3
4036278,3
4036279,3
4036280,3
4036281,3
4036282,3
4036283,3
4036284,3
4036285,3
4036286,3
4036287,3
4036288,3
4036289,3
4036290,3
4036291,3
4036292,3
4036293,3
4036294,3
4036295,3
4036296,3
4036297,3
4036298,3
4036299,3
4036300,3
4036301,3
4036302,3
4036303,3
4036304,3
4036305,3
4036306,3
4036307,3
4036308,3
4036309,3
4036310,3
4036311,3
4036312,3
4036313,3
4036314,3
4036315,3
4036316,3
4036317,3
4036318,3
4036319,3
4036320,3
4036321,3
4036322,3
4036323,3
4036324,3
4036325,3
4036326,3
4036327,3
4036328,3
4036329,3
4036330,3
4036331,3
4036332,3
4036333,3
4036334,3
4036335,3
4036336,3
4036337,3
4036338,3
4036339,3
4036340,3
4036341,3
4036342,3
4036343,3
4036344,3
4036345,3
4036346,3
4036347,3
4036348,3
4036349,3
4036350,3
4036351,3
4036352,3
4036353,3
4036354,3
4036355,3
4036356,3
4036357,3
4036358,3
4036359,3
4036360,3
4036361,3
4036362,3
4036363,3
4036364,3
4036365,3
4036366,3
4036367,3
4036368,3
4036369,3
4036370,3
4036371,3
4036372,3
4036373,3
4036374,3
4036375,3
4036376,3
4036377,3
4036378,3
4036379,3
4036380,3
4036381,3
4036382,3
4036383,3
4036384,3
4036385,3
4036386,3
4036387,3
4036388,3
4036389,3
4036390,3
4036391,3
4036392,3
4036393,3
4036394,3
4036395,3
4036396,3
4036397,3
4036398,3
4036399,3
4036400,3
4036401,3
4036402,3
4036403,3
4036404,3
4036405,3
4036406,3
4036407,3
4036408,3
4036409,3
4036410,3
4036411,3
4036412,3
4036413,3
4036414,3
4036415,3
4036416,3
4036417,3
4036418,3
4036419,3
4036420,3
4036421,3
4036422,3
4036423,3
4036424,3
4036425,3
4036426,3
4036427,3
4036428,3
4036429,3
4036430,3
4036431,3
4036432,3
4036433,3
4036434,3
4036435,3
4036436,3
4036437,3
4036438,3
4036439,3
4036440,3
4036441,3
4036442,3
4036443,3
4036444,3
4036445,3
4036446,3
4036447,3
4036448,3
4036449,3
4036450,3
4036451,3
4036452,3
4036453,3
4036454,3
4036455,3
4036456,3
4036457,3
4036458,3
4036459,3
4036460,3
4036461,3
4036462,3
4036463,3
4036464,3
4036465,3
4036466,3
4036467,3
4036468,3
4036469,3
4036470,3
4036471,3
4036472,3
4036473,3
4036474,3
4036475,3
4036476,3
4036477,3
4036478,3
4036479,3
4036480,3
4036481,3
4036482,3
4036483,3
4036484,3
4036485,3
4036486,3
4036487,3
4036488,3
4036489,3
4036490,3
4036491,3
4036492,3
4036493,3
4036494,3
4036495,3
4036496,3
4036497,3
4036498,3
4036499,3
4036500,3
4036501,3
4036502,3
4036503,3
4036504,3
4036505,3
4036506,3
4036507,3
4036508,3
4036509,3
4036510,3
4036511,3
4036512,3
4036513,3
4036514,3
4036515,3
4036516,3
4036517,3
4036518,3
4036519,3
4036520,3
4036521,3
4036522,3
4036523,3
4036524,3
4036525,3
4036526,3
4036527,3
4036528,3
4036529,3
4036530,3
4036531,3
4036532,3
4036533,3
4036534,3
4036535,3
4036536,3
4036537,3
4036538,3
4036539,3
4036540,3
4036541,3
4036542,3
4036543,3
4036544,3
4036545,3
4036546,3
4036547,3
4036548,3
4036549,3
4036550,3
4036551,3
4036552,3
4036553,3
4036554,3
4036555,3
4036556,3
4036557,3
4036558,3
4036559,3
4036560,3
4036561,3
4036562,3
4036563,3
4036564,3
4036565,3
4036566,3
4036567,3
4036568,3
4036569,3
4036570,3
4036571,3
4036572,3
4036573,3
4036574,3
4036575,3
4036576,3
4036577,3
4036578,3
4036579,3
4036580,3
4036581,3
4036582,3
4036583,3
4036584,3
4036585,3
4036586,3
4036587,3
4036588,3
4036589,3
4036590,3
4036591,3
4036592,3
4036593,3
4036594,3
4036595,3
4036596,3
4036597,3
4036598,3
4036599,3
4036600,3
4036601,3
4036602,3
4036603,3
4036604,3
4036605,3
4036606,3
4036607,3
4036608,3
4036609,3
4036610,3
4036611,3
4036612,3
4036613,3
4036614,3
4036615,3
4036616,3
4036617,3
4036618,3
4036619,3
4036620,3
4036621,3
4036622,3
4036623,3
4036624,3
4036625,3
4036626,3
4036627,3
4036628,3
4036629,3
4036630,3
4036631,3
4036632,3
4036633,3
4036634,3
4036635,3
4036636,3
4036637,3
4036638,3
4036639,3
4036640,3
4036641,3
4036642,3
4036643,3
4036644,3
4036645,3
4036646,3
4036647,3
4036648,3
4036649,3
4036650,3
4036651,3
4036652,3
4036653,3
4036654,3
4036655,3
4036656,3
4036657,3
4036658,3
4036659,3
4036660,3
4036661,3
4036662,3
4036663,3
4036664,3
4036665,3
4036666,3
4036667,3
4036668,3
4036669,3
4036670,3
4036671,3
4036672,3
4036673,3
4036674,3
4036675,3
4036676,3
4036677,3
4036678,3
4036679,3
4036680,3
4036681,3
4036682,3
4036683,3
4036684,3
4036685,3
4036686,3
4036687,3
4036688,3
4036689,3
4036690,3
4036691,3
4036692,3
4036693,3
4036694,3
4036695,3
4036696,3
4036697,3
4036698,3
4036699,3
4036700,3
4036701,3
4036702,3
4036703,3
4036704,3
4036705,3
4036706,3
4036707,3
4036708,3
4036709,3
4036710,3
4036711,3
4036712,3
4036713,3
4036714,3
4036715,3
4036716,3
4036717,3
4036718,3
4036719,3
4036720,3
4036721,3
4036722,3
4036723,3
4036724,3
4036725,3
4036726,3
4036727,3
4036728,3
4036729,3
4036730,3
4036731,3
4036732,3
4036733,3
4036734,3
4036735,3
4036736,3
4036737,3
4036738,3
4036739,3
4036740,3
4036741,3
4036742,3
4036743,3
4036744,3
4036745,3
4036746,3
4036747,3
4036748,3
4036749,3
4036750,3
4036751,3
4036752,3
4036753,3
4036754,3
4036755,3
4036756,3
4036757,3
4036758,3
4036759,3
4036760,3
4036761,3
4036762,3
4036763,3
4036764,3
4036765,3
4036766,3
4036767,3
4036768,3
4036769,3
4036770,3
4036771,3
4036772,3
4036773,3
4036774,3
4036775,3
4036776,3
4036777,3
4036778,3
4036779,3
4036780,3
4036781,3
4036782,3
4036783,3
4036784,3
4036785,3
4036786,3
4036787,3
4036788,3
4036789,3
4036790,3
4036791,3
4036792,3
4036793,3
4036794,3
4036795,3
4036796,3
4036797,3
4036798,3
4036799,3
4036800,3
4036801,3
4036802,3
4036803,3
4036804,3
4036805,3
4036806,3
4036807,3
4036808,3
4036809,3
4036810,3
4036811,3
4036812,3
4036813,3
4036814,3
4036815,3
4036816,3
4036817,3
4036818,3
4036819,3
4036820,3
4036821,3
4036822,3
4036823,3
4036824,3
4036825,3
4036826,3
4036827,3
4036828,3
4036829,3
4036830,3
4036831,3
4036832,3
4036833,3
4036834,3
4036835,3
4036836,3
4036837,3
4036838,3
4036839,3
4036840,3
4036841,3
4036842,3
4036843,3
4036844,3
4036845,3
4036846,3
4036847,3
4036848,3
4036849,3
4036850,3
4036851,3
4036852,3
4036853,3
4036854,3
4036855,3
4036856,3
4036857,3
4036858,3
4036859,3
4036860,3
4036861,3
4036862,3
4036863,3
4036864,3
4036865,3
4036866,3
4036867,3
4036868,3
4036869,3
4036870,3
4036871,3
4036872,3
4036873,3
4036874,3
4036875,3
4036876,3
4036877,3
4036878,3
4036879,3
4036880,3
4036881,3
4036882,3
4036883,3
4036884,3
4036885,3
4036886,3
4036887,3
4036888,3
4036889,3
4036890,3
4036891,3
4036892,3
4036893,3
4036894,3
4036895,3
4036896,3
4036897,3
4036898,3
4036899,3
4036900,3
4036901,3
4036902,3
4036903,3
4036904,3
4036905,3
4036906,3
4036907,3
4036908,3
4036909,3
4036910,3
4036911,3
4036912,3
4036913,3
4036914,3
4036915,3
4036916,3
4036917,3
4036918,3
4036919,3
4036920,3
4036921,3
4036922,3
4036923,3
4036924,3
4036925,3
4036926,3
4036927,3
4036928,3
4036929,3
4036930,3
4036931,3
4036932,3
4036933,3
4036934,3
4036935,3
4036936,3
4036937,3
4036938,3
4036939,3
4036940,3
4036941,3
4036942,3
4036943,3
4036944,3
4036945,3
4036946,3
4036950,3
4036951,3
4036952,3
4036953,3
4036954,3
4036955,3
4036956,3
4036957,3
4036958,3
4036959,3
4036960,3
4036961,3
4036962,3
4036963,3
4036964,3
4036966,3
4036967,3
4036968,3
4036969,3
4036970,3
4036971,3
4036972,3
4036973,3
4036974,3
4036975,3
4036976,3
4036977,3
4036978,3
4036979,3
4036980,3
4036981,3
4036982,3
4036984,3
4036985,3
4036986,3
4036987,3
4036992,3
4036993,3
4036995,3
4036996,3
4036997,3
4036999,3
4037002,3
4037004,3
4037005,3
4037009,3
4037012,3
4037013,3
4037015,3
4037016,3
4037017,3
4037018,3
4037019,3
4037020,3
4037021,3
4037022,3
4037023,3
4037024,3
4037025,3
4037027,3
4037028,3
4037031,3
4037032,3
4037033,3
4037034,3
4037035,3
4037037,3
4037039,3
4037040,3
4037043,3
4037044,3
4037045,3
4037046,3
4037047,3
4037048,3
4037049,3
4037055,3
4037056,3
4037059,3
4037061,3
4037062,3
4037064,3
4037065,3
4037067,3
4037068,3
4037072,3
4037073,3
4037077,3
4037078,3
4037080,3
4037082,3
4037083,3
4037084,3
4037087,3
4037088,3
4037090,3
4037091,3
4037092,3
4037093,3
4037094,3
4037095,3
4037096,3
4037097,3
4037099,3
4037101,3
4037102,3
4037103,3
4037104,3
4037105,3
4037106,3
4037107,3
4037108,3
4037109,3
4037110,3
4037111,3
4037112,3
4037113,3
4037114,3
4037115,3
4037117,3
4037120,3
4037121,3
4037127,3
4037133,3
4037135,3
4037136,3
4037138,3
4037143,3
4037147,3
4037157,3
4037158,3
4037159,3
4037162,3
4037164,3
4037172,3
4037174,3
4037182,3
4037342,3
4037343,3
4037344,3
4037347,3
4037348,3
4037349,3
4037350,3
4037366,3
4037367,3
4037368,3
4037369,3
4037370,3
4037371,3
4037372,3
4037373,3
4037374,3
4037375,3
4037376,3
4037377,3
4037378,3
4037383,3
4037386,3
4037387,3
4037388,3
4037389,3
4037390,3
4037391,3
4037392,3
4037393,3
4037394,3
4037395,3
4037396,3
4037397,3
4037398,3
4037399,3
4037400,3
4037401,3
4037402,3
4037403,3
4037404,3
4037405,3
4037406,3
4037407,3
4037408,3
4037409,3
4037410,3
4037411,3
4037412,3
4037413,3
4037414,3
4037415,3
4037416,3
4037417,3
4037418,3
4037419,3
4037420,3
4037421,3
4037422,3
4037423,3
4037424,3
4037425,3
4037426,3
4037427,3
4037428,3
4037429,3
4037430,3
4037431,3
4037432,3
4037433,3
4037434,3
4037435,3
4037436,3
4037437,3
4037438,3
4037439,3
4037440,3
4037441,3
4037442,3
4037443,3
4037444,3
4037445,3
4037446,3
4037447,3
4037448,3
4037449,3
4037450,3
4037451,3
4037452,3
4037453,3
4037454,3
4037455,3
4037456,3
4037457,3
4037458,3
4037459,3
4037460,3
4037461,3
4037462,3
4037463,3
4037464,3
4037465,3
4037466,3
4037467,3
4037468,3
4037469,3
4037470,3
4037471,3
4037472,3
4037473,3
4037474,3
4037475,3
4037476,3
4037477,3
4037478,3
4037479,3
4037480,3
4037481,3
4037482,3
4037483,3
4037484,3
4037485,3
4037486,3
4037487,3
4037488,3
4037489,3
4037490,3
4037491,3
4037492,3
4037493,3
4037494,3
4037495,3
4037496,3
4037497,3
4037498,3
4037499,3
4037500,3
4037501,3
4037502,3
4037503,3
4037506,3
4037507,3
4037508,3
4037509,3
4037510,3
4037511,3
4037512,3
4037513,3
4037514,3
4037515,3
4037516,3
4037517,3
4037518,3
4037519,3
4037520,3
4037521,3
4037522,3
4037523,3
4037524,3
4037525,3
4037526,3
4037527,3
4037528,3
4037529,3
4037530,3
4037531,3
4037532,3
4037533,3
4037534,3
4037535,3
4037536,3
4037537,3
4037538,3
4037539,3
4037540,3
4037541,3
4037542,3
4037543,3
4037544,3
4037545,3
4037546,3
4037547,3
4037548,3
4037549,3
4037550,3
4037551,3
4037552,3
4037553,3
4037554,3
4037555,3
4037556,3
4037557,3
4037558,3
4037559,3
4037560,3
4037561,3
4037562,3
4037563,3
4037564,3
4037565,3
4037566,3
4037567,3
4037568,3
4037569,3
4037570,3
4037571,3
4037572,3
4037573,3
4037574,3
4037575,3
4037576,3
4037577,3
4037578,3
4037579,3
4037580,3
4037581,3
4037582,3
4037583,3
4037584,3
4037585,3
4037586,3
4037587,3
4037588,3
4037589,3
4037590,3
4037591,3
4037592,3
4037593,3
4037594,3
4037595,3
4037596,3
4037597,3
4037598,3
4037599,3
4037600,3
4037601,3
4037602,3
4037603,3
4037604,3
4037605,3
4037606,3
4037608,3
4037609,3
4037610,3
4037611,3
4037612,3
4037613,3
4037614,3
4037615,3
4037616,3
4037617,3
4037618,3
4037623,3
4037624,3
4037625,3
4037630,3
4037631,3
4037638,3
4037639,3
4037640,3
4037641,3
4037644,3
4037645,3
4037646,3
4037651,3
4037654,3
4037655,3
4037656,3
4037657,3
4037658,3
4037659,3
4037660,3
4037661,3
4037662,3
4037663,3
4037664,3
4037665,3
4037666,3
4037667,3
4037671,3
4037672,3
4037673,3
4037675,3
4037676,3
4037677,3
4037678,3
4037679,3
4037680,3
4037681,3
4037682,3
4037683,3
4037684,3
4037685,3
4037686,3
4037687,3
4037688,3
4037708,3
4037709,3
4037895,3
4037896,3
4037899,3
4037900,3
4037915,3
4037916,3
4037917,3
4037918,3
4037919,3
4037920,3
4037921,3
4037922,3
4037941,3
4037942,3
4037943,3
4037944,3
4037945,3
4037946,3
4037947,3
4037948,3
4037949,3
4037950,3
4037951,3
4037952,3
4037963,3
4037964,3
4037965,3
4037966,3
4037967,3
4037968,3
4037969,3
4037970,3
4037971,3
4037972,3
4037979,3
4037980,3
4037981,3
4037982,3
4037983,3
4037984,3
4037985,3
4037986,3
4037987,3
4037988,3
4038070,3
4038071,3
4038077,3
4038080,3
4038081,3
4038084,3
4038087,3
4038092,3
4038095,3
4038096,3
4038097,3
4038098,3
4038099,3
4038100,3
4038101,3
4038102,3
4038129,3
4038130,3
4038131,3
4038132,3
4038134,3
4038136,3
4038137,3
4038138,3
4038139,3
4038140,3
4038141,3
4038142,3
4038143,3
4038144,3
4038145,3
4038146,3
4038147,3
4038148,3
4038149,3
4038150,3
4038151,3
4038178,3
4038179,3
4038180,3
4038182,3
4038183,3
4038184,3
4038213,3
4038250,3
4038255,3
4038256,3
4038257,3
4038258,3
4038262,3
4038263,3
4038264,3
4038265,3
4038266,3
4038268,3
4038269,3
4038285,3
4038286,3
4038348,3
4038356,3
4038357,3
4038358,3
4038359,3
4038360,3
4038361,3
4038362,3
4038371,3
4038382,3
4038384,3
4038386,3
4038388,3
4038389,3
4038399,3
4038400,3
4040303,3
4040304,3
4040305,3
4040309,3
4040311,3
4040317,3
4040319,3
4040320,3
4040334,3
4040347,3
4040348,3
4040349,3
4040350,3
4040351,3
4040352,3
4040353,3
4040354,3
4040355,3
4040357,3
4040358,3
4040360,3
4040361,3
4040363,3
4040364,3
4040367,3
4040369,3
4040370,3
4040371,3
4040372,3
4040373,3
4040374,3
4040375,3
4040376,3
4040377,3
4040381,3
4040382,3
4040384,3
4040385,3
4040386,3
4040387,3
4040388,3
4040389,3
4040390,3
4040391,3
4040392,3
4040393,3
4040394,3
4040395,3
4040396,3
4040397,3
4040398,3
4040399,3
4040400,3
4040401,3
4040402,3
4040403,3
4040404,3
4040405,3
4040406,3
4040407,3
4040408,3
4040409,3
4040410,3
4040411,3
4040412,3
4040413,3
4040414,3
4040415,3
4040416,3
4040417,3
4040418,3
4040419,3
4040420,3
4040421,3
4040422,3
4040423,3
4040424,3
4040428,3
4040429,3
4040430,3
4040431,3
4040432,3
4040433,3
4040434,3
4040435,3
4040436,3
4040437,3
4040438,3
4040439,3
4040440,3
4040441,3
4040442,3
4040443,3
4040444,3
4040445,3
4040446,3
4040447,3
4040448,3
4040449,3
4040452,3
4040453,3
4040454,3
4040455,3
4040456,3
4040457,3
4040458,3
4040460,3
4040461,3
4040462,3
4040463,3
4040464,3
4040465,3
4040466,3
4040469,3
4040470,3
4040472,3
4040473,3
4040474,3
4040475,3
4040476,3
4040477,3
4040478,3
4040479,3
4040480,3
4040481,3
4040482,3
4040483,3
4040484,3
4040485,3
4040486,3
4040487,3
4040488,3
4040489,3
4040490,3
4040491,3
4040492,3
4040493,3
4040494,3
4040495,3
4040496,3
4040497,3
4040498,3
4040499,3
4040501,3
4040502,3
4040503,3
4040504,3
4040505,3
4040506,3
4040507,3
4040508,3
4040509,3
4040510,3
4040511,3
4040512,3
4040513,3
4040514,3
4040515,3
4040516,3
4040517,3
4040518,3
4040519,3
4040520,3
4040521,3
4040522,3
4040523,3
4040524,3
4040525,3
4040526,3
4040527,3
4040528,3
4040529,3
4040530,3
4040531,3
4040532,3
4040533,3
4040534,3
4040535,3
4040536,3
4040537,3
4040538,3
4040539,3
4040540,3
4040541,3
4040542,3
4040543,3
4040544,3
4040545,3
4040546,3
4040547,3
4040548,3
4040549,3
4040550,3
4040551,3
4040552,3
4040553,3
4040554,3
4040555,3
4040556,3
4040557,3
4040558,3
4040559,3
4040560,3
4040561,3
4040562,3
4040563,3
4040564,3
4040565,3
4040566,3
4040567,3
4040568,3
4040569,3
4040570,3
4040571,3
4040572,3
4040573,3
4040574,3
4040575,3
4040576,3
4040577,3
4040578,3
4040579,3
4040580,3
4040581,3
4040582,3
4040583,3
4040584,3
4040585,3
4040586,3
4040587,3
4040588,3
4040589,3
4040590,3
4040591,3
4040592,3
4040593,3
4040594,3
4040595,3
4040596,3
4040597,3
4040598,3
4040599,3
4040600,3
4040601,3
4040602,3
4040603,3
4040604,3
4040605,3
4040606,3
4040607,3
4040608,3
4040609,3
4040610,3
4040611,3
4040612,3
4040613,3
4040614,3
4040615,3
4040616,3
4040617,3
4040618,3
4040619,3
4040620,3
4040621,3
4040622,3
4040623,3
4040624,3
4040625,3
4040626,3
4040627,3
4040628,3
4040629,3
4040630,3
4040631,3
4040632,3
4040633,3
4040634,3
4040635,3
4040636,3
4040637,3
4040638,3
4040639,3
4040640,3
4040641,3
4040642,3
4040643,3
4040644,3
4040645,3
4040646,3
4040647,3
4040648,3
4040649,3
4040650,3
4040651,3
4040652,3
4040653,3
4040654,3
4040655,3
4040656,3
4040657,3
4040658,3
4040659,3
4040660,3
4040661,3
4040662,3
4040663,3
4040664,3
4040665,3
4040666,3
4040670,3
4040671,3
4040672,3
4040673,3
4040674,3
4040675,3
4040676,3
4040677,3
4040678,3
4040682,3
4040683,3
4040684,3
4040685,3
4040686,3
4040687,3
4040688,3
4040689,3
4040690,3
4040691,3
4040692,3
4040693,3
4040694,3
4040695,3
4040696,3
4040697,3
4040698,3
4040699,3
4040700,3
4040701,3
4040702,3
4040704,3
4040705,3
4040706,3
4040707,3
4040708,3
4040709,3
4040710,3
4040711,3
4040712,3
4040713,3
4040714,3
4040715,3
4040716,3
4040717,3
4040718,3
4040719,3
4040720,3
4040723,3
4040724,3
4040725,3
4040726,3
4040727,3
4040728,3
4040729,3
4040730,3
4040731,3
4040732,3
4040733,3
4040734,3
4040735,3
4040736,3
4040737,3
4040738,3
4040739,3
4040740,3
4040741,3
4040742,3
4040743,3
4040744,3
4040745,3
4040746,3
4040747,3
4040748,3
4040749,3
4040750,3
4040751,3
4040752,3
4040753,3
4040754,3
4040755,3
4040756,3
4040757,3
4040758,3
4040759,3
4040760,3
4040761,3
4040762,3
4040763,3
4040764,3
4040765,3
4040766,3
4040767,3
4040768,3
4040769,3
4040770,3
4040771,3
4040772,3
4040773,3
4040774,3
4040775,3
4040776,3
4040777,3
4040778,3
4040779,3
4040780,3
4040781,3
4040782,3
4040783,3
4040784,3
4040785,3
4040786,3
4040787,3
4040788,3
4040789,3
4040790,3
4040791,3
4040792,3
4040793,3
4040794,3
4040795,3
4040796,3
4040797,3
4040798,3
4040799,3
4040800,3
4040801,3
4040802,3
4040803,3
4040804,3
4040805,3
4040806,3
4040807,3
4040808,3
4040809,3
4040810,3
4040811,3
4040812,3
4040813,3
4040814,3
4040815,3
4040816,3
4040817,3
4040818,3
4040819,3
4040820,3
4040821,3
4040824,3
4040825,3
4040826,3
4040827,3
4040828,3
4040829,3
4040830,3
4040831,3
4040832,3
4040833,3
4040834,3
4040835,3
4040836,3
4040837,3
4040838,3
4040839,3
4040840,3
4040841,3
4040842,3
4040843,3
4040844,3
4040845,3
4040846,3
4040847,3
4040848,3
4040849,3
4040850,3
4040851,3
4040852,3
4040853,3
4040854,3
4040855,3
4040856,3
4040857,3
4040858,3
4040859,3
4040860,3
4040861,3
4040862,3
4040863,3
4040864,3
4040865,3
4040866,3
4040867,3
4040868,3
4040869,3
4040870,3
4040871,3
4040872,3
4040873,3
4040874,3
4040875,3
4040876,3
4040877,3
4040878,3
4040879,3
4040880,3
4040881,3
4040882,3
4040883,3
4040884,3
4040885,3
4040886,3
4040887,3
4040888,3
4040889,3
4040890,3
4040891,3
4040892,3
4040893,3
4040894,3
4040895,3
4040896,3
4040897,3
4040898,3
4040899,3
4040900,3
4040901,3
4040902,3
4040903,3
4040904,3
4040905,3
4040906,3
4040907,3
4040908,3
4040909,3
4040910,3
4040911,3
4040912,3
4040913,3
4040914,3
4040915,3
4040916,3
4040917,3
4040918,3
4040919,3
4040920,3
4040921,3
4040922,3
4040923,3
4040924,3
4040925,3
4040926,3
4040927,3
4040928,3
4040929,3
4040930,3
4040931,3
4040932,3
4040933,3
4040934,3
4040935,3
4040936,3
4040937,3
4040941,3
4040942,3
4040943,3
4040944,3
4040945,3
4040946,3
4040947,3
4040948,3
4040950,3
4040952,3
4040953,3
4040954,3
4040955,3
4040956,3
4040957,3
4040958,3
4040959,3
4040960,3
4040961,3
4040962,3
4040963,3
4040964,3
4040965,3
4040966,3
4040967,3
4040968,3
4040969,3
4040970,3
4040971,3
4040972,3
4040973,3
4040974,3
4040975,3
4040976,3
4040977,3
4040978,3
4040979,3
4040980,3
4040981,3
4040982,3
4040983,3
4040984,3
4040985,3
4040988,3
4040989,3
4040990,3
4040991,3
4040992,3
4040993,3
4040994,3
4040995,3
4040996,3
4040997,3
4040998,3
4040999,3
4041001,3
4041002,3
4041003,3
4041004,3
4041005,3
4041006,3
4041007,3
4041008,3
4041009,3
4041010,3
4041011,3
4041012,3
4041013,3
4041014,3
4041015,3
4041016,3
4041017,3
4041018,3
4041019,3
4041020,3
4041021,3
4041023,3
4041026,3
4041027,3
4041028,3
4041029,3
4041030,3
4041033,3
4041035,3
4041039,3
4041042,3
4041044,3
4041045,3
4041046,3
4041047,3
4041048,3
4041049,3
4041050,3
4041053,3
4041054,3
4041059,3
4041060,3
4041061,3
4041062,3
4041063,3
4041064,3
4041066,3
4041069,3
4041070,3
4041074,3
4041075,3
4041076,3
4041077,3
4041078,3
4041079,3
4041080,3
4041081,3
4041082,3
4041083,3
4041084,3
4041085,3
4041086,3
4041087,3
4041088,3
4041089,3
4041090,3
4041094,3
4041095,3
4041096,3
4041097,3
4041098,3
4041099,3
4041100,3
4041101,3
4041102,3
4041103,3
4041104,3
4041105,3
4041106,3
4041107,3
4041108,3
4041109,3
4041110,3
4041111,3
4041112,3
4041113,3
4041114,3
4041115,3
4041116,3
4041117,3
4041118,3
4041119,3
4041120,3
4041121,3
4041122,3
4041123,3
4041124,3
4041125,3
4041126,3
4041127,3
4041128,3
4041129,3
4041130,3
4041131,3
4041132,3
4041133,3
4041134,3
4041135,3
4041136,3
4041137,3
4041138,3
4041139,3
4041140,3
4041141,3
4041142,3
4041143,3
4041144,3
4041145,3
4041146,3
4041147,3
4041148,3
4041149,3
4041150,3
4041151,3
4041152,3
4041153,3
4041154,3
4041155,3
4041156,3
4041157,3
4041158,3
4041159,3
4041160,3
4041161,3
4041162,3
4041163,3
4041164,3
4041165,3
4041166,3
4041167,3
4041168,3
4041169,3
4041170,3
4041171,3
4041172,3
4041173,3
4041174,3
4041175,3
4041176,3
4041177,3
4041178,3
4041179,3
4041180,3
4041181,3
4041182,3
4041183,3
4041184,3
4041185,3
4041186,3
4041187,3
4041188,3
4041189,3
4041190,3
4041191,3
4041192,3
4041193,3
4041194,3
4041195,3
4041196,3
4041197,3
4041198,3
4041199,3
4041200,3
4041201,3
4041202,3
4041203,3
4041204,3
4041205,3
4041206,3
4041207,3
4041208,3
4041209,3
4041210,3
4041211,3
4041212,3
4041213,3
4041214,3
4041215,3
4041216,3
4041217,3
4041218,3
4041219,3
4041220,3
4041221,3
4041222,3
4041223,3
4041224,3
4041225,3
4041226,3
4041227,3
4041228,3
4041229,3
4041230,3
4041231,3
4041232,3
4041233,3
4041234,3
4041235,3
4041236,3
4041237,3
4041238,3
4041239,3
4041240,3
4041241,3
4041242,3
4041243,3
4041244,3
4041245,3
4041246,3
4041247,3
4041248,3
4041249,3
4041250,3
4041251,3
4041252,3
4041253,3
4041254,3
4041255,3
4041256,3
4041257,3
4041258,3
4041259,3
4041260,3
4041261,3
4041262,3
4041263,3
4041264,3
4041265,3
4041266,3
4041267,3
4041268,3
4041269,3
4041270,3
4041271,3
4041272,3
4041273,3
4041274,3
4041275,3
4041276,3
4041277,3
4041278,3
4041279,3
4041280,3
4041281,3
4041282,3
4041283,3
4041284,3
4041285,3
4041286,3
4041287,3
4041288,3
4041289,3
4041290,3
4041291,3
4041292,3
4041293,3
4041294,3
4041295,3
4041296,3
4041297,3
4041298,3
4041299,3
4041300,3
4041301,3
4041302,3
4041303,3
4041304,3
4041305,3
4041309,3
4041310,3
4041311,3
4041312,3
4041313,3
4041314,3
4041315,3
4041316,3
4041317,3
4041318,3
4041319,3
4041320,3
4041321,3
4041322,3
4041323,3
4041324,3
4041325,3
4041326,3
4041327,3
4041328,3
4041329,3
4041330,3
4041331,3
4041332,3
4041333,3
4041334,3
4041335,3
4041336,3
4041337,3
4041338,3
4041339,3
4041340,3
4041341,3
4041342,3
4041343,3
4041344,3
4041345,3
4041346,3
4041347,3
4041348,3
4041349,3
4041350,3
4041351,3
4041352,3
4041353,3
4041354,3
4041355,3
4041356,3
4041357,3
4041358,3
4041360,3
4041361,3
4041362,3
4041363,3
4041364,3
4041365,3
4041366,3
4041367,3
4041368,3
4041369,3
4041370,3
4041374,3
4041376,3
4041377,3
4041378,3
4041379,3
4041380,3
4041381,3
4041382,3
4041383,3
4041384,3
4041385,3
4041386,3
4041387,3
4041388,3
4041389,3
4041390,3
4041391,3
4041392,3
4041393,3
4041394,3
4041395,3
4041396,3
4041397,3
4041398,3
4041399,3
4041400,3
4041401,3
4041402,3
4041403,3
4041404,3
4041405,3
4041406,3
4041407,3
4041408,3
4041409,3
4041410,3
4041411,3
4041412,3
4041413,3
4041414,3
4041415,3
4041416,3
4041417,3
4041418,3
4041419,3
4041421,3
4041423,3
4041424,3
4041425,3
4041426,3
4041427,3
4041428,3
4041429,3
4041430,3
4041431,3
4041432,3
4041433,3
4041434,3
4041435,3
4041436,3
4041437,3
4041438,3
4041439,3
4041440,3
4041441,3
4041442,3
4041443,3
4041444,3
4041445,3
4041446,3
4041447,3
4041448,3
4041449,3
4041450,3
4041451,3
4041452,3
4041453,3
4041455,3
4041456,3
4041457,3
4041459,3
4041460,3
4041461,3
4041462,3
4041463,3
4041464,3
4041465,3
4041467,3
4041468,3
4041469,3
4041470,3
4041471,3
4041472,3
4041473,3
4041474,3
4041478,3
4041479,3
4041480,3
4041481,3
4041482,3
4041483,3
4041484,3
4041485,3
4041487,3
4041488,3
4041492,3
4041493,3
4041495,3
4041496,3
4041497,3
4041498,3
4041499,3
4041500,3
4041501,3
4041502,3
4041503,3
4041504,3
4041505,3
4041506,3
4041507,3
4041508,3
4041509,3
4041510,3
4041511,3
4041512,3
4041513,3
4041514,3
4041515,3
4041516,3
4041517,3
4041518,3
4041519,3
4041520,3
4041521,3
4041522,3
4041524,3
4041525,3
4041526,3
4041527,3
4041528,3
4041530,3
4041531,3
4041532,3
4041533,3
4041534,3
4041535,3
4041536,3
4041537,3
4041538,3
4041539,3
4041540,3
4041541,3
4041542,3
4041543,3
4041544,3
4041545,3
4041546,3
4041547,3
4041548,3
4041549,3
4041550,3
4041551,3
4041552,3
4041553,3
4041554,3
4041555,3
4041556,3
4041557,3
4041558,3
4041559,3
4041560,3
4041561,3
4041562,3
4041563,3
4041564,3
4041565,3
4041566,3
4041567,3
4041568,3
4041569,3
4041570,3
4041571,3
4041572,3
4041573,3
4041574,3
4041575,3
4041576,3
4041577,3
4041578,3
4041579,3
4041580,3
4041581,3
4041582,3
4041583,3
4041584,3
4041585,3
4041586,3
4041587,3
4041588,3
4041589,3
4041590,3
4041591,3
4041592,3
4041594,3
4041595,3
4041596,3
4041597,3
4041598,3
4041599,3
4041600,3
4041601,3
4041602,3
4041603,3
4041604,3
4041605,3
4041606,3
4041607,3
4041608,3
4041609,3
4041610,3
4041611,3
4041612,3
4041613,3
4041614,3
4041615,3
4041616,3
4041617,3
4041619,3
4041620,3
4041621,3
4041622,3
4041624,3
4041625,3
4041627,3
4041630,3
4041631,3
4041632,3
4041633,3
4041634,3
4041635,3
4041636,3
4041637,3
4041638,3
4041639,3
4041640,3
4041641,3
4041642,3
4041643,3
4041644,3
4041645,3
4041646,3
4041647,3
4041648,3
4041649,3
4041650,3
4041651,3
4041652,3
4041653,3
4041654,3
4041655,3
4041656,3
4041657,3
4041659,3
4041660,3
4041661,3
4041662,3
4041663,3
4041664,3
4041666,3
4041667,3
4041668,3
4041670,3
4041671,3
4041672,3
4041673,3
4041679,3
4041680,3
4041681,3
4041682,3
4041683,3
4041684,3
4041685,3
4041686,3
4041687,3
4041688,3
4041689,3
4041690,3
4041691,3
4041692,3
4041693,3
4041694,3
4041695,3
4041696,3
4041697,3
4041698,3
4041699,3
4041700,3
4041701,3
4041702,3
4041703,3
4041704,3
4041705,3
4041706,3
4041707,3
4041708,3
4041709,3
4041710,3
4041711,3
4041712,3
4041713,3
4041714,3
4041715,3
4041716,3
4041717,3
4041718,3
4041719,3
4041720,3
4041721,3
4041722,3
4041723,3
4041724,3
4041725,3
4041726,3
4041727,3
4041728,3
4041729,3
4041730,3
4041731,3
4041732,3
4041733,3
4041734,3
4041735,3
4041736,3
4041737,3
4041738,3
4041739,3
4041740,3
4041741,3
4041742,3
4041743,3
4041745,3
4041746,3
4041747,3
4041748,3
4041749,3
4041750,3
4041751,3
4041755,3
4041756,3
4041757,3
4041758,3
4041759,3
4041760,3
4041761,3
4041762,3
4041763,3
4041764,3
4041765,3
4041766,3
4041767,3
4041768,3
4041769,3
4041770,3
4041771,3
4041772,3
4041773,3
4041774,3
4041775,3
4041776,3
4041777,3
4041778,3
4041779,3
4041780,3
4041781,3
4041782,3
4041783,3
4041784,3
4041785,3
4041786,3
4041787,3
4041788,3
4041789,3
4041790,3
4041791,3
4041792,3
4041793,3
4041794,3
4041795,3
4041796,3
4041797,3
4041798,3
4041799,3
4041800,3
4041801,3
4041802,3
4041803,3
4041804,3
4041805,3
4041806,3
4041807,3
4041808,3
4041809,3
4041810,3
4041811,3
4041812,3
4041813,3
4041814,3
4041815,3
4041816,3
4041817,3
4041818,3
4041819,3
4041820,3
4041821,3
4041822,3
4041823,3
4041824,3
4041825,3
4041826,3
4041827,3
4041828,3
4041829,3
4041830,3
4041831,3
4041832,3
4041833,3
4041834,3
4041835,3
4041836,3
4041837,3
4041838,3
4041839,3
4041840,3
4041841,3
4041846,3
4041847,3
4041848,3
4041849,3
4041850,3
4041851,3
4041852,3
4041853,3
4041854,3
4041855,3
4041856,3
4041857,3
4041858,3
4041859,3
4041860,3
4041861,3
4041862,3
4041863,3
4041864,3
4041865,3
4041866,3
4041867,3
4041868,3
4041869,3
4041870,3
4041871,3
4041872,3
4041873,3
4041874,3
4041875,3
4041876,3
4041877,3
4041878,3
4041879,3
4041880,3
4041881,3
4041882,3
4041883,3
4041884,3
4041885,3
4041886,3
4041887,3
4041888,3
4041889,3
4041890,3
4041891,3
4041892,3
4041893,3
4041894,3
4041895,3
4041896,3
4041897,3
4041898,3
4041899,3
4041900,3
4041901,3
4041902,3
4041903,3
4041904,3
4041905,3
4041906,3
4041907,3
4041908,3
4041909,3
4041910,3
4041911,3
4041912,3
4041913,3
4041914,3
4041915,3
4041916,3
4041917,3
4041918,3
4041919,3
4041920,3
4041921,3
4041922,3
4041923,3
4041924,3
4041925,3
4041926,3
4041927,3
4041928,3
4041929,3
4041930,3
4041931,3
4041932,3
4041933,3
4041934,3
4041935,3
4041936,3
4041937,3
4041938,3
4041939,3
4041940,3
4041941,3
4041942,3
4041943,3
4041944,3
4041945,3
4041946,3
4041947,3
4041948,3
4041951,3
4041952,3
4041953,3
4041954,3
4041955,3
4041956,3
4041957,3
4041958,3
4041959,3
4041960,3
4041961,3
4041962,3
4041963,3
4041964,3
4041965,3
4041966,3
4041967,3
4041968,3
4041969,3
4041970,3
4041971,3
4041972,3
4041973,3
4041974,3
4041975,3
4041976,3
4041977,3
4041978,3
4041979,3
4041981,3
4041982,3
4041983,3
4041984,3
4041985,3
4041986,3
4041987,3
4041990,3
4041991,3
4041992,3
4041993,3
4041994,3
4041995,3
4041996,3
4041997,3
4042000,3
4042002,3
4042003,3
4042004,3
4042005,3
4042006,3
4042007,3
4042008,3
4042009,3
4042010,3
4042011,3
4042012,3
4042013,3
4042015,3
4042016,3
4042017,3
4042025,3
4042031,3
4042032,3
4042033,3
4042034,3
4042035,3
4042037,3
4042038,3
4042039,3
4042041,3
4042042,3
4042043,3
4042044,3
4042045,3
4042046,3
4042047,3
4042048,3
4042049,3
4042050,3
4042051,3
4042052,3
4042053,3
4042054,3
4042055,3
4042056,3
4042057,3
4042058,3
4042059,3
4042060,3
4042061,3
4042062,3
4042063,3
4042064,3
4042065,3
4042066,3
4042067,3
4042068,3
4042069,3
4042070,3
4042071,3
4042072,3
4042073,3
4042074,3
4042075,3
4042076,3
4042077,3
4042078,3
4042079,3
4042080,3
4042081,3
4042082,3
4042083,3
4042084,3
4042085,3
4042086,3
4042087,3
4042088,3
4042089,3
4042090,3
4042091,3
4042092,3
4042093,3
4042094,3
4042095,3
4042096,3
4042097,3
4042098,3
4042099,3
4042100,3
4042101,3
4042102,3
4042103,3
4042104,3
4042105,3
4042106,3
4042107,3
4042108,3
4042109,3
4042110,3
4042111,3
4042116,3
4042117,3
4042118,3
4042119,3
4042120,3
4042121,3
4042122,3
4042123,3
4042124,3
4042125,3
4042126,3
4042127,3
4042128,3
4042129,3
4042130,3
4042131,3
4042132,3
4042133,3
4042134,3
4042135,3
4042136,3
4042137,3
4042138,3
4042139,3
4042140,3
4042141,3
4042142,3
4042143,3
4042144,3
4042145,3
4042146,3
4042147,3
4042148,3
4042149,3
4042150,3
4042151,3
4042152,3
4042153,3
4042154,3
4042155,3
4042156,3
4042157,3
4042158,3
4042159,3
4042160,3
4042161,3
4042162,3
4042163,3
4042164,3
4042165,3
4042166,3
4042167,3
4042168,3
4042169,3
4042170,3
4042171,3
4042172,3
4042173,3
4042174,3
4042175,3
4042176,3
4042177,3
4042178,3
4042179,3
4042180,3
4042181,3
4042182,3
4042183,3
4042184,3
4042185,3
4042186,3
4042187,3
4042188,3
4042189,3
4042190,3
4042191,3
4042192,3
4042193,3
4042194,3
4042196,3
4042197,3
4042198,3
4042199,3
4042200,3
4042201,3
4042202,3
4042203,3
4042204,3
4042205,3
4042206,3
4042207,3
4042208,3
4042209,3
4042210,3
4042211,3
4042212,3
4042213,3
4042214,3
4042215,3
4042216,3
4042217,3
4042218,3
4042219,3
4042220,3
4042221,3
4042222,3
4042223,3
4042224,3
4042225,3
4042226,3
4042230,3
4042231,3
4042232,3
4042233,3
4042234,3
4042235,3
4042236,3
4042237,3
4042238,3
4042239,3
4042240,3
4042241,3
4042242,3
4042243,3
4042244,3
4042245,3
4042246,3
4042247,3
4042248,3
4042249,3
4042250,3
4042252,3
4042253,3
4042254,3
4042255,3
4042256,3
4042257,3
4042258,3
4042259,3
4042260,3
4042261,3
4042262,3
4042263,3
4042264,3
4042265,3
4042266,3
4042267,3
4042268,3
4042269,3
4042270,3
4042271,3
4042272,3
4042273,3
4042274,3
4042275,3
4042276,3
4042277,3
4042278,3
4042279,3
4042280,3
4042281,3
4042282,3
4042283,3
4042284,3
4042285,3
4042286,3
4042287,3
4042288,3
4042289,3
4042290,3
4042291,3
4042292,3
4042293,3
4042294,3
4042295,3
4042296,3
4042297,3
4042298,3
4042299,3
4042300,3
4042301,3
4042302,3
4042303,3
4042304,3
4042305,3
4042306,3
4042307,3
4042308,3
4042309,3
4042310,3
4042311,3
4042312,3
4042313,3
4042314,3
4042315,3
4042316,3
4042317,3
4042318,3
4042319,3
4042320,3
4042321,3
4042322,3
4042323,3
4042324,3
4042325,3
4042326,3
4042327,3
4042328,3
4042329,3
4042330,3
4042331,3
4042332,3
4042333,3
4042334,3
4042335,3
4042336,3
4042337,3
4042338,3
4042339,3
4042340,3
4042341,3
4042342,3
4042343,3
4042344,3
4042345,3
4042346,3
4042347,3
4042348,3
4042349,3
4042350,3
4042351,3
4042352,3
4042353,3
4042354,3
4042355,3
4042356,3
4042357,3
4042358,3
4042359,3
4042360,3
4042361,3
4042362,3
4042363,3
4042364,3
4042365,3
4042366,3
4042367,3
4042368,3
4042369,3
4042370,3
4042371,3
4042372,3
4042373,3
4042374,3
4042375,3
4042376,3
4042377,3
4042378,3
4042379,3
4042380,3
4042381,3
4042382,3
4042383,3
4042384,3
4042385,3
4042386,3
4042387,3
4042388,3
4042389,3
4042390,3
4042391,3
4042392,3
4042393,3
4042394,3
4042395,3
4042396,3
4042397,3
4042398,3
4042399,3
4042400,3
4042401,3
4042402,3
4042403,3
4042404,3
4042405,3
4042406,3
4042407,3
4042408,3
4042409,3
4042410,3
4042411,3
4042412,3
4042413,3
4042414,3
4042415,3
4042416,3
4042417,3
4042418,3
4042419,3
4042420,3
4042421,3
4042422,3
4042423,3
4042424,3
4042425,3
4042426,3
4042427,3
4042428,3
4042429,3
4042430,3
4042431,3
4042432,3
4042433,3
4042434,3
4042435,3
4042436,3
4042437,3
4042438,3
4042439,3
4042440,3
4042441,3
4042442,3
4042443,3
4042444,3
4042445,3
4042446,3
4042447,3
4042448,3
4042449,3
4042450,3
4042451,3
4042452,3
4042453,3
4042454,3
4042455,3
4042456,3
4042457,3
4042458,3
4042459,3
4042460,3
4042461,3
4042462,3
4042463,3
4042464,3
4042465,3
4042466,3
4042467,3
4042468,3
4042469,3
4042470,3
4042471,3
4042472,3
4042473,3
4042474,3
4042475,3
4042476,3
4042477,3
4042478,3
4042479,3
4042480,3
4042481,3
4042482,3
4042483,3
4042484,3
4042485,3
4042486,3
4042487,3
4042488,3
4042489,3
4042490,3
4042491,3
4042492,3
4042493,3
4042494,3
4042495,3
4042496,3
4042497,3
4042498,3
4042499,3
4042500,3
4042501,3
4042502,3
4042503,3
4042504,3
4042505,3
4042506,3
4042507,3
4042508,3
4042509,3
4042510,3
4042511,3
4042512,3
4042513,3
4042514,3
4042515,3
4042516,3
4042517,3
4042518,3
4042519,3
4042521,3
4042522,3
4042523,3
4042524,3
4042525,3
4042526,3
4042527,3
4042528,3
4042530,3
4042531,3
4042532,3
4042533,3
4042534,3
4042535,3
4042536,3
4042537,3
4042538,3
4042539,3
4042540,3
4042541,3
4042542,3
4042543,3
4042544,3
4042545,3
4042546,3
4042547,3
4042548,3
4042549,3
4042550,3
4042551,3
4042552,3
4042553,3
4042554,3
4042555,3
4042556,3
4042557,3
4042558,3
4042559,3
4042560,3
4042561,3
4042562,3
4042563,3
4042564,3
4042565,3
4042566,3
4042567,3
4042568,3
4042569,3
4042570,3
4042571,3
4042572,3
4042573,3
4042574,3
4042575,3
4042576,3
4042577,3
4042578,3
4042579,3
4042580,3
4042581,3
4042582,3
4042583,3
4042584,3
4042585,3
4042586,3
4042587,3
4042588,3
4042589,3
4042590,3
4042591,3
4042592,3
4042593,3
4042594,3
4042595,3
4042596,3
4042597,3
4042598,3
4042599,3
4042600,3
4042601,3
4042602,3
4042603,3
4042604,3
4042605,3
4042606,3
4042607,3
4042608,3
4042609,3
4042610,3
4042611,3
4042612,3
4042613,3
4042614,3
4042615,3
4042616,3
4042617,3
4042618,3
4042619,3
4042620,3
4042621,3
4042622,3
4042623,3
4042624,3
4042625,3
4042626,3
4042627,3
4042628,3
4042629,3
4042631,3
4042632,3
4042633,3
4042634,3
4042635,3
4042636,3
4042637,3
4042638,3
4042639,3
4042640,3
4042641,3
4042642,3
4042643,3
4042644,3
4042645,3
4042646,3
4042647,3
4042648,3
4042649,3
4042650,3
4042651,3
4042652,3
4042653,3
4042654,3
4042655,3
4042656,3
4042657,3
4042658,3
4042659,3
4042660,3
4042661,3
4042662,3
4042663,3
4042664,3
4042665,3
4042666,3
4042667,3
4042669,3
4042670,3
4042671,3
4042672,3
4042673,3
4042674,3
4042675,3
4042676,3
4042677,3
4042678,3
4042683,3
4042684,3
4042685,3
4042686,3
4042687,3
4042688,3
4042689,3
4042690,3
4042691,3
4042692,3
4042693,3
4042694,3
4042695,3
4042696,3
4042697,3
4042698,3
4042699,3
4042700,3
4042701,3
4042702,3
4042703,3
4042704,3
4042707,3
4042708,3
4042709,3
4042710,3
4042712,3
4042713,3
4042714,3
4042717,3
4042720,3
4042721,3
4042722,3
4042723,3
4042724,3
4042727,3
4042728,3
4042729,3
4042730,3
4042731,3
4042732,3
4042733,3
4042734,3
4042735,3
4042736,3
4042740,3
4042741,3
4042742,3
4042743,3
4042744,3
4042745,3
4042746,3
4042747,3
4042750,3
4042751,3
4042752,3
4042753,3
4042754,3
4042755,3
4042756,3
4042757,3
4042758,3
4042762,3
4042767,3
4042768,3
4042769,3
4042770,3
4042771,3
4042773,3
4042774,3
4042775,3
4042777,3
4042780,3
4042781,3
4042782,3
4042783,3
4042784,3
4042785,3
4042786,3
4042787,3
4042796,3
4042798,3
4042799,3
4042800,3
4042801,3
4042805,3
4042806,3
4042807,3
4042808,3
4042809,3
4042810,3
4042811,3
4042812,3
4042813,3
4042816,3
4042817,3
4042818,3
4042819,3
4042820,3
4042821,3
4042822,3
4042823,3
4042824,3
4042825,3
4042826,3
4042827,3
4042828,3
4042829,3
4042830,3
4042831,3
4042832,3
4042833,3
4042834,3
4042835,3
4042836,3
4042837,3
4042838,3
4042839,3
4042840,3
4042841,3
4042842,3
4042843,3
4042844,3
4042845,3
4042846,3
4042847,3
4042848,3
4042849,3
4042850,3
4042853,3
4042854,3
4042855,3
4042856,3
4042857,3
4042858,3
4042859,3
4042860,3
4042861,3
4042862,3
4042863,3
4042864,3
4042865,3
4042866,3
4042867,3
4042868,3
4042869,3
4042870,3
4042871,3
4042872,3
4042873,3
4042874,3
4042875,3
4042876,3
4042877,3
4042878,3
4042879,3
4042880,3
4042881,3
4042882,3
4042883,3
4042884,3
4042885,3
4042886,3
4042887,3
4042888,3
4042889,3
4042890,3
4042891,3
4042892,3
4042893,3
4042895,3
4042897,3
4042899,3
4042901,3
4042902,3
4042903,3
4042904,3
4042905,3
4042906,3
4042907,3
4042908,3
4042909,3
4042910,3
4042911,3
4042912,3
4042913,3
4042916,3
4042917,3
4042918,3
4042919,3
4042920,3
4042921,3
4042922,3
4042923,3
4042924,3
4042925,3
4042926,3
4042928,3
4042929,3
4042932,3
4042933,3
4042934,3
4042935,3
4042936,3
4042937,3
4042938,3
4042939,3
4042940,3
4042941,3
4042942,3
4042943,3
4042944,3
4042945,3
4042946,3
4042947,3
4042948,3
4042952,3
4042953,3
4042956,3
4042957,3
4042958,3
4042961,3
4042962,3
4042963,3
4042964,3
4042965,3
4042966,3
4042967,3
4042968,3
4042969,3
4042970,3
4042971,3
4042972,3
4042973,3
4042974,3
4042975,3
4042976,3
4042977,3
4042978,3
4042979,3
4042980,3
4042981,3
4042982,3
4042983,3
4042984,3
4042985,3
4042986,3
4042987,3
4042988,3
4042989,3
4042990,3
4042991,3
4042992,3
4042993,3
4042994,3
4042995,3
4042996,3
4042997,3
4042998,3
4042999,3
4043000,3
4043001,3
4043002,3
4043003,3
4043004,3
4043007,3
4043008,3
4043009,3
4043010,3
4043011,3
4043012,3
4043013,3
4043014,3
4043015,3
4043016,3
4043017,3
4043018,3
4043019,3
4043020,3
4043021,3
4043022,3
4043023,3
4043024,3
4043025,3
4043026,3
4043027,3
4043028,3
4043029,3
4043030,3
4043031,3
4043032,3
4043033,3
4043034,3
4043035,3
4043036,3
4043037,3
4043038,3
4043039,3
4043040,3
4043041,3
4043042,3
4043043,3
4043044,3
4043045,3
4043046,3
4043047,3
4043048,3
4043049,3
4043050,3
4043051,3
4043052,3
4043053,3
4043054,3
4043055,3
4043056,3
4043057,3
4043058,3
4043059,3
4043060,3
4043061,3
4043062,3
4043063,3
4043064,3
4043065,3
4043066,3
4043067,3
4043068,3
4043069,3
4043070,3
4043071,3
4043072,3
4043073,3
4043074,3
4043075,3
4043076,3
4043077,3
4043078,3
4043079,3
4043080,3
4043081,3
4043082,3
4043083,3
4043084,3
4043085,3
4043086,3
4043087,3
4043088,3
4043089,3
4043090,3
4043091,3
4043092,3
4043093,3
4043094,3
4043095,3
4043096,3
4043097,3
4043098,3
4043099,3
4043100,3
4043101,3
4043102,3
4043103,3
4043104,3
4043107,3
4043108,3
4043109,3
4043110,3
4043111,3
4043112,3
4043113,3
4043114,3
4043115,3
4043116,3
4043117,3
4043118,3
4043119,3
4043120,3
4043121,3
4043122,3
4043123,3
4043124,3
4043125,3
4043126,3
4043127,3
4043128,3
4043129,3
4043130,3
4043131,3
4043132,3
4043133,3
4043134,3
4043135,3
4043136,3
4043137,3
4043138,3
4043139,3
4043140,3
4043141,3
4043142,3
4043143,3
4043144,3
4043145,3
4043146,3
4043147,3
4043148,3
4043149,3
4043150,3
4043151,3
4043152,3
4043153,3
4043154,3
4043155,3
4043156,3
4043157,3
4043158,3
4043159,3
4043160,3
4043161,3
4043162,3
4043163,3
4043164,3
4043165,3
4043166,3
4043167,3
4043168,3
4043169,3
4043170,3
4043171,3
4043172,3
4043173,3
4043174,3
4043175,3
4043176,3
4043177,3
4043178,3
4043179,3
4043180,3
4043181,3
4043182,3
4043183,3
4043184,3
4043185,3
4043186,3
4043187,3
4043188,3
4043189,3
4043190,3
4043191,3
4043192,3
4043193,3
4043194,3
4043197,3
4043198,3
4043199,3
4043201,3
4043202,3
4043203,3
4043204,3
4043205,3
4043208,3
4043210,3
4043214,3
4043215,3
4043217,3
4043218,3
4043219,3
4043220,3
4043222,3
4043223,3
4043224,3
4043225,3
4043226,3
4043227,3
4043228,3
4043232,3
4043233,3
4043234,3
4043235,3
4043236,3
4043237,3
4043238,3
4043239,3
4043240,3
4043241,3
4043242,3
4043243,3
4043244,3
4043245,3
4043246,3
4043247,3
4043248,3
4043249,3
4043250,3
4043287,3
4043288,3
4043289,3
4043500,3
4043501,3
4045367,3
4045368,3
4045369,3
4045370,3
4045371,3
4045372,3
4045373,3
4045374,3
4045375,3
4045456,0
4045577,3
4045610,3
4045641,3
4045764,3
4045787,3
4045849,3
4045850,3
4045851,3
4045852,3
4045853,3
4045854,3
4045855,3
4045856,3
4045857,3
4045858,3
4045859,3
4045860,3
4045861,3
4045862,3
4045863,3
4045864,3
4045865,3
4045866,3
4045867,3
4045868,3
4045869,3
4045870,3
4045871,3
4045872,3
4045873,3
4045874,3
4045875,3
4045876,3
4045877,3
4045878,3
4045879,3
4045880,3
4045881,3
4045882,3
4045883,3
4045884,3
4045885,3
4045886,3
4045887,3
4045888,3
4045889,3
4045890,3
4045891,3
4045892,3
4045893,3
4045894,3
4045895,3
4045896,3
4045897,3
4045898,3
4045899,3
4045900,3
4045901,3
4045902,3
4045903,3
4045904,3
4045905,3
4045906,3
4045907,3
4045908,3
4045909,3
4045910,3
4045911,3
4045912,3
4045913,3
4045914,3
4045915,3
4045916,3
4045917,3
4045918,3
4045919,3
4045920,3
4045921,3
4045922,3
4045923,3
4045924,3
4045925,3
4045926,3
4045927,3
4045928,3
4045929,3
4045930,3
4045931,3
4045932,3
4045933,3
4045934,3
4045935,3
4045936,3
4045937,3
4045938,3
4045939,3
4045940,3
4045941,3
4045942,3
4045943,3
4045944,3
4045945,3
4045946,3
4045947,3
4045948,3
4045949,3
4045950,3
4045951,3
4045952,3
4045953,3
4045954,3
4045955,3
4045956,3
4045957,3
4045958,3
4045959,3
4045960,3
4045961,3
4045962,3
4045963,3
4045964,3
4045965,3
4045966,3
4045967,3
4045968,3
4045969,3
4045970,3
4045971,3
4045972,3
4045973,3
4045974,3
4045975,3
4045976,3
4045977,3
4045978,3
4045979,3
4045980,3
4045981,3
4045982,3
4045983,3
4045984,3
4045985,3
4045986,3
4045987,3
4045988,3
4045989,3
4045990,3
4045991,3
4045992,3
4045993,3
4045994,3
4045995,3
4045996,3
4045997,3
4045998,3
4045999,3
4046000,3
4046001,3
4046002,3
4046003,3
4046004,3
4046005,3
4046006,3
4046007,3
4046008,3
4046009,3
4046010,3
4046011,3
4046012,3
4046013,3
4046014,3
4046015,3
4046016,3
4046017,3
4046018,3
4046019,3
4046020,3
4046021,3
4046022,3
4046023,3
4046024,3
4046025,3
4046026,3
4046027,3
4046028,3
4046029,3
4046030,3
4046031,3
4046032,3
4046033,3
4046034,3
4046035,3
4046036,3
4046037,3
4046038,3
4046039,3
4046040,3
4046041,3
4046042,3
4046043,3
4046044,3
4046045,3
4046046,3
4046047,3
4046048,3
4046049,3
4046050,3
4046051,3
4046052,3
4046053,3
4046054,3
4046055,3
4046056,3
4046057,3
4046058,3
4046059,3
4046060,3
4046061,3
4046062,3
4046063,3
4046064,3
4046065,3
4046066,3
4046067,3
4046068,3
4046069,3
4046070,3
4046071,3
4046072,3
4046073,3
4046074,3
4046075,3
4046076,3
4046077,3
4046078,3
4048569,3
4048570,3
4048610,3
4049613,3
4050484,3
4050486,3
4051444,3
4051445,3
4051522,3
4051595,3
4051871,3
4052091,3
4052106,3
4052338,3
4052339,3
4052340,3
4052415,3
4052416,3
4052417,3
4052418,3
4052419,3
4052420,3
4052421,3
4052422,3
4052423,3
4052424,3
4052425,3
4052426,3
4052427,3
4052428,3
4052429,3
4052430,3
4052431,3
4052432,3
4052433,3
4052434,3
4052435,3
4052436,3
4052437,3
4052438,3
4052439,3
4052440,3
4052441,3
4052442,3
4052443,3
4052444,3
4052445,3
4052446,3
4052447,3
4052448,3
4052449,3
4052450,3
4052451,3
4052452,3
4052453,3
4052454,3
4052455,3
4052456,3
4052457,3
4052458,3
4052459,3
4052460,3
4052461,3
4052462,3
4052463,3
4052464,3
4052465,3
4052466,3
4052467,3
4052468,3
4052469,3
4052470,3
4052471,3
4052472,3
4052473,3
4052474,3
4052475,3
4052476,3
4052477,3
4052478,3
4052479,3
4052480,3
4052481,3
4052482,3
4052483,3
4052484,3
4052485,3
4052486,3
4052487,3
4052488,3
4052489,3
4052490,3
4052491,3
4052492,3
4052493,3
4052494,3
4052495,3
4052496,3
4052497,3
4052498,3
4052499,3
4052500,3
4052501,3
4052502,3
4052503,3
4052504,3
4052505,3
4052506,3
4052507,3
4052508,3
4052509,3
4052510,3
4052511,3
4052512,3
4052513,3
4052514,3
4052515,3
4052516,3
4052517,3
4052518,3
4052519,3
4052520,3
4052521,3
4052522,3
4052523,3
4052524,3
4052525,3
4052526,3
4052527,3
4052528,3
4052529,3
4052530,3
4052531,3
4052532,3
4052533,3
4052534,3
4052535,3
4052536,3
4052537,3
4052538,3
4052539,3
4052540,3
4052541,3
4052542,3
4052543,3
4052544,3
4052545,3
4052546,3
4052547,3
4052548,3
4052549,3
4052550,3
4052551,3
4052552,3
4052553,3
4052554,3
4052555,3
4052556,3
4052557,3
4052558,3
4052559,3
4052560,3
4052561,3
4052562,3
4052563,3
4052564,3
4052565,3
4052566,3
4052567,3
4052568,3
4052569,3
4052570,3
4052571,3
4052572,3
4052573,3
4052574,3
4052575,3
4052576,3
4052577,3
4052578,3
4052579,3
4052580,3
4052581,3
4052582,3
4052583,3
4052584,3
4052585,3
4052586,3
4052587,3
4052588,3
4052589,3
4052590,3
4052591,3
4052592,3
4052593,3
4052594,3
4052595,3
4052596,3
4052597,3
4052598,3
4052599,3
4052600,3
4052601,3
4052602,3
4052603,3
4052604,3
4052605,3
4052606,3
4052607,3
4052608,3
4052609,3
4052610,3
4052611,3
4052612,3
4052613,3
4052614,3
4052615,3
4052616,3
4052617,3
4052618,3
4052619,3
4052620,3
4052621,3
4052622,3
4052623,3
4052624,3
4052625,3
4052626,3
4052627,3
4052628,3
4052629,3
4052630,3
4052631,3
4052632,3
4052633,3
4052634,3
4052635,3
4052636,3
4052637,3
4052638,3
4052639,3
4052640,3
4052641,3
4052642,3
4052643,3
4052644,3
4052645,3
4052646,3
4052647,3
4052648,3
4052649,3
4052650,3
4052651,3
4052652,3
4052653,3
4052654,3
4052655,3
4052656,3
4052657,3
4052658,3
4052659,3
4052660,3
4052661,3
4052662,3
4052663,3
4052664,3
4052665,3
4052666,3
4052667,3
4052668,3
4052669,3
4052670,3
4052671,3
4052672,3
4052673,3
4052674,3
4052675,3
4052676,3
4052677,3
4052678,3
4052679,3
4052680,3
4052681,3
4052682,3
4052683,3
4052684,3
4052685,3
4052686,3
4052687,3
4052688,3
4052689,3
4052690,3
4052691,3
4052692,3
4052693,3
4052694,3
4052695,3
4052696,3
4052697,3
4052698,3
4052699,3
4052700,3
4052701,3
4052702,3
4052703,3
4052704,3
4052705,3
4052706,3
4052707,3
4052708,3
4052709,3
4052710,3
4052711,3
4052712,3
4052713,3
4052714,3
4052715,3
4052716,3
4052717,3
4052718,3
4052719,3
4052720,3
4052721,3
4052722,3
4052723,3
4052724,3
4052725,3
4052726,3
4052727,3
4052728,3
4052729,3
4052730,3
4052731,3
4052732,3
4052733,3
4052734,3
4052735,3
4052736,3
4052737,3
4052738,3
4052739,3
4052740,3
4052741,3
4052742,3
4052743,3
4052744,3
4052745,3
4052746,3
4052747,3
4052748,3
4052749,3
4052750,3
4052751,3
4052752,3
4052753,3
4052754,3
4052755,3
4052756,3
4052757,3
4052758,3
4052759,3
4052760,3
4052761,3
4052762,3
4052763,3
4052764,3
4052765,3
4052766,3
4052767,3
4052768,3
4052769,3
4052770,3
4052771,3
4052772,3
4052773,3
4052774,3
4052775,3
4052776,3
4052777,3
4052778,3
4052779,3
4052780,3
4052781,3
4052782,3
4052783,3
4052784,3
4052785,3
4052786,3
4052787,3
4052788,3
4052789,3
4052790,3
4052791,3
4052792,3
4052793,3
4052794,3
4052795,3
4052796,3
4052797,3
4052798,3
4052799,3
4052800,3
4052801,3
4052802,3
4052803,3
4052804,3
4052805,3
4052806,3
4052807,3
4052808,3
4052809,3
4052810,3
4052811,3
4052812,3
4052813,3
4052814,3
4052815,3
4052816,3
4052817,3
4052818,3
4052819,3
4052820,3
4052821,3
4052822,3
4052823,3
4052824,3
4052825,3
4052826,3
4052827,3
4052828,3
4052829,3
4052830,3
4052831,3
4052832,3
4052833,3
4052834,3
4052835,3
4052836,3
4052837,3
4052838,3
4052839,3
4052840,3
4052841,3
4052842,3
4052843,3
4052844,3
4052845,3
4052846,3
4052847,3
4052848,3
4052849,3
4052850,3
4052851,3
4052852,3
4052853,3
4052854,3
4052855,3
4052856,3
4052857,3
4052858,3
4052859,3
4052860,3
4052861,3
4052862,3
4052863,3
4052864,3
4052865,3
4052866,3
4052867,3
4052868,3
4052869,3
4052870,3
4052871,3
4052872,3
4052873,3
4052874,3
4052875,3
4052876,3
4052877,3
4052878,3
4052879,3
4052880,3
4052881,3
4052882,3
4052883,3
4052884,3
4052885,3
4052886,3
4052887,3
4052888,3
4052889,3
4052890,3
4052891,3
4052892,3
4052893,3
4052894,3
4052895,3
4052896,3
4052897,3
4052898,3
4052899,3
4052900,3
4052901,3
4052902,3
4052903,3
4052904,3
4052905,3
4052906,3
4052907,3
4052908,3
4052909,3
4052910,3
4052911,3
4052912,3
4052913,3
4052914,3
4052915,3
4052916,3
4052917,3
4052918,3
4052919,3
4052920,3
4052921,3
4052922,3
4052923,3
4052924,3
4052925,3
4052926,3
4052927,3
4052928,3
4052929,3
4052930,3
4052931,3
4052932,3
4052933,3
4052934,3
4052935,3
4052936,3
4052937,3
4052938,3
4052939,3
4052940,3
4052941,3
4052942,3
4052943,3
4052944,3
4052945,3
4052946,3
4052947,3
4052948,3
4052949,3
4052950,3
4052951,3
4052952,3
4052953,3
4052954,3
4052955,3
4052956,3
4052957,3
4052958,3
4052959,3
4052960,3
4052961,3
4052962,3
4052963,3
4052964,3
4052965,3
4052966,3
4052967,3
4052968,3
4052969,3
4052970,3
4052971,3
4052972,3
4052973,3
4052974,3
4052975,3
4052976,3
4052977,3
4052978,3
4052979,3
4052980,3
4052981,3
4052982,3
4052983,3
4052984,3
4052985,3
4052986,3
4052987,3
4052988,3
4052989,3
4052990,3
4052991,3
4052992,3
4052993,3
4052994,3
4052995,3
4052996,3
4052997,3
4052998,3
4052999,3
4053000,3
4053001,3
4053002,3
4053003,3
4053004,3
4053005,3
4053006,3
4053007,3
4053008,3
4053009,3
4053010,3
4053011,3
4053012,3
4053013,3
4053014,3
4053015,3
4053016,3
4053017,3
4053018,3
4053019,3
4053020,3
4053021,3
4053022,3
4053023,3
4053024,3
4053025,3
4053026,3
4053027,3
4053028,3
4053029,3
4053030,3
4053031,3
4053032,3
4053033,3
4053034,3
4053035,3
4053036,3
4053037,3
4053038,3
4053039,3
4053040,3
4053041,3
4053042,3
4053043,3
4053044,3
4053045,3
4053046,3
4053047,3
4053048,3
4053049,3
4053050,3
4053051,3
4053052,3
4053053,3
4053054,3
4053055,3
4053056,3
4053057,3
4053058,3
4053059,3
4053060,3
4053061,3
4053062,3
4053063,3
4053064,3
4053065,3
4053066,3
4053067,3
4053068,3
4053069,3
4053070,3
4053071,3
4053072,3
4053073,3
4053074,3
4053075,3
4053076,3
4053077,3
4053078,3
4053079,3
4053080,3
4053081,3
4053082,3
4053083,3
4053084,3
4053085,3
4053086,3
4053087,3
4053088,3
4053089,3
4053090,3
4053091,3
4053092,3
4053093,3
4053094,3
4053095,3
4053096,3
4053097,3
4053098,3
4053099,3
4053100,3
4053101,3
4053102,3
4053103,3
4053104,3
4053105,3
4053106,3
4053107,3
4053108,3
4053109,3
4053110,3
4053111,3
4053112,3
4053113,3
4053114,3
4053115,3
4053116,3
4053117,3
4053118,3
4053119,3
4053120,3
4053121,3
4053122,3
4053123,3
4053124,3
4053125,3
4053126,3
4053127,3
4053128,3
4053129,3
4053130,3
4053131,3
4053132,3
4053133,3
4053134,3
4053135,3
4053136,3
4053137,3
4053138,3
4053139,3
4053140,3
4053141,3
4053142,3
4053143,3
4053144,3
4053145,3
4053146,3
4053147,3
4053148,3
4053149,3
4053150,3
4053151,3
4053152,3
4053153,3
4053154,3
4053155,3
4053156,3
4053157,3
4053158,3
4053159,3
4053160,3
4053161,3
4053162,3
4053163,3
4053164,3
4053165,3
4053166,3
4053167,3
4053168,3
4053169,3
4053170,3
4053171,3
4053172,3
4053173,3
4053174,3
4053175,3
4053176,3
4053177,3
4053178,3
4053179,3
4053180,3
4053181,3
4053182,3
4053183,3
4053184,3
4053185,3
4053186,3
4053187,3
4053188,3
4053189,3
4053190,3
4053191,3
4053192,3
4053193,3
4053194,3
4053195,3
4053196,3
4053197,3
4053198,3
4053199,3
4053200,3
4053201,3
4053202,3
4053203,3
4053204,3
4053205,3
4053206,3
4053207,3
4053208,3
4053209,3
4053210,3
4053211,3
4053212,3
4053213,3
4053214,3
4053215,3
4053216,3
4053217,3
4053218,3
4053219,3
4053220,3
4053221,3
4053222,3
4053223,3
4053224,3
4053225,3
4053226,3
4053227,3
4053228,3
4053229,3
4053230,3
4053231,3
4053232,3
4053233,3
4053234,3
4053235,3
4053236,3
4053237,3
4053238,3
4053239,3
4053240,3
4053241,3
4053242,3
4053243,3
4053244,3
4053245,3
4053246,3
4053247,3
4053248,3
4053249,3
4053250,3
4053251,3
4053252,3
4053253,3
4053254,3
4053255,3
4053256,3
4053257,3
4053258,3
4053259,3
4053260,3
4053261,3
4053262,3
4053263,3
4053264,3
4053265,3
4053266,3
4053267,3
4053268,3
4053269,3
4053270,3
4053271,3
4053272,3
4053273,3
4053274,3
4053275,3
4053276,3
4053277,3
4053278,3
4053279,3
4053280,3
4053281,3
4053282,3
4053283,3
4053284,3
4053285,3
4053286,3
4053287,3
4053288,3
4053289,3
4053290,3
4053291,3
4053292,3
4053293,3
4053294,3
4053295,3
4053296,3
4053297,3
4053298,3
4053299,3
4053300,3
4053301,3
4053302,3
4053303,3
4053304,3
4053305,3
4053306,3
4053307,3
4053308,3
4053309,3
4053310,3
4053311,3
4053312,3
4053313,3
4053314,3
4053315,3
4053316,3
4053317,3
4053318,3
4053319,3
4053320,3
4053321,3
4053322,3
4053323,3
4053324,3
4053325,3
4053326,3
4053327,3
4053328,3
4053329,3
4053330,3
4053331,3
4053332,3
4053333,3
4053334,3
4053335,3
4053336,3
4053337,3
4053338,3
4053339,3
4053340,3
4053341,3
4053342,3
4053343,3
4053344,3
4053345,3
4053346,3
4053347,3
4053348,3
4053349,3
4053350,3
4053351,3
4053352,3
4053353,3
4053354,3
4053355,3
4053356,3
4053357,3
4053358,3
4053359,3
4053360,3
4053361,3
4053362,3
4053363,3
4053364,3
4053365,3
4053366,3
4053367,3
4053368,3
4053369,3
4053370,3
4053371,3
4053372,3
4053373,3
4053374,3
4053375,3
4053376,3
4053377,3
4053378,3
4053379,3
4053380,3
4053381,3
4053382,3
4053383,3
4053384,3
4053385,3
4053386,3
4053387,3
4053388,3
4053389,3
4053390,3
4053391,3
4053392,3
4053393,3
4053394,3
4053395,3
4053396,3
4053397,3
4053398,3
4053399,3
4053400,3
4053401,3
4053402,3
4053403,3
4053404,3
4053405,3
4053406,3
4053407,3
4053408,3
4053409,3
4053410,3
4053411,3
4053412,3
4053413,3
4053414,3
4053415,3
4053416,3
4053417,3
4053418,3
4053419,3
4053420,3
4053421,3
4053422,3
4053423,3
4053424,3
4053425,3
4053426,3
4053427,3
4053428,3
4053429,3
4053430,3
4053431,3
4053432,3
4053433,3
4053434,3
4053435,3
4053436,3
4053437,3
4053438,3
4053439,3
4053440,3
4053441,3
4053442,3
4053443,3
4053444,3
4053445,3
4053446,3
4053447,3
4053448,3
4053449,3
4053458,3
4053473,3
4053474,3
4053480,1
4053481,1
4053495,4
4053496,4
4053497,4
4053498,4
4053519,4
4053520,4
4053526,3
4053527,3
4053528,3
4055872,3
4055873,3
4055874,3
4055876,3
4055877,3
4055878,3
4055879,3
4055880,3
4055958,"0,3"
4055965,0
4055995,3
4056067,3
4056150,3
4056181,0
4056217,3
4056354,3
4056355,3
4056356,3
4056357,3
4056358,3
4056359,3
4056360,3
4118525,3
4118526,3
4118527,3
4118540,3
4118541,3
4118542,3
4118543,3
4118544,3
4118545,3
4118546,3
4118547,0
4118548,0
4118580,3
4118581,3
4118632,3
4118633,3
4118637,3
4118638,3
4118639,3
4118640,3
4118641,3
4118642,3
4118643,3
4118644,3
4118645,3
4118646,3
4118647,3
4118648,3
4118649,3
4118650,3
4118651,3
4118652,3
4118653,3
4118654,3
4118655,3
4118656,3
4118657,3
4118658,3
4118659,3
4118660,3
4118661,3
4118663,0
4118664,0
4118666,0
4118667,0
4118668,0
4118669,0
4118670,0
4118671,0
4118672,0
4118675,0
4118676,0
4118678,0
4118679,0
4118680,0
4118693,0
4118694,0
4118695,3
4118697,3
4118698,3
4118704,3
4118705,3
4118706,3
4118708,3
4118709,3
4118710,3
4118711,3
4118714,3
4118715,3
4118716,3
4118793,3
4118794,3
4118797,3
4118800,3
4118801,3
4118802,3
4118803,3
4118804,3
4118805,3
4118806,3
4118807,3
4118808,3
4118809,3
4118810,3
4118811,3
4118812,3
4118813,3
4118814,3
4118815,3
4118816,3
4118817,3
4118818,3
4118819,3
4118820,3
4118821,3
4118822,3
4118823,3
4118824,3
4118825,3
4118826,3
4118827,3
4118828,3
4118829,3
4118830,3
4118831,3
4118832,3
4118833,3
4118834,3
4118835,3
4118836,3
4118837,3
4118838,3
4118839,3
4118840,3
4118841,3
4118842,3
4118843,3
4118844,3
4118845,3
4118846,3
4118847,3
4118848,3
4118849,3
4118850,3
4118851,3
4118852,3
4118853,3
4118854,3
4118855,3
4118856,3
4118857,3
4118858,3
4118859,3
4118860,3
4118861,3
4118862,3
4118863,3
4118864,3
4118865,3
4118866,3
4118867,3
4118868,3
4118869,3
4118870,3
4118871,3
4118872,3
4118873,3
4118874,3
4118875,3
4118876,3
4118877,3
4118878,3
4118879,3
4118880,3
4118881,3
4118882,3
4118883,3
4118884,3
4118885,3
4118886,3
4118887,3
4118888,3
4118889,3
4118890,3
4118891,3
4118892,3
4118893,3
4118894,3
4118895,3
4118896,3
4118897,3
4118898,3
4118899,3
4118900,3
4118901,3
4118902,3
4118903,3
4118904,3
4118905,3
4118906,3
4118907,3
4118908,3
4118909,3
4118910,3
4118911,3
4118912,3
4118913,3
4118914,3
4118915,3
4118916,3
4118917,3
4118918,3
4118919,3
4118920,3
4118921,3
4118922,3
4118923,3
4118924,3
4118925,3
4118926,3
4118927,3
4118928,3
4118929,3
4118930,3
4118931,3
4118932,3
4118933,3
4118934,3
4118935,3
4118936,3
4118937,3
4118938,3
4118939,3
4118940,3
4118941,3
4118942,3
4118943,3
4118944,3
4118945,3
4118946,3
4118947,3
4118948,3
4118949,3
4118950,3
4118951,3
4118952,3
4118953,3
4118954,3
4118955,3
4118956,3
4118957,3
4118958,3
4118959,3
4118960,3
4118961,3
4118962,3
4118963,3
4118964,3
4118965,3
4118966,3
4118967,3
4118968,3
4118969,3
4118970,3
4118971,3
4118972,3
4118973,3
4118974,3
4118975,3
4118976,3
4118977,3
4118978,3
4118979,3
4118980,3
4118981,3
4118982,3
4118983,3
4118984,3
4118985,3
4118986,3
4118987,3
4118988,3
4118989,3
4118990,3
4118991,3
4118992,3
4118993,3
4118994,3
4118995,3
4118996,3
4118997,3
4118998,3
4118999,3
4119000,3
4119001,3
4119002,3
4119003,3
4119004,3
4119005,3
4119006,3
4119007,3
4119008,3
4119009,3
4119010,3
4119011,3
4119012,3
4119013,3
4119014,3
4119015,3
4119016,3
4119017,3
4119018,3
4119019,3
4119020,3
4119021,3
4119022,3
4119023,3
4119024,3
4119025,3
4119026,3
4119027,3
4119028,3
4119029,3
4119030,3
4119031,3
4119032,3
4119033,3
4119034,3
4119035,3
4119036,3
4119037,3
4119038,3
4119039,3
4119040,3
4119041,3
4119042,3
4119043,3
4119044,3
4119045,3
4119046,3
4119047,3
4119048,3
4119049,3
4119050,3
4119051,3
4119052,3
4119053,3
4119054,3
4119055,3
4119056,3
4119057,3
4119058,3
4119059,3
4119060,3
4119061,3
4119062,3
4119063,3
4119064,3
4119065,3
4119066,3
4119067,3
4119068,3
4119069,3
4119070,3
4119071,3
4119072,3
4119073,3
4119074,3
4119075,3
4119076,3
4119077,3
4119078,3
4119079,3
4119080,3
4119081,3
4119082,3
4119083,3
4119084,3
4119085,3
4119086,3
4119087,3
4119088,3
4119089,3
4119090,3
4119091,3
4119092,3
4119093,3
4119094,3
4119095,3
4119096,3
4119097,3
4119098,3
4119099,3
4119100,3
4119101,3
4119102,3
4119103,3
4119104,3
4119105,3
4119106,3
4119107,3
4119108,3
4119109,3
4119110,3
4119111,3
4119112,3
4119113,3
4119114,3
4119115,3
4119116,3
4119117,3
4119118,3
4119119,3
4119120,3
4119121,3
4119122,3
4119123,3
4119124,3
4119125,3
4119126,3
4119127,3
4119128,3
4119129,3
4119130,3
4119131,3
4119132,3
4119133,3
4119134,3
4119135,3
4119136,3
4119137,3
4119138,3
4119139,3
4119140,3
4119141,3
4119142,3
4119143,3
4119144,3
4119145,3
4119146,3
4119147,3
4119148,3
4119149,3
4119150,3
4119151,3
4119152,3
4119153,3
4119154,3
4119155,3
4119156,3
4119157,3
4119158,3
4119159,3
4119160,3
4119161,3
4119162,3
4119163,3
4119164,3
4119165,3
4119166,3
4119167,3
4119168,3
4119169,3
4119170,3
4119171,3
4119172,3
4119173,3
4119174,3
4119175,3
4119176,3
4119177,3
4119178,3
4119179,3
4119180,3
4119181,3
4119182,3
4119183,3
4119184,3
4119185,3
4119186,3
4119187,3
4119188,3
4119189,3
4119190,3
4119191,3
4119192,3
4119193,3
4119194,3
4119195,3
4119196,3
4119197,3
4119198,3
4119199,3
4119200,3
4119201,3
4119202,3
4119203,3
4119204,3
4119205,3
4119206,3
4119207,3
4119208,3
4119209,3
4119210,3
4119211,3
4119212,3
4119213,3
4119214,3
4119215,3
4119216,3
4119217,3
4119218,3
4119219,3
4119220,3
4119221,3
4119222,3
4119223,3
4119224,3
4119225,3
4119226,3
4119227,3
4119228,3
4119229,3
4119230,3
4119231,3
4119232,3
4119233,3
4119234,3
4119235,3
4119236,3
4119237,3
4119238,3
4119239,3
4119240,3
4119241,3
4119242,3
4119243,3
4119244,3
4119245,3
4119246,3
4119247,3
4119248,3
4119249,3
4119250,3
4119251,3
4119252,3
4119253,3
4119254,3
4119255,3
4119256,3
4119257,3
4119258,3
4119259,3
4119260,3
4119261,3
4119262,3
4119263,3
4119264,3
4119265,3
4119266,3
4119267,3
4119268,3
4119269,3
4119270,3
4119271,3
4119272,3
4119273,3
4119274,3
4119275,3
4119276,3
4119277,3
4119278,3
4119279,3
4119280,3
4119281,3
4119282,3
4119283,3
4119284,3
4119285,3
4119286,3
4119287,3
4119288,3
4119289,3
4119290,3
4119291,3
4119292,3
4119293,3
4119294,3
4119295,3
4119296,3
4119297,3
4119298,3
4119299,3
4119300,3
4119301,3
4119302,3
4119303,3
4119304,3
4119305,3
4119306,3
4119307,3
4119308,3
4119309,3
4119310,3
4119311,3
4119312,3
4119313,3
4119314,3
4119315,3
4119316,3
4119317,3
4119318,3
4119319,3
4119320,3
4119321,3
4119322,3
4119323,3
4119324,3
4119325,3
4119326,3
4119327,3
4119328,3
4119329,3
4119330,3
4119331,3
4119332,3
4119333,3
4119334,3
4119335,3
4119336,3
4119337,3
4119338,3
4119339,3
4119340,3
4119341,3
4119342,3
4119343,3
4119344,3
4119345,3
4119346,3
4119347,3
4119348,3
4119349,3
4119350,3
4119351,3
4119352,3
4119353,3
4119354,3
4119355,3
4119356,3
4119357,3
4119358,3
4119359,3
4119360,3
4119361,3
4119362,3
4119363,3
4119364,3
4119365,3
4119366,3
4119367,3
4119368,3
4119369,3
4119370,3
4119371,3
4119372,3
4119373,3
4119374,3
4119375,3
4119376,3
4119377,3
4119378,3
4119379,3
4119380,3
4119381,3
4119382,3
4119383,3
4119384,3
4119385,3
4119386,3
4119387,3
4119388,3
4119389,3
4119390,3
4119391,3
4119392,3
4119393,3
4119394,3
4119395,3
4119396,3
4119397,3
4119398,3
4119399,3
4119400,3
4119401,3
4119402,3
4119403,3
4119404,3
4119405,3
4119406,3
4119407,3
4119408,3
4119409,3
4119410,3
4119411,3
4119412,3
4119413,3
4119414,3
4119415,3
4119416,3
4119417,3
4119418,3
4119419,3
4119420,3
4119421,3
4119422,3
4119423,3
4119424,3
4119425,3
4119426,3
4119427,3
4119428,3
4119429,3
4119430,3
4119431,3
4119432,3
4119433,3
4119434,3
4119435,3
4119436,3
4119437,3
4119438,3
4119439,3
4119440,3
4119441,3
4119442,3
4119443,3
4119444,3
4119445,3
4119446,3
4119447,3
4119448,3
4119449,3
4119450,3
4119451,3
4119452,3
4119454,3
4119456,3
4119457,3
4119458,3
4119461,3
4119463,3
4119464,3
4119473,3
4119474,3
4119475,3
4119477,3
4119479,3
4119480,3
4119481,3
4119482,3
4119483,3
4119484,3
4119485,3
4119486,3
4119487,3
4119488,3
4119489,3
4119490,3
4119491,3
4119492,3
4119493,3
4119494,3
4119496,3
4119497,3
4119498,3
4119499,3
4119500,3
4119501,3
4119502,3
4119503,3
4119504,3
4119505,3
4119506,3
4119507,3
4119508,3
4119509,3
4119510,3
4119511,3
4119512,3
4119513,3
4119514,3
4119515,3
4119516,3
4119517,3
4119518,3
4119519,3
4119520,3
4119521,3
4119522,3
4119523,3
4119524,3
4119525,3
4119526,3
4119527,3
4119528,3
4119529,3
4119530,3
4119531,3
4119532,3
4119533,3
4119534,3
4119535,3
4119536,3
4119537,3
4119538,3
4119539,3
4119540,3
4119541,3
4119542,3
4119543,3
4119544,3
4119545,3
4119546,3
4119548,3
4119550,3
4119551,3
4119552,3
4119553,3
4119554,3
4119555,3
4119556,3
4119557,3
4119558,3
4119559,3
4119560,3
4119561,3
4119562,3
4119563,3
4119564,3
4119565,3
4119566,3
4119567,3
4119568,3
4119569,3
4119570,3
4119571,3
4119572,3
4119573,3
4119574,3
4119575,3
4119576,3
4119578,3
4119579,3
4119580,3
4119581,3
4119582,3
4119583,3
4119585,3
4119586,3
4119587,3
4119588,3
4119589,3
4119591,3
4119592,3
4119593,3
4119595,3
4119596,3
4119597,3
4119598,3
4119599,3
4119600,3
4119601,3
4119602,3
4119603,3
4119604,3
4119605,3
4119606,3
4119607,3
4119609,3
4119610,3
4119611,3
4119612,3
4119613,3
4119614,3
4119615,3
4119616,3
4119617,3
4119618,3
4119619,3
4119620,3
4119621,3
4119622,3
4119624,3
4119625,3
4119626,3
4119627,3
4119628,3
4119629,3
4119630,3
4119631,3
4119632,3
4119633,3
4119634,3
4119635,3
4119636,3
4119638,3
4119639,3
4119640,3
4119641,3
4119642,3
4119643,3
4119646,3
4119647,3
4119648,3
4119649,3
4119650,3
4119651,3
4119652,3
4119653,3
4119654,3
4119656,3
4119657,3
4119658,3
4119659,3
4119660,3
4119662,3
4119663,3
4119664,3
4119665,3
4119666,3
4119667,3
4119668,3
4119669,3
4119670,3
4119671,3
4119672,3
4119673,3
4119674,3
4119675,3
4119676,3
4119677,3
4119678,3
4119679,3
4119680,3
4119681,3
4119682,3
4119683,3
4119684,3
4119685,3
4119686,3
4119687,3
4119688,3
4119689,3
4119690,3
4119691,3
4119692,3
4119693,3
4119694,3
4119695,3
4119696,3
4119697,3
4119698,3
4119699,3
4119700,3
4119701,3
4119702,3
4119704,3
4119705,3
4119706,3
4119707,3
4119708,3
4119709,3
4119710,3
4119711,3
4119712,3
4119713,3
4119714,3
4119715,3
4119716,3
4119717,3
4119718,3
4119719,3
4119720,3
4119721,3
4119722,3
4119723,3
4119724,3
4119725,3
4119726,3
4119727,3
4119728,3
4119729,3
4119730,3
4119731,3
4119732,3
4119733,3
4119734,3
4119735,3
4119736,3
4119737,3
4119738,3
4119739,3
4119740,3
4119741,3
4119742,3
4119743,3
4119744,3
4119745,3
4119746,3
4119747,3
4119748,3
4119749,3
4119750,3
4119751,3
4119752,3
4119753,3
4119754,3
4119755,3
4119756,3
4119757,3
4119758,3
4119759,3
4119760,3
4119761,3
4119762,3
4119763,3
4119764,3
4119765,3
4119766,3
4119767,3
4119768,3
4119769,3
4119770,3
4119771,3
4119772,3
4119773,3
4119774,3
4119775,3
4119776,3
4119777,3
4119778,3
4119779,3
4119780,3
4119781,3
4119782,3
4119783,3
4119784,3
4119785,3
4119786,3
4119787,3
4119788,3
4119789,3
4119790,3
4119791,3
4119792,3
4119793,3
4119794,3
4119795,3
4119796,3
4119797,3
4119798,3
4119799,3
4119800,3
4119801,3
4119802,3
4119803,3
4119804,3
4119805,3
4119806,3
4119807,3
4119808,3
4119809,3
4119810,3
4119811,3
4119812,3
4119813,3
4119814,3
4119815,3
4119817,3
4119818,3
4119819,3
4119820,3
4119821,3
4119822,3
4119823,3
4119824,3
4119825,3
4119826,3
4119827,3
4119828,3
4119829,3
4119830,3
4119831,3
4119832,3
4119833,3
4119834,3
4119835,3
4119836,3
4119837,3
4119839,3
4119840,3
4119841,3
4119842,3
4119843,3
4119844,3
4119845,3
4119846,3
4119847,3
4119848,3
4119850,3
4119851,3
4119852,3
4119853,3
4119854,3
4119855,3
4119856,3
4119857,3
4119858,3
4119859,3
4119860,3
4119861,3
4119862,3
4119863,3
4119864,3
4119865,3
4119866,3
4119867,3
4119868,3
4119869,3
4119870,3
4119871,3
4119872,3
4119873,3
4119874,3
4119875,3
4119876,3
4119877,3
4119878,3
4119879,3
4119880,3
4119881,3
4119882,3
4119883,3
4119884,3
4119885,3
4119886,3
4119887,3
4119888,3
4119889,3
4119890,3
4119891,3
4119893,3
4119894,3
4119895,3
4119896,3
4119899,3
4119902,3
4119905,3
4119908,3
4119909,3
4119910,3
4119913,3
4119918,3
4119919,3
4119920,3
4119925,3
4119927,3
4119928,3
4119929,3
4119933,3
4119934,3
4119935,3
4119936,3
4119940,3
4119941,3
4119942,3
4119943,3
4119944,3
4119945,3
4119946,3
4119947,3
4119948,3
4119949,3
4119950,3
4119951,3
4119952,3
4119953,3
4119954,3
4119955,3
4119956,3
4119957,3
4119958,3
4119959,3
4119960,3
4119961,3
4119962,3
4119963,3
4119964,3
4119965,3
4119966,3
4119967,3
4119968,3
4119969,3
4119970,3
4119971,3
4119972,3
4119973,3
4119974,3
4119975,3
4119976,3
4119977,3
4119978,3
4119979,3
4119980,3
4119981,3
4119982,3
4119983,3
4119984,3
4119985,3
4119986,3
4119987,3
4119988,3
4119989,3
4119990,3
4119991,3
4119992,3
4119993,3
4119994,3
4119995,3
4119996,3
4119997,3
4119998,3
4119999,3
4120000,3
4120001,3
4120002,3
4120003,3
4120004,3
4120005,3
4120006,3
4120007,3
4120008,3
4120009,3
4120011,3
4120014,3
4120015,3
4120016,3
4120017,3
4120019,3
4120020,3
4120021,3
4120024,3
4120027,3
4120028,3
4120029,3
4120030,3
4120031,3
4120032,3
4120033,3
4120034,3
4120035,3
4120036,3
4120038,3
4120039,3
4120040,3
4120041,3
4120043,3
4120044,3
4120045,3
4120046,3
4120047,3
4120048,3
4120049,3
4120050,3
4120051,3
4120052,3
4120053,3
4120054,3
4120055,3
4120056,3
4120057,3
4120058,3
4120059,3
4120060,3
4120061,3
4120062,3
4120063,3
4120064,3
4120065,3
4120066,3
4120067,3
4120068,3
4120069,3
4120070,3
4120071,3
4120072,3
4120073,3
4120074,3
4120075,3
4120076,3
4120077,3
4120078,3
4120079,3
4120080,3
4120081,3
4120082,3
4120083,3
4120084,3
4120085,3
4120086,3
4120087,3
4120088,3
4120089,3
4120090,3
4120091,3
4120092,3
4120094,3
4120095,3
4120096,3
4120097,3
4120098,3
4120099,3
4120100,3
4120101,3
4120102,3
4120103,3
4120104,3
4120105,3
4120106,3
4120107,3
4120108,3
4120109,3
4120110,3
4120111,3
4120112,3
4120113,3
4120114,3
4120115,3
4120116,3
4120117,3
4120118,3
4120119,3
4120120,3
4120121,3
4120122,3
4120124,3
4120125,3
4120126,3
4120127,3
4120129,3
4120130,3
4120131,3
4120132,3
4120133,3
4120134,3
4120135,3
4120136,3
4120137,3
4120138,3
4120139,3
4120140,3
4120141,3
4120142,3
4120143,3
4120144,3
4120145,3
4120146,3
4120147,3
4120148,3
4120149,3
4120150,3
4120151,3
4120152,3
4120153,3
4120154,3
4120155,3
4120156,3
4120157,3
4120158,3
4120159,3
4120160,3
4120161,3
4120162,3
4120163,3
4120164,3
4120165,3
4120166,3
4120167,3
4120168,3
4120169,3
4120170,3
4120171,3
4120172,3
4120173,3
4120174,3
4120175,3
4120176,3
4120177,3
4120178,3
4120179,3
4120180,3
4120181,3
4120182,3
4120183,3
4120184,3
4120185,3
4120186,3
4120187,3
4120188,3
4120189,3
4120190,3
4120191,3
4120192,3
4120193,3
4120194,3
4120195,3
4120196,3
4120197,3
4120198,3
4120199,3
4120200,3
4120201,3
4120202,3
4120203,3
4120204,3
4120205,3
4120206,3
4120207,3
4120208,3
4120209,3
4120210,3
4120211,3
4120212,3
4120213,3
4120214,3
4120215,3
4120216,3
4120217,3
4120218,3
4120219,3
4120220,3
4120221,3
4120222,3
4120223,3
4120224,3
4120225,3
4120226,3
4120227,3
4120228,3
4120229,3
4120230,3
4120231,3
4120232,3
4120233,3
4120234,3
4120235,3
4120236,3
4120237,3
4120238,3
4120239,3
4120240,3
4120241,3
4120242,3
4120243,3
4120244,3
4120245,3
4120246,3
4120247,3
4120248,3
4120249,3
4120250,3
4120251,3
4120252,3
4120253,3
4120254,3
4120255,3
4120256,3
4120257,3
4120258,3
4120259,3
4120260,3
4120261,3
4120262,3
4120263,3
4120264,3
4120265,3
4120266,3
4120267,3
4120268,3
4120269,3
4120270,3
4120271,3
4120272,3
4120273,3
4120274,3
4120275,3
4120276,3
4120277,3
4120278,3
4120279,3
4120280,3
4120281,3
4120282,3
4120283,3
4120284,3
4120285,3
4120286,3
4120287,3
4120288,3
4120289,3
4120290,3
4120291,3
4120292,3
4120293,3
4120294,3
4120295,3
4120296,3
4120297,3
4120298,3
4120299,3
4120300,3
4120301,3
4120302,3
4120303,3
4120304,3
4120305,3
4120306,3
4120307,3
4120308,3
4120309,3
4120310,3
4120311,3
4120312,3
4120313,3
4120314,3
4120315,3
4120316,3
4120317,3
4120318,3
4120319,3
4120320,3
4120321,3
4120322,3
4120323,3
4120324,3
4120325,3
4120326,3
4120328,3
4120329,3
4120330,3
4120331,3
4120332,3
4120333,3
4120334,3
4120336,3
4120337,3
4120338,3
4120339,3
4120340,3
4120341,3
4120342,3
4120343,3
4120344,3
4120345,3
4120346,3
4120347,3
4120348,3
4120349,3
4120350,3
4120351,3
4120352,3
4120353,3
4120354,3
4120355,3
4120356,3
4120357,3
4120358,3
4120359,3
4120360,3
4120361,3
4120362,3
4120363,3
4120364,3
4120365,3
4120366,3
4120367,3
4120368,3
4120374,3
4120378,3
4120379,3
4120380,3
4120382,3
4120383,3
4120384,3
4120391,3
4120392,3
4120393,3
4120394,3
4120395,3
4120396,3
4120398,3
4120399,3
4120400,3
4120401,3
4120402,3
4120403,3
4120404,3
4120405,3
4120406,3
4120407,3
4120408,3
4120409,3
4120410,3
4120411,3
4120412,3
4120413,3
4120414,3
4120415,3
4120416,3
4120417,3
4120418,3
4120419,3
4120420,3
4120421,3
4120422,3
4120423,3
4120424,3
4120425,3
4120426,3
4120427,3
4120428,3
4120429,3
4120430,3
4120431,3
4120432,3
4120433,3
4120434,3
4120435,3
4120436,3
4120437,3
4120438,3
4120439,3
4120440,3
4120441,3
4120442,3
4120443,3
4120444,3
4120445,3
4120446,3
4120447,3
4120448,3
4120449,3
4120450,3
4120451,3
4120452,3
4120453,3
4120454,3
4120455,3
4120456,3
4120457,3
4120458,3
4120459,3
4120460,3
4120461,3
4120462,3
4120463,3
4120464,3
4120465,3
4120466,3
4120467,3
4120468,3
4120469,3
4120470,3
4120471,3
4120472,3
4120473,3
4120474,3
4120475,3
4120476,3
4120477,3
4120478,3
4120479,3
4120480,3
4120481,3
4120482,3
4120483,3
4120484,3
4120485,3
4120486,3
4120487,3
4120488,3
4120489,3
4120490,3
4120491,3
4120492,3
4120493,3
4120494,3
4120495,3
4120496,3
4120497,3
4120498,3
4120499,3
4120500,3
4120501,3
4120502,3
4120503,3
4120504,3
4120505,3
4120506,3
4120507,3
4120508,3
4120509,3
4120510,3
4120511,3
4120512,3
4120513,3
4120514,3
4120515,3
4120516,3
4120517,3
4120518,3
4120519,3
4120520,3
4120521,3
4120522,3
4120523,3
4120524,3
4120525,3
4120526,3
4120527,3
4120528,3
4120529,3
4120530,3
4120531,3
4120532,3
4120533,3
4120534,3
4120535,3
4120536,3
4120537,3
4120538,3
4120539,3
4120540,3
4120541,3
4120542,3
4120543,3
4120544,3
4120545,3
4120546,3
4120547,3
4120548,3
4120549,3
4120550,3
4120551,3
4120552,3
4120553,3
4120554,3
4120555,3
4120556,3
4120557,3
4120558,3
4120559,3
4120560,3
4120561,3
4120562,3
4120563,3
4120564,3
4120565,3
4120566,3
4120567,3
4120568,3
4120569,3
4120570,3
4120571,3
4120572,3
4120573,3
4120574,3
4120575,3
4120576,3
4120577,3
4120578,3
4120579,3
4120580,3
4120581,3
4120582,3
4120583,3
4120584,3
4120585,3
4120586,3
4120587,3
4120588,3
4120589,3
4120590,3
4120591,3
4120592,3
4120593,3
4120594,3
4120595,3
4120596,3
4120597,3
4120598,3
4120599,3
4120600,3
4120601,3
4120602,3
4120603,3
4120604,3
4120605,3
4120606,3
4120607,3
4120608,3
4120609,3
4120610,3
4120611,3
4120612,3
4120613,3
4120614,3
4120615,3
4120616,3
4120617,3
4120618,3
4120619,3
4120620,3
4120621,3
4120622,3
4120623,3
4120624,3
4120625,3
4120626,3
4120627,3
4120628,3
4120629,3
4120630,3
4120631,3
4120632,3
4120633,3
4120634,3
4120635,3
4120636,3
4120637,3
4120638,3
4120639,3
4120640,3
4120641,3
4120642,3
4120643,3
4120644,3
4120645,3
4120646,3
4120647,3
4120648,3
4120649,3
4120650,3
4120651,3
4120652,3
4120653,3
4120654,3
4120655,3
4120656,3
4120657,3
4120658,3
4120659,3
4120660,3
4120661,3
4120662,3
4120663,3
4120664,3
4120665,3
4120666,3
4120667,3
4120668,3
4120669,3
4120670,3
4120671,3
4120672,3
4120673,3
4120674,3
4120675,3
4120676,3
4120677,3
4120678,3
4120679,3
4120680,3
4120681,3
4120682,3
4120683,3
4120684,3
4120685,3
4120686,3
4120687,3
4120688,3
4120689,3
4120690,3
4120691,3
4120692,3
4120693,3
4120694,3
4120695,3
4120696,3
4120697,3
4120698,3
4120699,3
4120700,3
4120701,3
4120702,3
4120703,3
4120704,3
4120705,3
4120706,3
4120707,3
4120708,3
4120709,3
4120710,3
4120711,3
4120712,3
4120713,3
4120714,3
4120715,3
4120716,3
4120717,3
4120718,3
4120719,3
4120720,3
4120721,3
4120722,3
4120723,3
4120724,3
4120725,3
4120726,3
4120727,3
4120728,3
4120729,3
4120730,3
4120731,3
4120732,3
4120733,3
4120734,3
4120735,3
4120736,3
4120737,3
4120738,3
4120739,3
4120740,3
4120741,3
4120742,3
4120743,3
4120744,3
4120745,3
4120746,3
4120747,3
4120748,3
4120749,3
4120750,3
4120751,3
4120752,3
4120753,3
4120754,3
4120755,3
4120756,3
4120757,3
4120758,3
4120759,3
4120760,3
4120761,3
4120762,3
4120763,3
4120764,3
4120765,3
4120766,3
4120767,3
4120768,3
4120771,3
4120773,3
4120774,3
4120775,3
4120776,3
4120777,3
4120778,3
4120779,3
4120780,3
4120781,3
4120782,3
4120783,3
4120784,3
4120785,3
4120787,3
4120788,3
4120789,3
4120790,3
4120791,3
4120792,3
4120793,3
4120794,3
4120795,3
4120796,3
4120797,3
4120798,3
4120799,3
4120800,3
4120801,3
4120802,3
4120803,3
4120804,3
4120805,3
4120806,3
4120810,3
4120811,3
4120812,3
4120813,3
4120817,3
4120818,3
4120819,3
4120820,3
4120825,3
4120826,3
4120827,3
4120828,3
4120830,3
4120831,3
4120832,3
4120833,3
4120834,3
4120835,3
4120836,3
4120837,3
4120839,3
4120840,3
4120847,3
4120848,3
4120849,3
4120850,3
4120851,3
4120852,3
4120854,3
4120855,3
4120856,3
4120857,3
4120859,3
4120860,3
4120861,3
4120862,3
4120863,3
4120864,3
4120865,3
4120866,3
4120867,3
4120868,3
4120869,3
4120870,3
4120871,3
4120872,3
4120873,3
4120874,3
4120875,3
4120876,3
4120877,3
4120878,3
4120879,3
4120880,3
4120881,3
4120882,3
4120883,3
4120884,3
4120885,3
4120886,3
4120887,3
4120888,3
4120889,3
4120890,3
4120891,3
4120892,3
4120893,3
4120894,3
4120895,3
4120896,3
4120897,3
4120899,3
4120900,3
4120927,3
4120928,3
4120929,3
4120930,3
4120931,3
4120932,3
4120933,3
4120934,3
4120935,3
4120936,3
4120937,3
4120938,3
4120939,3
4120940,3
4120941,3
4120942,3
4120943,3
4120944,3
4120945,3
4120946,3
4120947,3
4120948,3
4120949,3
4120950,3
4120951,3
4120952,3
4120953,3
4120954,3
4120955,3
4120956,3
4120957,3
4120958,3
4120959,3
4120960,3
4120961,3
4120962,3
4120963,3
4120964,3
4120965,3
4120969,3
4120972,3
4120973,3
4120974,3
4120976,3
4120981,3
4120982,3
4120983,3
4120984,3
4120985,3
4120986,3
4120987,3
4120988,3
4120989,3
4120990,3
4120991,3
4120993,3
4120998,3
4121003,3
4121007,3
4121008,3
4121009,3
4121013,3
4121014,3
4121015,3
4121017,3
4121019,3
4121020,3
4121021,3
4121022,3
4121023,3
4121024,3
4121025,3
4121026,3
4121027,3
4121028,3
4121029,3
4121030,3
4121031,3
4121032,3
4121033,3
4123113,3
4123359,3
4125314,3
4125316,3
4125317,3
4125318,3
4125319,3
4125320,3
4125321,3
4125322,3
4125323,3
4125324,3
4125325,3
4125326,3
4125327,3
4126405,3
4126406,3
4126420,3
4126421,3
4126450,0
4126451,3
4126452,3
4126453,3
4126454,3
4126455,3
4126456,3
4126457,3
4126458,3
4126459,3
4126460,3
4126461,3
4126462,3
4126463,3
4126464,3
4126465,3
4126466,3
4126467,3
4126468,3
4126469,3
4126470,3
4126471,3
4126472,3
4126473,3
4126474,3
4126475,3
4126476,3
4126477,3
4126479,3
4126480,3
4126482,3
4126483,3
4126484,3
4126485,3
4126486,3
4126487,3
4126488,3
4126489,3
4126490,3
4126491,3
4126492,3
4126493,3
4126494,3
4126495,3
4126496,3
4126497,3
4126498,3
4126499,3
4126500,3
4126501,3
4126502,3
4126503,3
4126504,3
4126505,3
4126506,3
4126507,3
4126511,3
4126512,3
4126513,3
4126514,3
4126515,3
4126516,3
4126517,3
4126518,3
4126519,3
4126520,3
4126521,3
4126522,3
4126523,3
4126524,3
4126525,3
4126526,3
4126527,3
4126528,3
4126529,3
4126530,3
4126531,3
4126532,3
4126533,3
4126534,3
4126535,3
4126536,3
4126537,3
4126538,3
4126539,3
4126540,3
4126541,3
4126542,3
4126543,3
4126544,3
4126545,3
4126546,3
4126547,3
4126548,3
4126549,3
4126550,3
4126551,3
4126552,3
4126553,3
4126554,3
4126555,3
4126556,3
4126558,3
4126559,3
4126560,3
4126561,3
4126562,3
4126563,3
4126564,3
4126565,3
4126566,3
4126567,3
4126568,3
4126569,3
4126570,3
4126571,3
4126572,3
4126573,3
4126574,3
4126575,3
4126576,3
4126577,3
4126578,3
4126579,3
4126580,3
4126581,3
4126582,3
4126583,3
4126584,3
4126585,3
4126586,3
4126587,3
4126588,3
4126589,3
4126590,3
4126591,3
4126592,3
4126593,3
4126594,3
4126595,3
4126596,3
4126597,3
4126598,3
4126599,3
4126600,3
4126601,3
4126602,3
4126603,3
4126604,3
4126605,3
4126606,3
4126607,3
4126608,3
4126609,3
4126610,3
4126611,3
4126612,3
4126613,3
4126614,3
4126615,3
4126616,3
4126617,3
4126618,3
4126619,3
4126622,3
4126623,3
4126624,3
4126625,3
4126626,3
4126627,3
4126628,3
4126629,3
4126630,3
4126631,3
4126632,3
4126633,3
4126634,3
4126635,3
4126637,3
4126638,3
4126639,3
4126640,3
4126641,3
4126642,3
4126643,3
4126644,3
4126645,3
4126646,3
4126647,3
4126648,3
4126649,3
4126650,3
4126651,3
4126652,3
4126653,3
4126654,3
4126655,3
4126656,3
4126657,3
4126658,3
4126659,3
4126660,3
4126661,3
4126662,3
4126663,3
4126664,3
4126665,3
4126666,3
4126667,3
4126668,3
4126669,3
4126670,3
4126671,3
4126672,3
4126673,3
4126674,3
4126675,3
4126676,3
4126677,3
4126678,3
4126679,3
4126680,3
4126681,3
4126682,3
4126683,3
4126684,3
4126685,3
4126686,3
4126687,3
4126688,3
4126689,3
4126690,3
4126691,3
4126692,3
4126693,3
4126694,3
4126695,3
4126696,3
4126697,3
4126698,3
4126699,3
4126700,3
4126701,3
4126702,3
4126703,3
4126704,3
4126705,3
4126706,3
4126707,3
4126708,3
4126709,3
4126710,3
4126711,3
4126712,3
4126713,3
4126714,3
4126715,3
4126717,3
4126718,3
4126719,3
4126720,3
4126721,3
4126722,3
4126723,3
4126724,3
4126725,3
4126726,3
4126727,3
4126728,3
4126729,3
4126730,3
4126731,3
4126732,3
4126733,3
4126734,3
4126735,3
4126736,3
4126737,3
4126738,3
4126739,3
4126740,3
4126741,3
4126742,3
4126743,3
4126744,3
4126745,3
4126746,3
4126747,3
4126748,3
4126749,3
4126750,3
4126751,3
4126752,3
4126753,3
4126754,3
4126755,3
4126756,3
4126757,3
4126758,3
4126759,3
4126760,3
4126761,3
4126762,3
4126763,3
4126764,3
4126765,3
4126766,3
4126767,3
4126768,3
4126769,3
4126770,3
4126771,3
4126772,3
4126773,3
4126774,3
4126775,3
4126776,3
4126777,3
4126778,3
4126779,3
4126780,3
4126781,3
4126782,3
4126783,3
4126784,3
4126785,3
4126786,3
4126787,3
4126788,3
4126789,3
4126790,3
4126791,3
4126792,3
4126793,3
4126794,3
4126795,3
4126796,3
4126797,3
4126798,3
4126799,3
4126800,3
4126801,3
4126802,3
4126803,3
4126804,3
4126805,3
4126806,3
4126807,3
4126808,3
4126809,3
4126810,3
4126811,3
4126812,3
4126813,3
4126814,3
4126815,3
4126816,3
4126817,3
4126818,3
4126819,3
4126820,3
4126821,3
4126822,3
4126823,3
4126824,3
4126825,3
4126826,3
4126827,3
4126828,3
4126829,3
4126830,3
4126831,3
4126832,3
4126833,3
4126834,3
4126835,3
4126842,3
4126843,3
4126844,3
4126845,3
4126846,3
4126851,3
4126852,3
4126853,3
4126854,3
4126855,3
4126856,3
4126857,3
4126858,3
4126859,3
4126860,3
4126861,3
4126862,3
4126863,3
4126864,3
4126865,3
4126866,3
4126867,3
4126868,3
4126869,3
4126870,3
4126871,3
4126872,3
4126873,3
4126874,3
4126875,3
4126876,3
4126877,3
4126878,3
4126879,3
4126880,3
4126881,3
4126882,3
4126883,3
4126884,3
4126885,3
4126886,3
4126887,3
4126888,3
4126889,3
4126890,3
4126891,3
4126892,3
4126893,3
4126894,3
4126895,3
4126896,3
4126897,3
4126898,3
4126899,3
4126900,3
4126901,3
4126902,3
4126903,3
4126904,3
4126905,3
4126906,3
4126907,3
4126908,3
4126909,3
4126910,3
4126911,3
4126912,3
4126913,3
4126914,3
4126915,3
4126916,3
4126917,3
4126918,3
4126919,3
4126920,3
4126921,3
4126922,3
4126923,3
4126924,3
4126925,3
4126926,3
4126927,3
4126928,3
4126929,3
4126930,3
4126931,3
4126932,3
4126933,3
4126934,3
4126935,3
4126936,3
4126937,3
4126938,3
4126939,3
4126940,3
4126941,3
4126942,3
4126943,3
4126944,3
4126945,3
4126946,3
4126947,3
4126948,3
4126949,3
4126950,3
4126951,3
4126952,3
4126953,3
4126962,3
4126963,3
4126964,3
4126965,3
4126966,3
4126967,3
4126968,3
4126969,3
4126970,3
4126971,3
4126972,3
4126977,3
4126978,3
4126979,3
4126980,3
4126981,3
4126982,3
4126983,3
4126984,3
4126985,3
4126986,3
4126987,3
4126988,3
4126989,3
4126990,3
4126991,3
4126992,3
4126993,3
4126994,3
4126995,3
4126996,3
4126997,3
4126998,3
4126999,3
4127000,3
4127001,3
4127002,3
4127003,3
4127004,3
4127005,3
4127006,3
4127007,3
4127008,3
4127009,3
4127010,3
4127011,3
4127012,3
4127013,3
4127014,3
4127015,3
4127016,3
4127017,3
4127018,3
4127022,3
4127023,3
4127024,3
4127025,3
4127026,3
4127027,3
4127028,3
4127029,3
4127030,3
4127031,3
4127032,3
4127033,3
4127034,3
4127035,3
4127036,3
4127037,3
4127038,3
4127039,3
4127040,3
4127041,3
4127042,3
4127043,3
4127044,3
4127045,3
4127046,3
4127047,3
4127048,3
4127049,3
4127050,3
4127051,3
4127052,3
4127053,3
4127054,3
4127055,3
4127056,3
4127057,3
4127058,3
4127059,3
4127060,3
4127061,3
4127062,3
4127063,3
4127064,3
4127065,3
4127066,3
4127067,3
4127068,3
4127069,3
4127070,3
4127071,3
4127072,3
4127073,3
4127074,3
4127075,3
4127076,3
4127077,3
4127078,3
4127079,3
4127080,3
4127081,3
4127082,3
4127083,3
4127084,3
4127085,3
4127086,3
4127087,3
4127088,3
4127089,3
4127090,3
4127091,3
4127092,3
4127093,3
4127094,3
4127095,3
4127096,3
4127097,3
4127098,3
4127099,3
4127100,3
4127101,3
4127102,3
4127103,3
4127104,3
4127105,3
4127106,3
4127107,3
4127108,3
4127109,3
4127110,3
4127111,3
4127112,3
4127113,3
4127114,3
4127115,3
4127116,3
4127117,3
4127118,3
4127119,3
4127120,3
4127121,3
4127122,3
4127123,3
4127124,3
4127125,3
4127126,3
4127127,3
4127128,3
4127129,3
4127130,3
4127131,3
4127132,3
4127133,3
4127134,3
4127135,3
4127136,3
4127137,3
4127138,3
4127139,3
4127140,3
4127141,3
4127142,3
4127143,3
4127144,3
4127145,3
4127146,3
4127147,3
4127148,3
4127149,3
4127150,3
4127151,3
4127152,3
4127153,3
4127154,3
4127155,3
4127156,3
4127157,3
4127158,3
4127159,3
4127160,3
4127161,3
4127162,3
4127164,3
4127165,3
4127168,3
4127169,3
4127170,3
4127171,3
4127172,3
4127173,3
4127186,3
4127187,3
4127188,3
4127189,3
4127190,3
4127191,3
4127192,3
4127193,3
4127234,3
4127235,3
4127236,3
4127237,3
4127240,3
4127241,3
4127244,3
4127245,3
4127246,3
4127247,3
4127248,3
4127249,3
4127250,3
4127251,3
4127252,3
4127253,3
4127254,3
4127255,3
4127256,3
4127257,3
4127258,3
4127259,3
4127260,3
4127261,3
4127262,3
4127263,3
4127264,3
4127265,3
4127266,3
4127267,3
4127268,3
4127269,3
4127270,3
4127271,3
4127272,3
4127273,3
4127274,3
4127275,3
4127276,3
4127277,3
4127278,3
4127287,3
4127288,3
4127289,3
4127290,3
4127291,3
4127292,3
4127293,3
4127294,3
4127295,3
4127296,3
4127297,3
4127298,3
4127299,3
4127300,3
4127301,3
4127302,3
4127303,3
4127304,3
4127305,3
4127306,3
4127307,3
4127308,3
4127309,3
4127310,3
4127311,3
4127312,3
4127313,3
4127314,3
4127315,3
4127316,3
4127317,3
4127318,3
4127319,3
4127320,3
4127321,3
4127322,3
4127323,3
4127324,3
4127325,3
4127326,3
4127327,3
4127328,3
4127329,3
4127330,3
4127331,3
4127332,3
4127333,3
4127334,3
4127335,3
4127336,3
4127337,3
4127338,3
4127339,3
4127340,3
4127341,3
4127342,3
4127359,3
4127360,3
4127361,3
4127362,3
4127363,3
4127364,3
4127365,3
4127366,3
4127367,3
4127368,3
4127369,3
4127370,3
4127371,3
4127372,3
4127373,3
4127374,3
4127375,3
4127376,3
4127377,3
4127378,3
4127379,3
4127380,3
4127381,3
4127382,3
4127383,3
4127384,3
4127385,3
4127386,3
4127387,3
4127388,3
4127389,3
4127390,3
4127391,3
4127392,3
4127393,3
4127394,3
4127395,3
4127396,3
4127397,3
4127398,3
4127399,3
4127400,3
4127401,3
4127402,3
4127403,3
4127404,3
4127405,3
4127406,3
4127407,3
4127408,3
4127409,3
4127410,3
4127411,3
4127412,3
4127413,3
4127414,3
4127415,3
4127416,3
4127431,3
4127432,3
4127445,3
4127446,3
4127447,3
4127448,3
4127449,3
4127450,3
4127451,3
4127452,3
4127453,3
4127454,3
4127455,3
4127456,3
4127457,3
4127459,3
4127460,3
4127461,3
4127462,3
4127463,3
4127464,3
4127465,3
4127466,3
4127467,3
4127468,3
4127469,3
4127470,3
4127471,3
4127472,3
4127473,3
4127474,3
4127475,3
4127476,3
4127477,3
4127478,3
4127479,3
4127480,3
4127481,3
4127482,3
4127483,3
4127484,3
4127485,3
4127486,3
4127487,3
4127488,3
4127489,3
4127490,3
4127491,3
4127492,3
4127493,3
4127494,3
4127495,3
4127496,3
4127497,3
4127498,3
4127499,3
4127500,3
4127501,3
4127502,3
4127503,3
4127504,3
4127505,3
4127506,3
4127507,3
4127508,3
4127509,3
4127510,3
4127511,3
4127512,3
4127513,3
4127514,3
4127515,3
4127516,3
4127517,3
4127518,3
4127519,3
4127520,3
4127521,3
4127522,3
4127523,3
4127524,3
4127525,3
4127526,3
4127527,3
4127528,3
4127529,3
4127530,3
4127531,3
4127532,3
4127533,3
4127534,3
4127535,3
4127536,3
4127537,3
4127538,3
4127539,3
4127540,3
4127541,3
4127564,3
4127565,3
4127566,3
4127567,3
4127568,3
4127569,3
4127570,3
4127571,3
4127572,3
4127573,3
4127574,3
4127575,3
4127576,3
4127577,3
4127578,3
4127579,3
4127580,3
4127581,3
4127582,3
4127583,3
4127584,3
4127585,3
4127586,3
4127587,3
4127588,3
4127589,3
4127590,3
4127591,3
4127592,3
4127593,3
4127594,3
4127595,3
4127596,3
4127597,3
4127598,3
4127599,3
4127600,3
4127601,3
4127602,3
4127603,3
4127604,3
4127605,3
4127606,3
4127607,3
4127608,3
4127609,3
4127610,3
4127611,3
4127612,3
4127613,3
4127614,3
4127615,3
4127616,3
4127617,3
4127618,3
4127619,3
4127621,3
4127622,3
4127623,3
4127624,3
4127625,3
4127626,3
4127627,3
4127628,3
4127629,3
4127630,3
4127631,3
4127632,3
4127633,3
4127634,3
4127635,3
4127636,3
4127637,3
4127638,3
4127639,3
4127640,3
4127641,3
4127642,3
4127643,3
4127644,3
4127645,3
4127646,3
4127647,3
4127648,3
4127649,3
4127650,3
4127651,3
4127652,3
4127653,3
4127654,3
4127655,3
4127656,3
4127657,3
4127658,3
4127659,3
4127660,3
4127661,3
4127662,3
4127663,3
4127664,3
4127665,3
4127666,3
4127667,3
4127668,3
4127669,3
4127670,3
4127671,3
4127672,3
4127673,3
4127674,3
4127675,3
4127676,3
4127677,3
4127678,3
4127679,3
4127680,3
4127681,3
4127682,3
4127683,3
4127684,3
4127685,3
4127686,3
4127687,3
4127688,3
4127689,3
4127690,3
4127691,3
4127692,3
4127693,3
4127694,3
4127695,3
4127696,3
4127697,3
4127698,3
4127699,3
4127700,3
4127701,3
4127702,3
4127703,3
4127704,3
4127705,3
4127706,3
4127707,3
4127708,3
4127709,3
4127710,3
4127711,3
4127712,3
4127713,3
4127714,3
4127715,3
4127716,3
4127717,3
4127718,3
4127719,3
4127720,3
4127721,3
4127722,3
4127723,3
4127724,3
4127725,3
4127726,3
4127727,3
4127728,3
4127729,3
4127730,3
4127731,3
4127732,3
4127733,3
4127734,3
4127735,3
4127736,3
4127737,3
4127738,3
4127739,3
4127740,3
4127741,3
4127742,3
4127743,3
4127744,3
4127745,3
4127746,3
4127747,3
4127748,3
4127749,3
4127750,3
4127751,3
4127752,3
4127753,3
4127754,3
4127755,3
4127756,3
4127757,3
4127758,3
4127759,3
4127760,3
4127761,3
4127762,3
4127763,3
4127764,3
4127765,3
4127766,3
4127767,3
4127768,3
4127769,3
4127770,3
4127773,3
4127774,3
4127775,3
4127776,3
4127777,3
4127778,3
4127779,3
4127780,3
4127781,3
4127782,3
4127783,3
4127784,3
4127785,3
4127786,3
4127788,3
4127789,3
4127790,3
4127791,3
4127792,3
4127793,3
4127794,3
4127795,3
4127796,3
4127797,3
4127798,3
4127799,3
4127800,3
4127801,3
4127802,3
4127803,3
4127804,3
4127805,3
4127806,3
4127807,3
4127808,3
4127809,3
4127810,3
4127811,3
4127812,3
4127813,3
4127814,3
4127815,3
4127816,3
4127817,3
4127818,3
4127819,3
4127820,3
4127821,3
4127822,3
4127823,3
4127824,3
4127825,3
4127826,3
4127827,3
4127828,3
4127829,3
4127830,3
4127831,3
4127832,3
4127833,3
4127834,3
4127835,3
4127836,3
4127837,3
4127838,3
4127839,3
4127840,3
4127841,3
4127842,3
4127843,3
4127844,3
4127845,3
4127846,3
4127847,3
4127848,3
4127849,3
4127850,3
4127851,3
4127852,3
4127853,3
4127854,3
4127855,3
4127856,3
4127857,3
4127858,3
4127859,3
4127860,3
4127861,3
4127862,3
4127863,3
4127864,3
4127865,3
4127866,3
4127867,3
4127868,3
4127869,3
4127870,3
4127871,3
4127872,3
4127873,3
4127874,3
4127875,3
4127876,3
4127877,3
4127878,3
4127879,3
4127880,3
4127881,3
4127882,3
4127883,3
4127884,3
4127885,3
4127886,3
4127887,3
4127888,3
4127889,3
4127890,3
4127891,3
4127892,3
4127893,3
4127894,3
4127895,3
4127896,3
4127897,3
4127898,3
4127899,3
4127900,3
4127901,3
4127902,3
4127903,3
4127904,3
4127905,3
4127906,3
4127907,3
4127908,3
4127909,3
4127910,3
4127911,3
4127912,3
4127913,3
4127914,3
4127915,3
4127916,3
4127917,3
4127918,3
4127919,3
4127920,3
4127921,3
4127922,3
4127923,3
4127924,3
4127925,3
4127926,3
4127927,3
4127928,3
4127929,3
4127930,3
4127931,3
4127932,3
4127937,3
4127938,3
4127939,3
4127940,3
4127941,3
4127942,3
4127943,3
4127944,3
4127945,3
4127946,3
4127947,3
4127948,3
4127949,3
4127950,3
4127951,3
4127952,3
4127953,3
4127954,3
4127955,3
4127956,3
4127957,3
4127958,3
4127959,3
4127960,3
4127961,3
4127962,3
4127963,3
4127964,3
4127965,3
4127966,3
4127967,3
4127968,3
4127969,3
4127970,3
4127971,3
4127972,3
4127973,3
4127974,3
4127975,3
4127976,3
4127977,3
4127978,3
4127979,3
4127980,3
4127981,3
4127982,3
4127983,3
4127984,3
4127985,3
4127986,3
4127987,3
4127988,3
4127989,3
4127990,3
4127991,3
4127992,3
4127993,3
4127994,3
4127995,3
4127996,3
4127997,3
4127998,3
4127999,3
4128000,3
4128001,3
4128002,3
4128003,3
4128005,3
4128006,3
4128007,3
4128008,3
4128009,3
4128010,3
4128011,3
4128012,3
4128013,3
4128014,3
4128015,3
4128016,3
4128017,3
4128018,3
4128019,3
4128020,3
4128021,3
4128022,3
4128023,3
4128024,3
4128025,3
4128026,3
4128027,3
4128028,3
4128029,3
4128030,3
4128031,3
4128032,3
4128033,3
4128034,3
4128035,3
4128036,3
4128037,3
4128038,3
4128039,3
4128040,3
4128041,3
4128042,3
4128043,3
4128044,3
4128045,3
4128046,3
4128047,3
4128048,3
4128049,3
4128050,3
4128051,3
4128052,3
4128053,3
4128054,3
4128055,3
4128056,3
4128057,3
4128058,3
4128059,3
4128060,3
4128061,3
4128062,3
4128063,3
4128064,3
4128065,3
4128066,3
4128067,3
4128068,3
4128069,3
4128070,3
4128071,3
4128072,3
4128073,3
4128074,3
4128075,3
4128076,3
4128077,3
4128078,3
4128079,3
4128080,3
4128081,3
4128082,3
4128083,3
4128084,3
4128085,3
4128086,3
4128087,3
4128088,3
4128089,3
4128090,3
4128091,3
4128092,3
4128093,3
4128094,3
4128095,3
4128096,3
4128097,3
4128098,3
4128099,3
4128100,3
4128101,3
4128102,3
4128103,3
4128104,3
4128105,3
4128106,3
4128107,3
4128108,3
4128109,3
4128110,3
4128111,3
4128112,3
4128113,3
4128114,3
4128115,3
4128116,3
4128117,3
4128118,3
4128119,3
4128120,3
4128121,3
4128122,3
4128123,3
4128124,3
4128127,3
4128129,3
4128130,3
4128131,3
4128132,3
4128133,3
4128134,3
4128135,3
4128136,3
4128137,3
4128138,3
4128139,3
4128140,3
4128141,3
4128142,3
4128143,3
4128144,3
4128145,3
4128146,3
4128147,3
4128148,3
4128149,3
4128150,3
4128151,3
4128154,3
4128155,3
4128156,3
4128157,3
4128158,3
4128159,3
4128160,3
4128161,3
4128162,3
4128163,3
4128164,3
4128165,3
4128166,3
4128167,3
4128168,3
4128169,3
4128170,3
4128171,3
4128172,3
4128173,3
4128174,3
4128175,3
4128176,3
4128177,3
4128178,3
4128179,3
4128180,3
4128181,3
4128182,3
4128183,3
4128184,3
4128185,3
4128186,3
4128187,3
4128188,3
4128189,3
4128190,3
4128191,3
4128192,3
4128193,3
4128194,3
4128195,3
4128196,3
4128197,3
4128198,3
4128199,3
4128200,3
4128201,3
4128202,3
4128203,3
4128204,3
4128205,3
4128206,3
4128207,3
4128208,3
4128209,3
4128210,3
4128211,3
4128212,3
4128213,3
4128214,3
4128215,3
4128216,3
4128217,3
4128218,3
4128219,3
4128220,3
4128221,3
4128222,3
4128223,3
4128224,3
4128225,3
4128226,3
4128227,3
4128228,3
4128229,3
4128230,3
4128231,3
4128232,3
4128233,3
4128234,3
4128235,3
4128236,3
4128237,3
4128238,3
4128239,3
4128240,3
4128241,3
4128242,3
4128243,3
4128244,3
4128245,3
4128246,3
4128247,3
4128248,3
4128249,3
4128250,3
4128251,3
4128252,3
4128253,3
4128254,3
4128255,3
4128256,3
4128257,3
4128258,3
4128259,3
4128260,3
4128261,3
4128262,3
4128263,3
4128264,3
4128265,3
4128266,3
4128267,3
4128268,3
4128269,3
4128270,3
4128271,3
4128272,3
4128273,3
4128274,3
4128275,3
4128276,3
4128277,3
4128278,3
4128279,3
4128280,3
4128281,3
4128282,3
4128283,3
4128284,3
4128285,3
4128286,3
4128287,3
4128288,3
4128289,3
4128290,3
4128291,3
4128292,3
4128293,3
4128294,3
4128295,3
4128296,3
4128297,3
4128298,3
4128299,3
4128300,3
4128301,3
4128302,3
4128303,3
4128304,3
4128305,3
4128306,3
4128307,3
4128308,3
4128309,3
4128310,3
4128311,3
4128312,3
4128313,3
4128314,3
4128315,3
4128316,3
4128317,3
4128318,3
4128319,3
4128320,3
4128321,3
4128322,3
4128323,3
4128324,3
4128325,3
4128326,3
4128327,3
4128328,3
4128329,3
4128330,3
4128331,3
4128332,3
4128333,3
4128334,3
4128335,3
4128336,3
4128337,3
4128338,3
4128339,3
4128340,3
4128341,3
4128342,3
4128343,3
4128346,3
4128347,3
4128354,3
4128355,3
4128358,3
4128359,3
4128361,3
4128362,3
4128363,3
4128364,3
4128365,3
4128372,3
4128373,3
4128374,3
4128375,3
4128376,3
4128377,3
4128378,3
4128379,3
4128380,3
4128381,3
4128382,3
4128383,3
4128384,3
4128385,3
4128386,3
4128387,3
4128388,3
4128389,3
4128390,3
4128391,3
4128392,3
4128393,3
4128394,3
4128395,3
4128396,3
4128397,3
4128398,3
4128399,3
4128400,3
4128401,3
4128402,3
4128403,3
4128404,3
4128405,3
4128406,3
4128407,3
4128408,3
4128409,3
4128410,3
4128411,3
4128412,3
4128413,3
4128414,3
4128415,3
4128416,3
4128417,3
4128418,3
4128419,3
4128420,3
4128421,3
4128422,3
4128423,3
4128424,3
4128425,3
4128426,3
4128427,3
4128456,3
4128457,3
4128458,3
4128459,3
4128460,3
4128461,3
4128462,3
4128463,3
4128464,3
4128465,3
4128466,3
4128467,3
4128468,3
4128469,3
4128470,3
4128471,3
4128472,3
4128473,3
4128474,3
4128477,3
4128478,3
4128480,3
4128481,3
4128482,3
4128483,3
4128484,3
4128485,3
4128486,3
4128487,3
4128488,3
4128489,3
4128490,3
4128491,3
4128492,3
4128493,3
4128494,3
4128495,3
4128496,3
4128497,3
4128498,3
4128503,3
4128504,3
4128505,3
4128506,3
4128507,3
4128508,3
4128509,3
4128510,3
4128511,3
4128512,3
4128513,3
4128514,3
4128515,3
4128516,3
4128517,3
4128518,3
4128519,3
4128520,3
4128521,3
4128522,3
4128523,3
4128524,3
4128525,3
4128526,3
4128527,3
4128528,3
4128529,3
4128530,3
4128531,3
4128532,3
4128533,3
4128534,3
4128535,3
4128536,3
4128537,3
4128538,3
4128539,3
4128540,3
4128541,3
4128542,3
4128543,3
4128544,3
4128545,3
4128546,3
4128547,3
4128548,3
4128549,3
4128550,3
4128551,3
4128552,3
4128553,3
4128554,3
4128555,3
4128556,3
4128557,3
4128558,3
4128559,3
4128560,3
4128561,3
4128562,3
4128563,3
4128564,3
4128565,3
4128566,3
4128567,3
4128568,3
4128569,3
4128570,3
4128571,3
4128572,3
4128573,3
4128574,3
4128575,3
4128576,3
4128577,3
4128578,3
4128579,3
4128580,3
4128581,3
4128582,3
4128583,3
4128584,3
4128585,3
4128586,3
4128587,3
4128588,3
4128589,3
4128590,3
4128591,3
4128592,3
4128593,3
4128594,3
4128595,3
4128596,3
4128597,3
4128598,3
4128599,3
4128600,3
4128601,3
4128602,3
4128603,3
4128604,3
4128605,3
4128606,3
4128607,3
4128608,3
4128609,3
4128610,3
4128611,3
4128612,3
4128613,3
4128614,3
4128615,3
4128616,3
4128617,3
4128618,3
4128619,3
4128620,3
4128621,3
4128622,3
4128623,3
4128624,3
4128625,3
4128626,3
4128627,3
4128628,3
4128629,3
4128630,3
4128631,3
4128632,3
4128633,3
4128634,3
4128635,3
4128636,3
4128637,3
4128638,3
4128639,3
4128640,3
4128641,3
4128642,3
4128643,3
4128644,3
4128645,3
4128646,3
4128647,3
4128648,3
4128649,3
4128650,3
4128651,3
4128652,3
4128653,3
4128654,3
4128655,3
4128656,3
4128657,3
4128658,3
4128659,3
4128660,3
4128661,3
4128662,3
4128663,3
4128664,3
4128665,3
4128666,3
4128667,3
4128668,3
4128669,3
4128670,3
4128671,3
4128672,3
4128673,3
4128674,3
4128675,3
4128676,3
4128677,3
4128678,3
4128679,3
4128680,3
4128681,3
4128682,3
4128683,3
4128684,3
4128685,3
4128686,3
4128687,3
4128688,3
4128689,3
4128690,3
4128691,3
4128692,3
4128693,3
4128694,3
4128695,3
4128696,3
4128697,3
4128698,3
4128699,3
4128700,3
4128701,3
4128702,3
4128703,3
4128704,3
4128705,3
4128706,3
4128707,3
4128708,3
4128709,3
4128710,3
4128711,3
4128712,3
4128713,3
4128714,3
4128715,3
4128716,3
4128717,3
4128718,3
4128719,3
4128720,3
4128721,3
4128722,3
4128723,3
4128724,3
4128725,3
4128726,3
4128727,3
4128728,3
4128729,3
4128730,3
4128731,3
4128732,3
4128733,3
4128734,3
4128735,3
4128736,3
4128737,3
4128738,3
4128739,3
4128740,3
4128741,3
4128742,3
4128743,3
4128744,3
4128745,3
4128746,3
4128747,3
4128748,3
4128749,3
4128750,3
4128751,3
4128752,3
4128753,3
4128754,3
4128755,3
4128756,3
4128757,3
4128758,3
4128759,3
4128760,3
4128761,3
4128762,3
4128763,3
4128764,3
4128765,3
4128766,3
4128767,3
4128768,3
4128769,3
4128770,3
4128771,3
4128772,3
4128773,3
4128774,3
4128775,3
4128776,3
4128777,3
4128778,3
4128779,3
4128780,3
4128781,3
4128782,3
4128783,3
4128784,3
4128785,3
4128786,3
4128787,3
4128788,3
4128789,3
4128790,3
4128791,3
4128792,3
4128793,3
4128794,3
4128795,3
4128796,3
4128797,3
4128798,3
4128799,3
4128800,3
4128801,3
4128802,3
4128803,3
4128804,3
4128805,3
4128806,3
4128807,3
4128808,3
4128809,3
4128810,3
4128811,3
4128812,3
4128813,3
4128814,3
4128815,3
4128816,3
4128817,3
4128818,3
4128819,3
4128820,3
4128821,3
4128822,3
4128823,3
4128824,3
4128825,3
4128826,3
4128827,3
4128828,3
4128829,3
4128830,3
4128831,3
4128832,3
4128833,3
4128834,3
4128835,3
4128836,3
4128837,3
4128838,3
4128839,3
4128840,3
4128841,3
4128842,3
4128843,3
4128844,3
4128845,3
4128846,3
4128847,3
4128848,3
4128849,3
4128850,3
4128851,3
4128852,3
4128853,3
4128854,3
4128855,3
4128856,3
4128857,3
4128858,3
4128859,3
4128860,3
4128861,3
4128862,3
4128863,3
4128864,3
4128865,3
4128866,3
4128867,3
4128868,3
4128869,3
4128870,3
4128871,3
4128872,3
4128873,3
4128874,3
4128875,3
4128876,3
4128877,3
4128878,3
4128879,3
4128880,3
4128881,3
4128882,3
4128883,3
4128884,3
4128885,3
4128886,3
4128887,3
4128888,3
4128889,3
4128890,3
4128891,3
4128892,3
4128893,3
4128894,3
4128895,3
4128896,3
4128897,3
4128898,3
4128899,3
4128900,3
4128901,3
4128902,3
4128903,3
4128904,3
4128905,3
4128906,3
4128907,3
4128908,3
4128909,3
4128910,3
4128911,3
4128912,3
4128913,3
4128914,3
4128915,3
4128916,3
4128917,3
4128918,3
4128919,3
4128920,3
4128921,3
4128922,3
4128923,3
4128924,3
4128925,3
4128926,3
4128927,3
4128928,3
4128929,3
4128930,3
4128931,3
4128932,3
4128933,3
4128934,3
4128937,3
4128939,3
4128940,3
4128941,3
4128942,3
4128943,3
4128944,3
4128945,3
4128946,3
4128947,3
4128948,3
4128949,3
4128950,3
4128951,3
4128952,3
4128953,3
4128954,3
4128961,3
4128962,3
4128963,3
4128964,3
4128965,3
4128966,3
4128967,3
4128968,3
4128969,3
4128970,3
4128971,3
4128972,3
4128973,3
4128974,3
4128975,3
4128976,3
4128977,3
4128978,3
4128979,3
4128980,3
4128981,3
4128982,3
4128983,3
4128984,3
4128985,3
4128986,3
4128987,3
4128988,3
4128989,3
4128990,3
4128991,3
4128992,3
4128993,3
4128994,3
4128995,3
4128996,3
4128997,3
4128998,3
4129000,3
4129001,3
4129002,3
4129003,3
4129004,3
4129005,3
4129006,3
4129007,3
4129008,3
4129009,3
4129010,3
4129011,3
4129012,3
4129013,3
4129014,3
4129015,3
4129016,3
4129017,3
4129018,3
4129019,3
4129020,3
4129021,3
4129022,3
4129023,3
4129024,3
4129025,3
4129026,3
4129027,3
4129028,3
4129029,3
4129030,3
4129031,3
4129032,3
4129033,3
4129034,3
4129035,3
4129036,3
4129037,3
4129038,3
4129039,3
4129040,3
4129041,3
4129042,3
4129043,3
4129044,3
4129045,3
4129048,3
4129049,3
4129052,3
4129053,3
4129054,3
4129055,3
4129058,3
4129059,3
4129060,3
4129061,3
4129062,3
4129063,3
4129064,3
4129065,3
4129066,3
4129068,3
4129070,3
4129071,3
4129072,3
4129073,3
4129074,3
4129075,3
4129076,3
4129077,3
4129078,3
4129079,3
4129080,3
4129081,3
4129082,3
4129084,3
4129085,3
4129086,3
4129087,3
4129088,3
4129089,3
4129090,3
4129091,3
4129092,3
4129093,3
4129094,3
4129095,3
4129096,3
4129097,3
4129098,3
4129099,3
4129100,3
4129101,3
4129102,3
4129103,3
4129104,3
4129105,3
4129106,3
4129107,3
4129108,3
4129109,3
4129110,3
4129111,3
4129112,3
4129113,3
4129114,3
4129115,3
4129116,3
4129117,3
4129118,3
4129119,3
4129120,3
4129121,3
4129122,3
4129123,3
4129124,3
4129125,3
4129126,3
4129127,3
4129128,3
4129129,3
4129130,3
4129131,3
4129132,3
4129133,3
4129134,3
4129135,3
4129136,3
4129137,3
4129138,3
4129139,3
4129140,3
4129141,3
4129142,3
4129143,3
4129144,3
4129145,3
4129146,3
4129147,3
4129148,3
4129149,3
4129150,3
4129151,3
4129152,3
4129153,3
4129154,3
4129155,3
4129156,3
4129157,3
4129158,3
4129159,3
4129160,3
4129161,3
4129162,3
4129163,3
4129164,3
4129165,3
4129166,3
4129167,3
4129168,3
4129169,3
4129170,3
4129171,3
4129172,3
4129173,3
4129174,3
4129175,3
4129176,3
4129177,3
4129178,3
4129179,3
4129180,3
4129181,3
4129182,3
4129183,3
4129184,3
4129185,3
4129186,3
4129187,3
4129190,3
4129191,3
4129192,3
4129193,3
4129194,3
4129195,3
4129196,3
4129197,3
4129198,3
4129205,3
4129206,3
4129207,3
4129208,3
4129209,3
4129210,3
4129211,3
4129212,3
4129213,3
4129214,3
4129215,3
4129216,3
4129217,3
4129219,3
4129220,3
4129223,3
4129224,3
4129225,3
4129226,3
4129227,3
4129228,3
4129229,3
4129230,3
4129231,3
4129232,3
4129233,3
4129234,3
4129235,3
4129236,3
4129238,3
4129240,3
4129241,3
4129242,3
4129243,3
4129244,3
4129245,3
4129246,3
4129247,3
4129248,3
4129249,3
4129250,3
4129251,3
4129252,3
4129253,3
4129254,3
4129255,3
4129256,3
4129257,3
4129258,3
4129259,3
4129260,3
4129261,3
4129262,3
4129263,3
4129264,3
4129265,3
4129266,3
4129267,3
4129268,3
4129269,3
4129270,3
4129271,3
4129272,3
4129273,3
4129274,3
4129275,3
4129276,3
4129277,3
4129278,3
4129279,3
4129280,3
4129281,3
4129282,3
4129283,3
4129284,3
4129285,3
4129286,3
4129287,3
4129288,3
4129289,3
4129290,3
4129291,3
4129292,3
4129293,3
4129294,3
4129295,3
4129296,3
4129297,3
4129298,3
4129299,3
4129300,3
4129301,3
4129302,3
4129303,3
4129304,3
4129305,3
4129306,3
4129307,3
4129308,3
4129309,3
4129310,3
4129311,3
4129312,3
4129313,3
4129314,3
4129315,3
4129316,3
4129317,3
4129318,3
4129319,3
4129320,3
4129321,3
4129322,3
4129323,3
4129324,3
4129326,3
4129327,3
4129328,3
4129329,3
4129330,3
4129331,3
4129332,3
4129333,3
4129334,3
4129335,3
4129336,3
4129337,3
4129338,3
4129339,3
4129340,3
4129341,3
4129342,3
4129343,3
4129344,3
4129345,3
4129346,3
4129347,3
4129348,3
4129349,3
4129350,3
4129351,3
4129352,3
4129353,3
4129354,3
4129355,3
4129356,3
4129357,3
4129358,3
4129359,3
4129360,3
4129361,3
4129362,3
4129365,3
4129366,3
4129371,3
4129372,3
4129373,3
4129374,3
4129375,3
4129376,3
4129377,3
4129378,3
4129379,3
4129380,3
4129381,3
4129382,3
4129383,3
4129384,3
4129385,3
4129388,3
4129389,3
4129390,3
4129391,3
4129392,3
4129393,3
4129394,3
4129395,3
4129396,3
4129397,3
4129398,3
4129399,3
4129400,3
4129401,3
4129404,3
4129405,3
4129406,3
4129407,3
4129408,3
4129409,3
4129410,3
4129411,3
4129412,3
4129413,3
4129414,3
4129415,3
4129416,3
4129417,3
4129422,3
4129423,3
4129426,3
4129427,3
4129428,3
4129429,3
4129430,3
4129431,3
4129432,3
4129433,3
4129434,3
4129435,3
4129436,3
4129437,3
4129438,3
4129439,3
4129440,3
4129441,3
4129442,3
4129443,3
4129444,3
4129445,3
4129446,3
4129447,3
4129448,3
4129449,3
4129450,3
4129451,3
4129452,3
4129453,3
4129454,3
4129455,3
4129456,3
4129457,3
4129458,3
4129459,3
4129460,3
4129461,3
4129462,3
4129463,3
4129464,3
4129465,3
4129485,3
4129486,3
4129487,3
4129488,3
4129489,3
4129490,3
4129491,3
4129492,3
4129493,3
4129494,3
4129495,3
4129496,3
4129497,3
4129498,3
4129499,3
4129500,3
4129501,3
4129502,3
4129503,3
4129504,3
4129505,3
4129506,3
4129507,3
4129508,3
4129509,3
4129510,3
4129511,3
4129512,3
4129513,3
4129514,3
4129515,3
4129516,3
4129517,3
4129518,3
4129519,3
4129520,3
4129521,3
4129522,3
4129523,3
4129524,3
4129525,3
4129526,3
4129527,3
4129528,3
4129529,3
4129530,3
4129531,3
4129532,3
4129533,3
4129534,3
4129535,3
4129536,3
4129537,3
4129538,3
4129539,3
4129540,3
4129541,3
4129542,3
4129543,3
4129544,3
4129545,3
4129546,3
4129547,3
4129548,3
4129549,3
4129550,3
4129551,3
4129552,3
4129553,3
4129555,3
4129556,3
4129557,3
4129558,3
4129559,3
4129560,3
4129561,3
4129562,3
4129563,3
4129564,3
4129565,3
4129566,3
4129567,3
4129568,3
4129569,3
4129570,3
4129571,3
4129572,3
4129573,3
4129574,3
4129575,3
4129577,3
4129578,3
4129579,3
4129580,3
4129581,3
4129582,3
4129583,3
4129584,3
4129585,3
4129587,3
4129588,3
4129589,3
4129591,3
4129592,3
4129593,3
4129594,3
4129595,3
4129596,3
4129597,3
4129598,3
4129599,3
4129600,3
4129601,3
4129602,3
4129603,3
4129604,3
4129605,3
4129606,3
4129607,3
4129608,3
4129609,3
4129610,3
4129611,3
4129612,3
4129613,3
4129614,3
4129615,3
4129616,3
4129617,3
4129618,3
4129619,3
4129620,3
4129621,3
4129622,3
4129623,3
4129624,3
4129625,3
4129626,3
4129627,3
4129628,3
4129629,3
4129630,3
4129631,3
4129632,3
4129633,3
4129634,3
4129635,3
4129636,3
4129637,3
4129638,3
4129639,3
4129640,3
4129641,3
4129642,3
4129643,3
4129644,3
4129645,3
4129646,3
4129647,3
4129648,3
4129649,3
4129650,3
4129651,3
4129652,3
4129653,3
4129654,3
4129655,3
4129656,3
4129657,3
4129658,3
4129659,3
4129660,3
4129661,3
4129662,3
4129663,3
4129664,3
4129665,3
4129666,3
4129667,3
4129668,3
4129669,3
4129670,3
4129671,3
4129672,3
4129673,3
4129674,3
4129675,3
4129676,3
4129677,3
4129678,3
4129679,3
4129680,3
4129681,3
4129682,3
4129683,3
4129684,3
4129685,3
4129686,3
4129687,3
4129688,3
4129689,3
4129690,3
4129691,3
4129692,3
4129693,3
4129694,3
4129695,3
4129696,3
4129697,3
4129698,3
4129699,3
4129700,3
4129701,3
4129702,3
4129703,3
4129704,3
4129705,3
4129706,3
4129707,3
4129708,3
4129709,3
4129710,3
4129711,3
4129712,3
4129713,3
4129714,3
4129715,3
4129716,3
4129717,3
4129718,3
4129719,3
4129720,3
4129721,3
4129722,3
4129723,3
4129724,3
4129725,3
4129726,3
4129727,3
4129728,3
4129729,3
4129730,3
4129731,3
4129733,3
4129734,3
4129735,3
4129736,3
4129737,3
4129738,3
4129739,3
4129740,3
4129741,3
4129742,3
4129743,3
4129744,3
4129745,3
4129746,3
4129747,3
4129748,3
4129749,3
4129750,3
4129751,3
4129752,3
4129753,3
4129754,3
4129755,3
4129756,3
4129757,3
4129758,3
4129759,3
4129760,3
4129761,3
4129762,3
4129763,3
4129764,3
4129765,3
4129766,3
4129767,3
4129768,3
4129769,3
4129770,3
4129771,3
4129772,3
4129773,3
4129774,3
4129775,3
4129776,3
4129777,3
4129778,3
4129779,3
4129780,3
4129781,3
4129782,3
4129783,3
4129784,3
4129785,3
4129786,3
4129787,3
4129788,3
4129789,3
4129790,3
4129791,3
4129792,3
4129793,3
4129794,3
4129795,3
4129796,3
4129797,3
4129798,3
4129799,3
4129800,3
4129801,3
4129802,3
4129803,3
4129804,3
4129805,3
4129806,3
4129807,3
4129808,3
4129809,3
4129810,3
4129811,3
4129812,3
4129813,3
4129814,3
4129815,3
4129816,3
4129817,3
4129824,3
4129825,3
4129826,3
4129827,3
4129838,3
4129839,3
4129840,3
4129841,3
4129842,3
4129843,3
4129844,3
4129845,3
4129846,3
4129847,3
4129861,3
4129862,3
4129863,3
4129864,3
4129865,3
4129866,3
4129867,3
4129868,3
4129869,3
4129870,3
4129871,3
4129872,3
4129873,3
4129874,3
4129875,3
4129876,3
4129877,3
4129878,3
4129879,3
4129880,3
4129881,3
4129882,3
4129883,3
4129884,3
4129885,3
4129886,3
4129887,3
4129888,3
4129889,3
4129890,3
4129891,3
4129892,3
4129893,3
4129894,3
4129895,3
4129896,3
4129897,3
4129898,3
4129899,3
4129900,3
4129901,3
4129902,3
4129903,3
4129904,3
4129905,3
4129906,3
4129907,3
4129908,3
4129909,3
4129910,3
4129911,3
4129912,3
4129913,3
4129914,3
4129915,3
4129916,3
4129917,3
4129918,3
4129919,3
4129920,3
4129921,3
4129922,3
4129923,3
4129924,3
4129925,3
4129926,3
4129927,3
4129928,3
4129929,3
4129930,3
4129931,3
4129932,3
4129933,3
4129934,3
4129935,3
4129936,3
4129937,3
4129938,3
4129941,3
4129942,3
4129943,3
4129944,3
4129945,3
4129946,3
4129947,3
4129948,3
4129949,3
4129950,3
4129951,3
4129952,3
4129953,3
4129954,3
4129955,3
4129956,3
4129957,3
4129958,3
4129959,3
4129960,3
4129961,3
4129962,3
4129963,3
4129964,3
4129965,3
4129966,3
4129967,3
4129968,3
4129969,3
4129970,3
4129971,3
4129972,3
4129973,3
4129974,3
4129975,3
4129976,3
4129977,3
4129978,3
4129979,3
4129980,3
4129981,3
4129982,3
4129983,3
4129984,3
4129985,3
4129986,3
4129987,3
4129988,3
4129989,3
4129990,3
4129991,3
4129994,3
4129995,3
4129996,3
4129997,3
4129998,3
4129999,3
4130000,3
4130001,3
4130002,3
4130003,3
4130004,3
4130005,3
4130006,3
4130007,3
4130008,3
4130009,3
4130010,3
4130011,3
4130012,3
4130013,3
4130014,3
4130015,3
4130016,3
4130017,3
4130018,3
4130019,3
4130020,3
4130021,3
4130022,3
4130023,3
4130024,3
4130025,3
4130026,3
4130027,3
4130028,3
4130029,3
4130030,3
4130031,3
4130032,3
4130033,3
4130034,3
4130035,3
4130036,3
4130037,3
4130038,3
4130039,3
4130040,3
4130041,3
4130042,3
4130043,3
4130044,3
4130045,3
4130046,3
4130047,3
4130048,3
4130049,3
4130050,3
4130051,3
4130052,3
4130053,3
4130054,3
4130055,3
4130056,3
4130057,3
4130058,3
4130059,3
4130060,3
4130061,3
4130081,3
4130082,3
4130083,3
4130084,3
4130085,3
4130086,3
4130087,3
4130088,3
4130089,3
4130090,3
4130091,3
4130095,3
4130097,3
4130099,3
4130100,3
4130101,3
4130102,3
4130103,3
4130104,3
4130105,3
4130106,3
4130107,3
4130108,3
4130109,3
4130110,3
4130111,3
4130112,3
4130113,3
4130114,3
4130115,3
4130116,3
4130117,3
4130118,3
4130119,3
4130120,3
4130121,3
4130122,3
4130123,3
4130124,3
4130125,3
4130126,3
4130127,3
4130128,3
4130129,3
4130130,3
4130131,3
4130132,3
4130133,3
4130134,3
4130135,3
4130136,3
4130137,3
4130138,3
4130139,3
4130140,3
4130141,3
4130142,3
4130143,3
4130144,3
4130145,3
4130146,3
4130147,3
4130148,3
4130149,3
4130150,3
4130151,3
4130152,3
4130153,3
4130154,3
4130155,3
4130156,3
4130157,3
4130158,3
4130159,3
4130160,3
4130161,3
4130162,3
4130163,3
4130164,3
4130165,3
4130166,3
4130167,3
4130168,3
4130169,3
4130170,3
4130171,3
4130172,3
4130173,3
4130174,3
4130175,3
4130176,3
4130177,3
4130178,3
4130179,3
4130180,3
4130181,3
4130182,3
4130183,3
4130184,3
4130185,3
4130186,3
4130187,3
4130188,3
4130189,3
4130190,3
4130191,3
4130192,3
4130193,3
4130194,3
4130195,3
4130196,3
4130197,3
4130198,3
4130199,3
4130200,3
4130201,3
4130202,3
4130203,3
4130204,3
4130205,3
4130206,3
4130207,3
4130208,3
4130209,3
4130212,3
4130214,3
4130215,3
4130216,3
4130217,3
4130218,3
4130219,3
4130220,3
4130221,3
4130222,3
4130223,3
4130224,3
4130225,3
4130226,3
4130227,3
4130228,3
4130229,3
4130230,3
4130231,3
4130232,3
4130233,3
4130234,3
4130235,3
4130236,3
4130237,3
4130238,3
4130239,3
4130240,3
4130241,3
4130242,3
4130243,3
4130244,3
4130245,3
4130246,3
4130247,3
4130248,3
4130249,3
4130250,3
4130251,3
4130252,3
4130253,3
4130254,3
4130255,3
4130256,3
4130257,3
4130258,3
4130259,3
4130260,3
4130261,3
4130262,3
4130263,3
4130264,3
4130265,3
4130266,3
4130267,3
4130268,3
4130269,3
4130270,3
4130271,3
4130272,3
4130273,3
4130274,3
4130275,3
4130276,3
4130277,3
4130278,3
4130279,3
4130280,3
4130281,3
4130282,3
4130283,3
4130284,3
4130285,3
4130286,3
4130287,3
4130288,3
4130289,3
4130290,3
4130291,3
4130292,3
4130293,3
4130294,3
4130295,3
4130296,3
4130297,3
4130298,3
4130312,3
4130313,3
4130314,3
4130315,3
4130316,3
4130317,3
4130318,3
4130319,3
4130320,3
4130321,3
4130322,3
4130323,3
4130324,3
4130325,3
4130326,3
4130327,3
4130328,3
4130329,3
4130330,3
4130331,3
4130332,3
4130333,3
4130334,3
4130335,3
4130336,3
4130337,3
4130338,3
4130339,3
4130340,3
4130341,3
4130342,3
4130343,3
4130344,3
4130345,3
4130346,3
4130347,3
4130348,3
4130349,3
4130350,3
4130351,3
4130352,3
4130353,3
4130354,3
4130355,3
4130356,3
4130357,3
4130358,3
4130359,3
4130360,3
4130361,3
4130362,3
4130363,3
4130364,3
4130365,3
4130366,3
4130367,3
4130368,3
4130369,3
4130370,3
4130371,3
4130372,3
4130373,3
4130374,3
4130375,3
4130376,3
4130377,3
4130378,3
4130379,3
4130380,3
4130381,3
4130382,3
4130383,3
4130384,3
4130385,3
4130386,3
4130387,3
4130388,3
4130389,3
4130390,3
4130391,3
4130392,3
4130393,3
4130394,3
4130395,3
4130396,3
4130397,3
4130398,3
4130399,3
4130400,3
4130401,3
4130402,3
4130403,3
4130404,3
4130405,3
4130406,3
4130407,3
4130408,3
4130409,3
4130410,3
4130411,3
4130412,3
4130413,3
4130414,3
4130415,3
4130416,3
4130417,3
4130418,3
4130419,3
4130420,3
4130421,3
4130422,3
4130423,3
4130424,3
4130425,3
4130426,3
4130427,3
4130428,3
4130429,3
4130430,3
4130431,3
4130432,3
4130433,3
4130434,3
4130435,3
4130436,3
4130437,3
4130438,3
4130439,3
4130440,3
4130441,3
4130442,3
4130443,3
4130444,3
4130445,3
4130446,3
4130447,3
4130448,3
4130449,3
4130450,3
4130451,3
4130452,3
4130453,3
4130454,3
4130455,3
4130456,3
4130457,3
4130458,3
4130459,3
4130460,3
4130461,3
4130462,3
4130463,3
4130464,3
4130465,3
4130466,3
4130467,3
4130468,3
4130469,3
4130470,3
4130471,3
4130472,3
4130473,3
4130474,3
4130475,3
4130476,3
4130477,3
4130478,3
4130479,3
4130480,3
4130481,3
4130482,3
4130483,3
4130484,3
4130485,3
4130486,3
4130487,3
4130488,3
4130489,3
4130490,3
4130491,3
4130492,3
4130493,3
4130494,3
4130495,3
4130496,3
4130497,3
4130498,3
4130499,3
4130500,3
4130501,3
4130502,3
4130503,3
4130504,3
4130505,3
4130506,3
4130507,3
4130508,3
4130509,3
4130510,3
4130511,3
4130512,3
4130513,3
4130514,3
4130515,3
4130516,3
4130517,3
4130518,3
4130519,3
4130520,3
4130521,3
4130522,3
4130523,3
4130524,3
4130525,3
4130526,3
4130527,3
4130528,3
4130529,3
4130530,3
4130531,3
4130532,3
4130533,3
4130534,3
4130535,3
4130536,3
4130537,3
4130538,3
4130539,3
4130540,3
4130541,3
4130542,3
4130543,3
4130544,3
4130545,3
4130546,3
4130547,3
4130548,3
4130549,3
4130550,3
4130551,3
4130552,3
4130553,3
4130554,3
4130555,3
4130556,3
4130557,3
4130558,3
4130559,3
4130560,3
4130561,3
4130562,3
4130563,3
4130564,3
4130566,3
4130567,3
4130568,3
4130569,3
4130570,3
4130571,3
4130572,3
4130573,3
4130574,3
4130575,3
4130576,3
4130577,3
4130578,3
4130579,3
4130580,3
4130581,3
4130582,3
4130583,3
4130584,3
4130585,3
4130586,3
4130587,3
4130588,3
4130590,3
4130591,3
4130592,3
4130593,3
4130594,3
4130595,3
4130596,3
4130597,3
4130598,3
4130599,3
4130600,3
4130601,3
4130602,3
4130603,3
4130604,3
4130606,3
4130607,3
4130608,3
4130609,3
4130610,3
4130611,3
4130612,3
4130613,3
4130614,3
4130615,3
4130616,3
4130617,3
4130618,3
4130619,3
4130620,3
4130621,3
4130622,3
4130623,3
4130624,3
4130625,3
4130626,3
4130627,3
4130628,3
4130629,3
4130630,3
4130631,3
4130632,3
4130633,3
4130634,3
4130635,3
4130636,3
4130637,3
4130638,3
4130639,3
4130640,3
4130641,3
4130642,3
4130643,3
4130644,3
4130645,3
4130646,3
4130647,3
4130648,3
4130649,3
4130650,3
4130651,3
4130652,3
4130653,3
4130654,3
4130655,3
4130656,3
4130657,3
4130658,3
4130659,3
4130660,3
4130661,3
4130662,3
4130663,3
4130664,3
4130665,3
4130666,3
4130667,3
4130668,3
4130669,3
4130670,3
4130671,3
4130672,3
4130673,3
4130674,3
4130675,3
4130676,3
4130677,3
4130678,3
4130679,3
4130680,3
4130681,3
4130682,3
4130683,3
4130684,3
4130685,3
4130686,3
4130687,3
4130688,3
4130689,3
4130690,3
4130691,3
4130692,3
4130693,3
4130694,3
4130695,3
4130696,3
4130697,3
4130698,3
4130699,3
4130700,3
4130701,3
4130702,3
4130703,3
4130704,3
4130705,3
4130706,3
4130707,3
4130708,3
4130709,3
4130710,3
4130711,3
4130712,3
4130713,3
4130714,3
4130715,3
4130716,3
4130717,3
4130718,3
4130719,3
4130720,3
4130721,3
4130722,3
4130723,3
4130724,3
4130725,3
4130726,3
4130727,3
4130728,3
4130729,3
4130730,3
4130731,3
4130732,3
4130733,3
4130734,3
4130735,3
4130736,3
4130737,3
4130738,3
4130739,3
4130740,3
4130741,3
4130742,3
4130743,3
4130744,3
4130745,3
4130746,3
4130747,3
4130748,3
4130749,3
4130750,3
4130751,3
4130752,3
4130753,3
4130754,3
4130755,3
4130756,3
4130757,3
4130758,3
4130759,3
4130760,3
4130761,3
4130762,3
4130763,3
4130764,3
4130765,3
4130766,3
4130767,3
4130768,3
4130769,3
4130770,3
4130771,3
4130772,3
4130773,3
4130774,3
4130775,3
4130776,3
4130777,3
4130778,3
4130779,3
4130780,3
4130781,3
4130782,3
4130783,3
4130784,3
4130785,3
4130786,3
4130787,3
4130788,3
4130789,3
4130790,3
4130791,3
4130792,3
4130793,3
4130794,3
4130795,3
4130796,3
4130797,3
4130798,3
4130799,3
4130800,3
4130801,3
4130802,3
4130803,3
4130804,3
4130805,3
4130806,3
4130807,3
4130808,3
4130809,3
4130810,3
4130811,3
4130812,3
4130813,3
4130814,3
4130815,3
4130816,3
4130817,3
4130818,3
4130819,3
4130820,3
4130821,3
4130822,3
4130823,3
4130824,3
4130825,3
4130826,3
4130827,3
4130828,3
4130829,3
4130830,3
4130831,3
4130832,3
4130833,3
4130834,3
4130835,3
4130836,3
4130837,3
4130838,3
4130839,3
4130840,3
4130841,3
4130842,3
4130843,3
4130844,3
4130845,3
4130846,3
4130847,3
4130848,3
4130849,3
4130850,3
4130851,3
4130852,3
4130853,3
4130854,3
4130855,3
4130856,3
4130857,3
4130858,3
4130859,3
4130860,3
4130861,3
4130862,3
4130863,3
4130864,3
4130865,3
4130866,3
4130867,3
4130868,3
4130869,3
4130870,3
4130871,3
4130872,3
4130873,3
4130874,3
4130875,3
4130876,3
4130877,3
4130878,3
4130879,3
4130880,3
4130881,3
4130882,3
4130883,3
4130884,3
4130885,3
4130886,3
4130887,3
4130888,3
4130889,3
4130890,3
4130891,3
4130892,3
4130893,3
4130894,3
4130895,3
4130896,3
4130897,3
4130898,3
4130899,3
4130900,3
4130901,3
4130902,3
4130903,3
4130904,3
4130905,3
4130906,3
4130907,3
4130908,3
4130909,3
4130910,3
4130911,3
4130912,3
4130913,3
4130914,3
4130915,3
4130916,3
4130917,3
4130918,3
4130919,3
4130920,3
4130921,3
4130922,3
4130923,3
4130924,3
4130925,3
4130926,3
4130927,3
4130928,3
4130929,3
4130930,3
4130931,3
4130932,3
4130933,3
4130934,3
4130935,3
4130936,3
4130937,3
4130938,3
4130939,3
4130940,3
4130941,3
4130942,3
4130943,3
4130944,3
4130945,3
4130946,3
4130947,3
4130948,3
4130949,3
4130950,3
4130951,3
4130952,3
4130953,3
4130954,3
4130955,3
4130956,3
4130957,3
4130958,3
4130959,3
4130960,3
4130961,3
4130962,3
4130963,3
4130964,3
4130965,3
4130966,3
4130967,3
4130968,3
4130969,3
4130970,3
4130971,3
4130972,3
4130973,3
4130974,3
4130975,3
4130976,3
4130977,3
4130978,3
4130979,3
4130980,3
4130981,3
4130982,3
4130983,3
4130984,3
4130985,3
4130986,3
4130987,3
4130988,3
4130989,3
4130990,3
4130991,3
4130992,3
4130993,3
4130994,3
4130995,3
4130996,3
4130997,3
4130998,3
4130999,3
4131000,3
4131001,3
4131002,3
4131003,3
4131004,3
4131005,3
4131006,3
4131007,3
4131008,3
4131009,3
4131010,3
4131011,3
4131012,3
4131013,3
4131014,3
4131015,3
4131016,3
4131017,3
4131018,3
4131019,3
4131020,3
4131021,3
4131022,3
4131023,3
4131024,3
4131025,3
4131026,3
4131027,3
4131028,3
4131029,3
4131030,3
4131031,3
4131032,3
4131033,3
4131034,3
4131035,3
4131036,3
4131037,3
4131038,3
4131039,3
4131040,3
4131041,3
4131042,3
4131043,3
4131044,3
4131045,3
4131046,3
4131047,3
4131048,3
4131049,3
4131050,3
4131051,3
4131052,3
4131053,3
4131054,3
4131055,3
4131056,3
4131057,3
4131058,3
4131059,3
4131060,3
4131061,3
4131062,3
4131063,3
4131064,3
4131065,3
4131066,3
4131067,3
4131068,3
4131069,3
4131070,3
4131071,3
4131072,3
4131073,3
4131074,3
4131075,3
4131076,3
4131077,3
4131078,3
4131079,3
4131080,3
4131081,3
4131082,3
4131083,3
4131084,3
4131085,3
4131086,3
4131087,3
4131088,3
4131089,3
4131090,3
4131091,3
4131092,3
4131093,3
4131094,3
4131095,3
4131096,3
4131097,3
4131098,3
4131099,3
4131100,3
4131101,3
4131102,3
4131103,3
4131104,3
4131105,3
4131106,3
4131107,3
4131108,3
4131109,3
4131110,3
4131111,3
4131112,3
4131113,3
4131114,3
4131115,3
4131116,3
4131117,3
4131118,3
4131119,3
4131120,3
4131121,3
4131122,3
4131123,3
4131124,3
4131125,3
4131126,3
4131127,3
4131128,3
4131129,3
4131130,3
4131131,3
4131132,3
4131133,3
4131134,3
4131135,3
4131136,3
4131137,3
4131138,3
4131139,3
4131140,3
4131141,3
4131142,3
4131143,3
4131144,3
4131145,3
4131146,3
4131147,3
4131148,3
4131149,3
4131150,3
4131151,3
4131152,3
4131153,3
4131154,3
4131155,3
4131156,3
4131157,3
4131158,3
4131159,3
4131160,3
4131161,3
4131162,3
4131163,3
4131164,3
4131165,3
4131166,3
4131167,3
4131168,3
4131169,3
4131170,3
4131171,3
4131172,3
4131173,3
4131174,3
4131175,3
4131176,3
4131177,3
4131178,3
4131179,3
4131180,3
4131181,3
4131182,3
4131183,3
4131184,3
4131185,3
4131186,3
4131187,3
4131188,3
4131189,3
4131190,3
4131191,3
4131192,3
4131193,3
4131194,3
4131195,3
4131196,3
4131197,3
4131198,3
4131199,3
4131200,3
4131201,3
4131202,3
4131203,3
4131204,3
4131205,3
4131206,3
4131207,3
4131208,3
4131209,3
4131210,3
4131211,3
4131212,3
4131213,3
4131214,3
4131215,3
4131216,3
4131217,3
4131218,3
4131219,3
4131220,3
4131221,3
4131222,3
4131223,3
4131224,3
4131225,3
4131226,3
4131227,3
4131228,3
4131229,3
4131230,3
4131231,3
4131232,3
4131233,3
4131234,3
4131235,3
4131236,3
4131237,3
4131238,3
4131239,3
4131240,3
4131241,3
4131242,3
4131243,3
4131244,3
4131245,3
4131246,3
4131247,3
4131248,3
4131249,3
4131250,3
4131251,3
4131252,3
4131332,3
4131333,3
4131334,3
4131335,3
4131336,3
4131337,3
4131338,3
4131339,3
4131340,3
4131341,3
4131342,3
4131343,3
4131344,3
4131345,3
4131346,3
4131347,3
4131348,3
4131349,3
4131350,3
4131351,3
4131352,3
4131353,3
4131354,3
4131355,3
4131356,3
4131357,3
4131358,3
4131359,3
4131360,3
4131361,3
4131362,3
4131363,3
4131364,3
4131365,3
4131366,3
4131367,3
4131369,3
4131370,3
4131371,3
4131372,3
4131373,3
4131374,3
4131376,3
4131377,3
4131378,3
4131379,3
4131382,3
4131383,3
4131384,3
4131385,3
4131386,3
4131387,3
4131388,3
4131389,3
4131390,3
4131391,3
4131392,3
4131393,3
4131394,3
4131395,3
4131396,3
4131397,3
4131398,3
4131399,3
4131400,3
4131401,3
4131402,3
4131403,3
4131404,3
4131405,3
4131406,3
4131407,3
4131408,3
4131409,3
4131410,3
4131411,3
4131412,3
4131413,3
4131414,3
4131415,3
4131416,3
4131417,3
4131418,3
4131419,3
4131420,3
4131421,3
4131422,3
4131423,3
4131424,3
4131425,3
4131426,3
4131427,3
4131428,3
4131429,3
4131430,3
4131431,3
4131432,3
4131433,3
4131434,3
4131435,3
4131436,3
4131437,3
4131442,3
4131443,3
4131444,3
4131445,3
4131446,3
4131447,3
4131448,3
4131449,3
4131450,3
4131451,3
4131452,3
4131453,3
4131454,3
4131455,3
4131456,3
4131457,3
4131458,3
4131459,3
4131460,3
4131461,3
4131462,3
4131463,3
4131464,3
4131465,3
4131466,3
4131467,3
4131468,3
4131469,3
4131470,3
4131471,3
4131472,3
4131473,3
4131474,3
4131475,3
4131476,3
4131477,3
4131478,3
4131479,3
4131480,3
4131481,3
4131482,3
4131483,3
4131484,3
4131485,3
4131486,3
4131487,3
4131488,3
4131489,3
4131490,3
4131491,3
4131492,3
4131493,3
4131494,3
4131495,3
4131496,3
4131497,3
4131498,3
4131499,3
4131500,3
4131501,3
4131502,3
4131503,3
4131504,3
4131505,3
4131506,3
4131507,3
4131508,3
4131509,3
4131510,3
4131511,3
4131512,3
4131513,3
4131514,3
4131515,3
4131516,3
4131517,3
4131518,3
4131519,3
4131520,3
4131521,3
4131522,3
4131523,3
4131524,3
4131525,3
4131526,3
4131527,3
4131528,3
4131529,3
4131530,3
4131531,3
4131532,3
4131533,3
4131534,3
4131535,3
4131536,3
4131537,3
4131538,3
4131539,3
4131540,3
4131541,3
4131542,3
4131543,3
4131544,3
4131545,3
4131546,3
4131547,3
4131548,3
4131549,3
4131550,3
4131551,3
4131552,3
4131553,3
4131554,3
4131555,3
4131556,3
4131557,3
4131558,3
4131559,3
4131560,3
4131561,3
4131562,3
4131563,3
4131564,3
4131565,3
4131566,3
4131567,3
4131568,3
4131569,3
4131570,3
4131571,3
4131572,3
4131573,3
4131574,3
4131578,3
4131579,3
4131580,3
4131581,3
4131582,3
4131583,3
4131584,3
4131585,3
4131588,3
4131590,3
4131591,3
4131592,3
4131593,3
4131594,3
4131595,3
4131596,3
4131597,3
4131598,3
4131599,3
4131600,3
4131601,3
4131602,3
4131603,3
4131604,3
4131605,3
4131606,3
4131607,3
4131608,3
4131609,3
4131610,3
4131611,3
4131612,3
4131613,3
4131614,3
4131615,3
4131616,3
4131617,3
4131618,3
4131619,3
4131620,3
4131621,3
4131622,3
4131623,3
4131624,3
4131625,3
4131626,3
4131627,3
4131628,3
4131629,3
4131630,3
4131631,3
4131632,3
4131633,3
4131634,3
4131635,3
4131636,3
4131637,3
4131638,3
4131639,3
4131640,3
4131641,3
4131642,3
4131643,3
4131644,3
4131645,3
4131646,3
4131647,3
4131648,3
4131649,3
4131650,3
4131651,3
4131652,3
4131653,3
4131654,3
4131655,3
4131656,3
4131657,3
4131658,3
4131659,3
4131660,3
4131661,3
4131662,3
4131663,3
4131664,3
4131665,3
4131666,3
4131667,3
4131668,3
4131669,3
4131670,3
4131671,3
4131672,3
4131673,3
4131674,3
4131675,3
4131676,3
4131677,3
4131678,3
4131679,3
4131680,3
4131681,3
4131682,3
4131683,3
4131684,3
4131685,3
4131686,3
4131687,3
4131688,3
4131689,3
4131690,3
4131691,3
4131692,3
4131693,3
4131694,3
4131695,3
4131696,3
4131697,3
4131698,3
4131699,3
4131700,3
4131701,3
4131702,3
4131704,3
4131705,3
4131706,3
4131707,3
4131708,3
4131709,3
4131710,3
4131711,3
4131712,3
4131713,3
4131714,3
4131715,3
4131716,3
4131717,3
4131718,3
4131719,3
4131720,3
4131721,3
4131722,3
4131723,3
4131724,3
4131725,3
4131726,3
4131727,3
4131728,3
4131729,3
4131730,3
4131731,3
4131732,3
4131733,3
4131734,3
4131735,3
4131737,3
4131738,3
4131739,3
4131740,3
4131741,3
4131742,3
4131743,3
4131744,3
4131745,3
4131746,3
4131747,3
4131748,3
4131749,3
4131750,3
4131751,3
4131752,3
4131753,3
4131754,3
4131755,3
4131756,3
4131757,3
4131758,3
4131759,3
4131760,3
4131761,3
4131762,3
4131763,3
4131764,3
4131765,3
4131766,3
4131767,3
4131768,3
4131769,3
4131770,3
4131771,3
4131772,3
4131773,3
4131774,3
4131775,3
4131776,3
4131777,3
4131778,3
4131779,3
4131780,3
4131781,3
4131782,3
4131783,3
4131784,3
4131785,3
4131786,3
4131787,3
4131788,3
4131789,3
4131790,3
4131791,3
4131792,3
4131793,3
4131794,3
4131795,3
4131796,3
4131797,3
4131798,3
4131799,3
4131800,3
4131801,3
4131802,3
4131803,3
4131804,3
4131805,3
4131806,3
4131807,3
4131808,3
4131809,3
4131810,3
4131811,3
4131812,3
4131813,3
4131814,3
4131815,3
4131816,3
4131817,3
4131818,3
4131819,3
4131820,3
4131821,3
4131822,3
4131823,3
4131824,3
4131825,3
4131826,3
4131827,3
4131828,3
4131829,3
4131830,3
4131831,3
4131832,3
4131833,3
4131834,3
4131835,3
4131836,3
4131837,3
4131838,3
4131839,3
4131840,3
4131841,3
4131842,3
4131843,3
4131844,3
4131845,3
4131846,3
4131847,3
4131848,3
4131849,3
4131850,3
4131851,3
4131852,3
4131853,3
4131854,3
4131855,3
4131856,3
4131857,3
4131858,3
4131859,3
4131860,3
4131861,3
4131862,3
4131863,3
4131864,3
4131865,3
4131866,3
4131867,3
4131868,3
4131869,3
4131870,3
4131871,3
4131872,3
4131873,3
4131874,3
4131875,3
4131876,3
4131877,3
4131878,3
4131879,3
4131880,3
4131881,3
4131882,3
4131883,3
4131884,3
4131885,3
4131886,3
4131887,3
4131888,3
4131889,3
4131890,3
4131891,3
4131892,3
4131893,3
4131894,3
4131895,3
4131896,3
4131897,3
4131898,3
4131899,3
4131900,3
4131901,3
4131902,3
4131903,3
4131904,3
4131905,3
4131906,3
4131907,3
4131908,3
4131909,3
4131910,3
4131911,3
4131912,3
4131913,3
4131914,3
4131915,3
4131916,3
4131917,3
4131918,3
4131919,3
4131920,3
4131921,3
4131922,3
4131923,3
4131924,3
4131925,3
4131926,3
4131927,3
4131928,3
4131929,3
4131930,3
4131931,3
4131932,3
4131933,3
4131934,3
4131935,3
4131936,3
4131937,3
4131938,3
4131939,3
4131940,3
4131941,3
4131942,3
4131943,3
4131944,3
4131945,3
4131946,3
4131947,3
4131948,3
4131949,3
4131950,3
4131951,3
4131952,3
4131953,3
4131954,3
4131955,3
4131956,3
4131957,3
4131958,3
4131959,3
4131960,3
4131961,3
4131962,3
4131963,3
4131964,3
4131965,3
4131966,3
4131967,3
4131968,3
4131969,3
4131970,3
4131971,3
4131972,3
4131973,3
4131974,3
4131975,3
4131976,3
4131977,3
4131978,3
4131979,3
4131980,3
4131981,3
4131982,3
4131983,3
4131984,3
4131985,3
4131986,3
4131987,3
4131988,3
4131989,3
4131990,3
4131991,3
4131992,3
4131993,3
4131994,3
4131995,3
4131996,3
4131997,3
4131998,3
4131999,3
4132000,3
4132001,3
4132002,3
4132003,3
4132004,3
4132005,3
4132006,3
4132007,3
4132008,3
4132009,3
4132010,3
4132011,3
4132012,3
4132013,3
4132014,3
4132015,3
4132016,3
4132017,3
4132018,3
4132019,3
4132020,3
4132021,3
4132022,3
4132023,3
4132024,3
4132025,3
4132026,3
4132028,3
4132029,3
4132030,3
4132031,3
4132032,3
4132033,3
4132034,3
4132035,3
4132036,3
4132037,3
4132038,3
4132039,3
4132040,3
4132041,3
4132042,3
4132043,3
4132044,3
4132045,3
4132046,3
4132047,3
4132048,3
4132049,3
4132050,3
4132051,3
4132052,3
4132053,3
4132054,3
4132055,3
4132056,3
4132057,3
4132058,3
4132059,3
4132060,3
4132061,3
4132062,3
4132063,3
4132064,3
4132065,3
4132066,3
4132067,3
4132068,3
4132069,3
4132070,3
4132071,3
4132072,3
4132073,3
4132074,3
4132075,3
4132076,3
4132077,3
4132078,3
4132079,3
4132080,3
4132081,3
4132082,3
4132083,3
4132084,3
4132085,3
4132086,3
4132087,3
4132088,3
4132089,3
4132090,3
4132091,3
4132092,3
4132093,3
4132094,3
4132095,3
4132096,3
4132097,3
4132098,3
4132099,3
4132100,3
4132101,3
4132102,3
4132103,3
4132104,3
4132105,3
4132106,3
4132107,3
4132108,3
4132109,3
4132110,3
4132111,3
4132112,3
4132113,3
4132114,3
4132115,3
4132116,3
4132117,3
4132118,3
4132119,3
4132120,3
4132121,3
4132122,3
4132123,3
4132124,3
4132125,3
4132126,3
4132127,3
4132128,3
4132129,3
4132130,3
4132131,3
4132132,3
4132133,3
4132134,3
4132135,3
4132136,3
4132137,3
4132138,3
4132139,3
4132140,3
4132141,3
4132142,3
4132143,3
4132144,3
4132145,3
4132146,3
4132147,3
4132148,3
4132149,3
4132150,3
4132151,3
4132152,3
4132153,3
4132154,3
4132155,3
4132156,3
4132157,3
4132158,3
4132159,3
4132160,3
4132161,3
4132162,3
4132163,3
4132164,3
4132165,3
4132166,3
4132167,3
4132168,3
4132169,3
4132170,3
4132171,3
4132172,3
4132173,3
4132174,3
4132175,3
4132176,3
4132177,3
4132178,3
4132179,3
4132180,3
4132181,3
4132182,3
4132183,3
4132184,3
4132185,3
4132186,3
4132187,3
4132188,3
4132189,3
4132190,3
4132191,3
4132192,3
4132193,3
4132194,3
4132195,3
4132196,3
4132207,3
4132208,3
4132209,3
4132210,3
4132211,3
4132212,3
4132213,3
4132214,3
4132215,3
4132216,3
4132217,3
4132218,3
4132219,3
4132220,3
4132221,3
4132222,3
4132223,3
4132224,3
4132225,3
4132226,3
4132227,3
4132228,3
4132229,3
4132230,3
4132231,3
4132232,3
4132233,3
4132234,3
4132235,3
4132238,3
4132239,3
4132249,3
4132250,3
4132266,3
4132293,3
4132298,3
4132299,3
4132300,3
4132312,3
4132313,3
4132314,3
4132315,3
4132562,3
4132580,0
4132698,3
4132816,3
4132817,3
4132818,1
4132819,1
4132820,1
4132837,3
4132838,3
4132839,3
4132840,3
4132841,3
4132842,3
4132843,3
4132844,3
4132845,3
4132846,3
4132847,3
4132848,3
4132849,3
4132850,3
4132851,3
4132852,3
4132853,3
4132854,3
4132855,3
4132856,3
4132857,3
4132858,3
4132859,3
4132860,3
4132861,3
4132862,3
4132863,3
4132864,3
4132865,3
4132866,3
4132867,3
4132868,3
4132869,3
4132870,3
4132871,3
4132872,3
4132873,3
4132874,3
4132875,3
4132876,3
4132877,3
4132878,3
4132879,3
4132880,3
4132881,4
4132882,4
4132883,4
4132884,4
4132907,3
4132908,3
4132911,3
4132912,3
4132913,3
4132914,3
4132915,3
4132916,3
4132917,3
4132922,3
4132926,3
4132930,3
4132971,3
4132972,3
4132973,3
4132974,3
4132975,3
4132976,3
4132977,3
4132978,3
4132979,3
4132980,3
4132981,3
4132982,3
4132983,3
4132984,3
4132985,3
4132986,3
4132987,3
4132988,3
4132989,3
4132990,3
4132991,3
4132992,3
4132993,3
4132994,3
4132996,3
4132997,3
4132998,3
4132999,3
4133000,3
4133001,3
4133002,3
4133003,3
4133004,3
4133005,3
4133006,3
4133007,3
4133008,3
4133009,3
4133010,3
4133011,3
4133012,3
4133013,3
4133014,3
4133015,3
4133016,3
4133017,3
4133018,3
4133019,3
4133020,3
4133021,3
4133022,3
4133023,3
4133024,3
4133025,3
4133026,3
4133027,3
4133028,3
4133029,3
4133030,3
4133031,3
4133032,3
4133033,3
4133034,3
4133035,3
4133036,3
4133037,3
4133038,3
4133039,3
4133040,3
4133041,3
4133042,3
4133043,3
4133044,3
4133045,3
4133046,3
4133047,3
4133048,3
4133049,3
4133050,3
4133051,3
4133052,3
4133053,3
4133054,3
4133055,3
4133056,3
4133057,3
4133058,3
4133059,3
4133060,3
4133061,3
4133062,3
4133063,3
4133064,3
4133065,3
4133066,3
4133067,3
4133068,3
4133069,3
4133070,3
4133071,3
4133072,3
4133073,3
4133074,3
4133075,3
4133076,3
4133077,3
4133078,3
4133079,3
4133080,3
4133081,3
4133082,3
4133083,3
4133084,3
4133091,3
4133105,4
4133106,4
4133107,4
4133108,4
4133109,4
4133138,3
4133139,3
4133140,3
4133141,3
4133142,3
4133143,3
4133144,3
4133145,3
4133146,3
4133147,3
4133148,3
4133149,3
4133150,3
4133152,3
4133153,3
4133154,3
4133155,3
4133156,3
4133157,3
4133158,3
4133159,3
4133160,3
4133161,3
4133162,3
4133163,3
4133164,3
4133165,3
4133166,3
4133167,3
4133168,3
4133169,3
4133170,3
4133171,3
4133172,3
4133173,3
4133174,3
4133175,3
4133176,3
4133177,3
4133178,3
4133179,3
4133180,3
4133181,3
4133182,3
4133183,3
4133184,3
4133185,3
4133186,3
4133187,3
4133188,3
4133189,3
4133190,3
4133191,3
4133192,3
4133193,3
4133194,3
4133195,3
4133196,3
4133197,3
4133198,3
4133199,3
4133200,3
4133201,3
4133202,3
4133203,3
4133204,3
4133205,3
4133206,3
4133207,3
4133208,3
4133209,3
4133210,3
4133211,3
4133212,3
4133213,3
4133214,3
4133215,3
4133216,3
4133217,3
4133218,3
4133219,3
4133220,3
4133221,3
4133222,3
4133223,3
4133224,3
4133225,3
4133226,3
4133227,3
4133228,3
4133229,3
4133230,3
4133231,3
4133232,3
4133233,3
4133234,3
4133235,3
4133236,3
4133237,3
4133238,3
4133239,3
4133240,3
4133241,3
4133242,3
4133243,3
4133244,3
4133245,3
4133246,3
4133247,3
4133248,3
4133249,3
4133250,3
4133251,3
4133252,3
4133253,3
4133254,3
4133255,3
4133256,3
4133257,3
4133258,3
4133259,3
4133260,3
4133261,3
4133262,3
4133263,3
4133264,3
4133265,3
4133266,3
4133267,3
4133268,3
4133269,3
4133270,3
4133271,3
4133272,3
4133273,3
4133274,3
4133275,3
4133276,3
4133277,3
4133278,3
4133279,3
4133280,3
4133281,3
4133282,3
4133283,3
4133284,3
4133285,3
4133286,3
4133287,3
4133288,3
4133289,3
4133290,3
4133291,3
4133292,3
4133293,3
4133294,3
4133295,3
4133296,3
4133297,3
4133298,3
4133299,3
4133300,3
4133301,3
4133302,3
4133303,3
4133304,3
4133305,3
4133306,3
4133307,3
4133308,3
4133309,3
4133310,3
4133311,3
4133312,3
4133313,3
4133314,3
4133315,3
4133316,3
4133317,3
4133318,3
4133319,3
4133320,3
4133321,3
4133322,3
4133323,3
4133324,3
4133325,3
4133326,3
4133327,3
4133328,3
4133329,3
4133330,3
4133331,3
4133332,3
4133333,3
4133334,3
4133335,3
4133336,3
4133337,3
4133338,3
4133339,3
4133340,3
4133341,3
4133342,3
4133343,3
4133344,3
4133345,3
4133346,3
4133347,3
4133348,3
4133349,3
4133350,3
4133351,3
4133352,3
4133353,3
4133354,3
4133355,3
4133356,3
4133357,3
4133358,3
4133359,3
4133360,3
4133361,3
4133362,3
4133363,3
4133364,3
4133365,3
4133366,3
4133367,3
4133368,3
4133369,3
4133370,3
4133371,3
4133372,3
4133373,3
4133374,3
4133375,3
4133376,3
4133377,3
4133378,3
4133379,3
4133380,3
4133381,3
4133382,3
4133383,3
4133384,3
4133385,3
4133386,3
4133387,3
4133388,3
4133389,3
4133390,3
4133391,3
4133392,3
4133393,3
4133394,3
4133395,3
4133396,3
4133397,3
4133398,3
4133399,3
4133400,3
4133401,3
4133402,3
4133403,3
4133404,3
4133405,3
4133406,3
4133407,3
4133408,3
4133409,3
4133410,3
4133411,3
4133412,3
4133413,3
4133414,3
4133415,3
4133416,3
4133417,3
4133418,3
4133419,3
4133420,3
4133421,3
4133422,3
4133423,3
4133424,3
4133425,3
4133426,3
4133427,3
4133428,3
4133429,3
4133430,3
4133431,3
4133432,3
4133433,3
4133434,3
4133435,3
4133436,3
4133437,3
4133438,3
4133439,3
4133440,3
4133441,3
4133442,3
4133443,3
4133444,3
4133445,3
4133446,3
4133447,3
4133448,3
4133449,3
4133450,3
4133451,3
4133452,3
4133453,3
4133454,3
4133455,3
4133456,3
4133457,3
4133458,3
4133459,3
4133460,3
4133461,3
4133462,3
4133463,3
4133464,3
4133465,3
4133466,3
4133467,3
4133468,3
4133469,3
4133470,3
4133471,3
4133472,3
4133473,3
4133474,3
4133475,3
4133476,3
4133477,3
4133478,3
4133479,3
4133480,3
4133481,3
4133482,3
4133483,3
4133484,3
4133485,3
4133486,3
4133487,3
4133488,3
4133489,3
4133490,3
4133491,3
4133492,3
4133493,3
4133494,3
4133495,3
4133496,3
4133497,3
4133498,3
4133499,3
4133500,3
4133501,3
4133502,3
4133503,3
4133504,3
4133505,3
4133506,3
4133507,3
4133508,3
4133509,3
4133510,3
4133511,3
4133512,3
4133513,3
4133514,3
4133515,3
4133516,3
4133517,3
4133518,3
4133519,3
4133520,3
4133521,3
4133522,3
4133523,3
4133524,3
4133525,3
4133526,3
4133527,3
4133528,3
4133529,3
4133530,3
4133531,3
4133532,3
4133533,3
4133534,3
4133535,3
4133536,3
4133537,3
4133538,3
4133539,3
4133540,3
4133541,3
4133542,3
4133543,3
4133544,3
4133545,3
4133546,3
4133547,3
4133548,3
4133549,3
4133550,3
4133551,3
4133552,3
4133553,3
4133554,3
4133555,3
4133556,3
4133557,3
4133558,3
4133559,3
4133560,3
4133561,3
4133562,3
4133563,3
4133564,3
4133565,3
4133566,3
4133567,3
4133568,3
4133569,3
4133570,3
4133571,3
4133572,3
4133573,3
4133574,3
4133575,3
4133576,3
4133577,3
4133578,3
4133579,3
4133580,3
4133581,3
4133582,3
4133583,3
4133584,3
4133585,3
4133586,3
4133587,3
4133588,3
4133589,3
4133590,3
4133591,3
4133592,3
4133593,3
4133594,3
4133595,3
4133596,3
4133597,3
4133598,3
4133599,3
4133600,3
4133601,3
4133602,3
4133603,3
4133604,3
4133605,3
4133606,3
4133607,3
4133608,3
4133609,3
4133610,3
4133611,3
4133612,3
4133613,3
4133614,3
4133615,3
4133616,3
4133617,3
4133618,3
4133619,3
4133620,3
4133621,3
4133622,3
4133623,3
4133624,3
4133625,3
4133626,3
4133627,3
4133628,3
4133629,3
4133630,3
4133631,3
4133632,3
4133633,3
4133634,3
4133635,3
4133636,3
4133637,3
4133638,3
4133639,3
4133640,3
4133641,3
4133642,3
4133643,3
4133644,3
4133645,3
4133646,3
4133647,3
4133648,3
4133649,3
4133650,3
4133651,3
4133652,3
4133653,3
4133654,3
4133655,3
4133656,3
4133657,3
4133658,3
4133659,3
4133660,3
4133661,3
4133662,3
4133663,3
4133664,3
4133665,3
4133666,3
4133667,3
4133668,3
4133669,3
4133670,3
4133671,3
4133672,3
4133673,3
4133674,3
4133675,3
4133676,3
4133677,3
4133678,3
4133679,3
4133680,3
4133681,3
4133682,3
4133683,3
4133684,3
4133685,3
4133686,3
4133687,3
4133688,3
4133689,3
4133690,3
4133691,3
4133692,3
4133693,3
4133694,3
4133695,3
4133696,3
4133697,3
4133698,3
4133699,3
4133700,3
4133701,3
4133702,3
4133703,3
4133704,3
4133705,3
4133706,3
4133707,3
4133708,3
4133709,3
4133710,3
4133711,3
4133712,3
4133713,3
4133714,3
4133715,3
4133716,3
4133717,3
4133718,3
4133719,3
4133720,3
4133721,3
4133722,3
4133723,3
4133724,3
4133725,3
4133726,3
4133727,3
4133728,3
4133729,3
4133730,3
4133731,3
4133732,3
4133733,3
4133734,3
4133735,3
4133736,3
4133737,3
4133738,3
4133739,3
4133740,3
4133741,3
4133742,3
4133743,3
4133744,3
4133745,3
4133746,3
4133747,3
4133748,3
4133749,3
4133750,3
4133751,3
4133752,3
4133753,3
4133754,3
4133755,3
4133756,3
4133757,3
4133758,3
4133759,3
4133760,3
4133761,3
4133762,3
4133763,3
4133764,3
4133765,3
4133766,3
4133767,3
4133768,3
4133769,3
4133770,3
4133771,3
4133772,3
4133773,3
4133774,3
4133775,3
4133776,3
4133777,3
4133778,3
4133779,3
4133780,3
4133781,3
4133782,3
4133783,3
4133784,3
4133785,3
4133786,3
4133787,3
4133788,3
4133789,3
4133790,3
4133791,3
4133792,3
4133793,3
4133794,3
4133795,3
4133796,3
4133797,3
4133798,3
4133799,3
4133800,3
4133801,3
4133802,3
4133803,3
4133804,3
4133805,3
4133806,3
4133807,3
4133808,3
4133809,3
4133810,3
4133811,3
4133812,3
4133813,3
4133814,3
4133815,3
4133816,3
4133817,3
4133818,3
4133819,3
4133820,3
4133821,3
4133822,3
4133823,3
4133824,3
4133825,3
4133826,3
4133827,3
4133828,3
4133829,3
4133830,3
4133831,3
4133832,3
4133833,3
4133834,3
4133835,3
4133836,3
4133837,3
4133838,3
4133839,3
4133840,3
4133841,3
4133842,3
4133843,3
4133845,3
4133846,3
4133847,3
4133848,3
4133849,3
4133850,3
4133852,3
4133853,3
4133854,3
4133855,3
4133856,3
4133857,3
4133858,3
4133859,3
4133860,3
4133861,3
4133862,3
4133863,3
4133864,3
4133865,3
4133866,3
4133867,3
4133868,3
4133869,3
4133870,3
4133871,3
4133872,3
4133873,3
4133874,3
4133875,3
4133876,3
4133877,3
4133878,3
4133879,3
4133880,3
4133881,3
4133882,3
4133883,3
4133884,3
4133885,3
4133886,3
4133887,3
4133888,3
4133889,3
4133890,3
4133891,3
4133892,3
4133893,3
4133894,3
4133895,3
4133896,3
4133897,3
4133898,3
4133899,3
4133900,3
4133901,3
4133902,3
4133903,3
4133904,3
4133905,3
4133906,3
4133907,3
4133908,3
4133909,3
4133910,3
4133911,3
4133912,3
4133913,3
4133914,3
4133915,3
4133916,3
4133917,3
4133918,3
4133919,3
4133920,3
4133921,3
4133922,3
4133923,3
4133924,3
4133925,3
4133926,3
4133927,3
4133928,3
4133929,3
4133930,3
4133931,3
4133932,3
4133933,3
4133934,3
4133935,3
4133936,3
4133937,3
4133938,3
4133939,3
4133940,3
4133941,3
4133942,3
4133943,3
4133944,3
4133945,3
4133946,3
4133947,3
4133948,3
4133949,3
4133950,3
4133951,3
4133952,3
4133953,3
4133954,3
4133955,3
4133956,3
4133957,3
4133958,3
4133959,3
4133960,3
4133961,3
4133962,3
4133963,3
4133964,3
4133965,3
4133966,3
4133967,3
4133968,3
4133969,3
4133970,3
4133971,3
4133972,3
4133973,3
4133974,3
4133975,3
4133976,3
4133977,3
4133978,3
4133979,3
4133980,3
4133981,3
4133982,3
4133983,3
4133984,3
4133985,3
4133986,3
4133987,3
4133988,3
4133989,3
4133990,3
4133991,3
4133992,3
4133993,3
4133994,3
4133995,3
4133996,3
4133997,3
4133998,3
4133999,3
4134000,3
4134001,3
4134002,3
4134003,3
4134004,3
4134005,3
4134006,3
4134007,3
4134008,3
4134009,3
4134010,3
4134011,3
4134012,3
4134013,3
4134014,3
4134015,3
4134016,3
4134017,3
4134018,3
4134019,3
4134020,3
4134021,3
4134022,3
4134023,3
4134024,3
4134025,3
4134026,3
4134027,3
4134028,3
4134029,3
4134030,3
4134031,3
4134032,3
4134033,3
4134034,3
4134035,3
4134036,3
4134037,3
4134038,3
4134039,3
4134040,3
4134041,3
4134042,3
4134043,3
4134044,3
4134045,3
4134046,3
4134047,3
4134048,3
4134049,3
4134050,3
4134051,3
4134052,3
4134053,3
4134054,3
4134055,3
4134056,3
4134057,3
4134058,3
4134059,3
4134060,3
4134061,3
4134062,3
4134063,3
4134064,3
4134065,3
4134066,3
4134067,3
4134068,3
4134069,3
4134070,3
4134071,3
4134072,3
4134073,3
4134074,3
4134075,3
4134076,3
4134077,3
4134078,3
4134079,3
4134080,3
4134081,3
4134082,3
4134083,3
4134084,3
4134085,3
4134086,3
4134087,3
4134088,3
4134089,3
4134090,3
4134091,3
4134092,3
4134093,3
4134094,3
4134095,3
4134096,3
4134097,3
4134098,3
4134099,3
4134100,3
4134101,3
4134102,3
4134103,3
4134104,3
4134105,3
4134106,3
4134107,3
4134108,3
4134109,3
4134110,3
4134111,3
4134112,3
4134113,3
4134114,3
4134115,3
4134116,3
4134117,3
4134118,3
4134119,3
4134120,3
4134121,3
4134122,3
4134123,3
4134124,3
4134125,3
4134126,3
4134127,3
4134128,3
4134129,3
4134130,3
4134131,3
4134132,3
4134133,3
4134134,3
4134135,3
4134136,3
4134137,3
4134138,3
4134139,3
4134140,3
4134141,3
4134142,3
4134143,3
4134144,3
4134145,3
4134146,3
4134147,3
4134148,3
4134149,3
4134150,3
4134151,3
4134152,3
4134153,3
4134154,3
4134155,3
4134156,3
4134157,3
4134158,3
4134159,3
4134160,3
4134161,3
4134162,3
4134163,3
4134164,3
4134165,3
4134166,3
4134167,3
4134168,3
4134169,3
4134170,3
4134171,3
4134172,3
4134173,3
4134174,3
4134175,3
4134176,3
4134177,3
4134178,3
4134179,3
4134180,3
4134181,3
4134182,3
4134183,3
4134184,3
4134185,3
4134186,3
4134187,3
4134188,3
4134189,3
4134190,3
4134191,3
4134192,3
4134193,3
4134194,3
4134195,3
4134196,3
4134197,3
4134198,3
4134199,3
4134200,3
4134201,3
4134202,3
4134203,3
4134204,3
4134205,3
4134206,3
4134207,3
4134208,3
4134209,3
4134210,3
4134211,3
4134212,3
4134213,3
4134214,3
4134215,3
4134216,3
4134217,3
4134218,3
4134219,3
4134220,3
4134221,3
4134222,3
4134223,3
4134224,3
4134225,3
4134226,3
4134227,3
4134228,3
4134229,3
4134230,3
4134231,3
4134232,3
4134233,3
4134234,3
4134235,3
4134236,3
4134237,3
4134238,3
4134239,3
4134240,3
4134241,3
4134242,3
4134243,3
4134244,3
4134245,3
4134246,3
4134247,3
4134248,3
4134249,3
4134250,3
4134251,3
4134252,3
4134253,3
4134254,3
4134255,3
4134256,3
4134257,3
4134258,3
4134259,3
4134260,3
4134261,3
4134262,3
4134263,3
4134264,3
4134265,3
4134266,3
4134267,3
4134268,3
4134269,3
4134270,3
4134271,3
4134272,3
4134273,3
4134274,3
4134275,3
4134276,3
4134277,3
4134278,3
4134279,3
4134280,3
4134281,3
4134282,3
4134283,3
4134284,3
4134285,3
4134286,3
4134287,3
4134288,3
4134289,3
4134290,3
4134291,3
4134292,3
4134293,3
4134294,3
4134295,3
4134296,3
4134297,3
4134298,3
4134299,3
4134300,3
4134301,3
4134302,3
4134303,3
4134304,3
4134305,3
4134306,3
4134307,3
4134308,3
4134309,3
4134310,3
4134311,3
4134312,3
4134313,3
4134314,3
4134315,3
4134316,3
4134317,3
4134318,3
4134319,3
4134320,3
4134321,3
4134322,3
4134323,3
4134324,3
4134325,3
4134326,3
4134327,3
4134328,3
4134329,3
4134330,3
4134331,3
4134332,3
4134333,3
4134334,3
4134335,3
4134336,3
4134337,3
4134338,3
4134339,3
4134340,3
4134341,3
4134342,3
4134343,3
4134344,3
4134345,3
4134346,3
4134347,3
4134348,3
4134349,3
4134350,3
4134351,3
4134352,3
4134353,3
4134354,3
4134355,3
4134356,3
4134357,3
4134358,3
4134359,3
4134360,3
4134361,3
4134362,3
4134363,3
4134364,3
4134365,3
4134366,3
4134367,3
4134368,3
4134369,3
4134370,3
4134371,3
4134372,3
4134373,3
4134374,3
4134375,3
4134376,3
4134377,3
4134378,3
4134379,3
4134380,3
4134381,3
4134382,3
4134383,3
4134384,3
4134385,3
4134386,3
4134387,3
4134388,3
4134389,3
4134390,3
4134391,3
4134392,3
4134393,3
4134394,3
4134395,3
4134396,3
4134397,3
4134398,3
4134399,3
4134400,3
4134401,3
4134402,3
4134403,3
4134404,3
4134405,3
4134406,3
4134407,3
4134408,3
4134409,3
4134410,3
4134411,3
4134412,3
4134413,3
4134414,3
4134415,3
4134416,3
4134417,3
4134418,3
4134419,3
4134420,3
4134421,3
4134422,3
4134423,3
4134424,3
4134425,3
4134426,3
4134427,3
4134428,3
4134429,3
4134430,3
4134431,3
4134432,3
4134433,3
4134434,3
4134435,3
4134436,3
4134437,3
4134438,3
4134439,3
4134440,3
4134441,3
4134442,3
4134443,3
4134444,3
4134445,3
4134446,3
4134447,3
4134448,3
4134449,3
4134450,3
4134451,3
4134452,3
4134453,3
4134454,3
4134455,3
4134456,3
4134457,3
4134458,3
4134459,3
4134460,3
4134461,3
4134462,3
4134463,3
4134464,3
4134465,3
4134466,3
4134467,3
4134468,3
4134469,3
4134470,3
4134471,3
4134472,3
4134473,3
4134474,3
4134475,3
4134476,3
4134477,3
4134478,3
4134479,3
4134480,3
4134481,3
4134482,3
4134483,3
4134484,3
4134485,3
4134486,3
4134487,3
4134488,3
4134489,3
4134490,3
4134491,3
4134492,3
4134493,3
4134494,3
4134495,3
4134496,3
4134497,3
4134498,3
4134499,3
4134500,3
4134501,3
4134502,3
4134503,3
4134504,3
4134505,3
4134506,3
4134507,3
4134508,3
4134509,3
4134510,3
4134511,3
4134512,3
4134513,3
4134514,3
4134515,3
4134516,3
4134517,3
4134518,3
4134519,3
4134520,3
4134521,3
4134522,3
4134523,3
4134524,3
4134525,3
4134526,3
4134527,3
4134528,3
4134529,3
4134530,3
4134531,3
4134532,3
4134533,3
4134534,3
4134535,3
4134536,3
4134537,3
4134538,3
4134539,3
4134540,3
4134541,3
4134542,3
4134543,3
4134544,3
4134545,3
4134546,3
4134547,3
4134548,3
4134549,3
4134550,3
4134551,3
4134552,3
4134553,3
4134554,3
4134555,3
4134556,3
4134557,3
4134558,3
4134559,3
4134560,3
4134561,3
4134562,3
4134563,3
4134564,3
4134565,3
4134566,3
4134567,3
4134568,3
4134569,3
4134570,3
4134571,3
4134572,3
4134573,3
4134574,3
4134575,3
4134576,3
4134577,3
4134578,3
4134579,3
4134580,3
4134581,3
4134582,3
4134583,3
4134584,3
4134585,3
4134586,3
4134587,3
4134588,3
4134589,3
4134590,3
4134591,3
4134592,3
4134593,3
4134594,3
4134595,3
4134596,3
4134597,3
4134598,3
4134599,3
4134600,3
4134601,3
4134602,3
4134603,3
4134604,3
4134605,3
4134606,3
4134607,3
4134608,3
4134609,3
4134610,3
4134611,3
4134612,3
4134613,3
4134614,3
4134615,3
4134616,3
4134617,3
4134618,3
4134619,3
4134620,3
4134621,3
4134622,3
4134623,3
4134624,3
4134625,3
4134626,3
4134627,3
4134628,3
4134629,3
4134630,3
4134631,3
4134632,3
4134633,3
4134634,3
4134635,3
4134636,3
4134637,3
4134638,3
4134639,3
4134640,3
4134641,3
4134642,3
4134643,3
4134644,3
4134645,3
4134646,3
4134647,3
4134648,3
4134649,3
4134650,3
4134651,3
4134652,3
4134653,3
4134654,3
4134655,3
4134656,3
4134657,3
4134658,3
4134659,3
4134660,3
4134661,3
4134662,3
4134663,3
4134664,3
4134665,3
4134666,3
4134667,3
4134668,3
4134669,3
4134670,3
4134671,3
4134672,3
4134673,3
4134674,3
4134675,3
4134676,3
4134677,3
4134678,3
4134679,3
4134680,3
4134681,3
4134682,3
4134683,3
4134684,3
4134685,3
4134686,3
4134687,3
4134688,3
4134689,3
4134690,3
4134691,3
4134692,3
4134693,3
4134694,3
4134695,3
4134696,3
4134697,3
4134698,3
4134699,3
4134700,3
4134701,3
4134702,3
4134703,3
4134704,3
4134705,3
4134706,3
4134707,3
4134708,3
4134709,3
4134710,3
4134711,3
4134712,3
4134713,3
4134714,3
4134715,3
4134716,3
4134717,3
4134718,3
4134719,3
4134720,3
4134721,3
4134722,3
4134723,3
4134724,3
4134725,3
4134726,3
4134727,3
4134728,3
4134729,3
4134730,3
4134731,3
4134732,3
4134733,3
4134734,3
4134735,3
4134736,3
4134737,3
4134738,3
4134739,3
4134740,3
4134741,3
4134742,3
4134743,3
4134744,3
4134745,3
4134746,3
4134747,3
4134748,3
4134749,3
4134750,3
4134751,3
4134752,3
4134753,3
4134754,3
4134755,3
4134756,3
4134757,3
4134758,3
4134759,3
4134760,3
4134761,3
4134762,3
4134763,3
4134764,3
4134765,3
4134766,3
4134767,3
4134768,3
4134769,3
4134770,3
4134771,3
4134772,3
4134773,3
4134784,3
4134789,3
4134791,3
4134798,3
4134799,3
4134800,3
4134801,3
4134802,3
4134803,3
4134804,3
4134805,3
4134806,3
4134807,3
4134808,3
4134809,3
4134810,3
4134811,3
4134812,3
4134813,3
4134814,3
4134815,3
4134816,3
4134817,3
4134818,3
4134819,3
4134820,3
4134821,3
4134822,3
4134823,3
4134824,3
4134825,3
4134826,3
4134827,3
4134828,3
4134829,3
4134830,3
4134831,3
4134832,3
4134833,3
4134834,3
4134835,3
4134836,3
4134837,3
4134838,3
4134839,3
4134840,3
4134841,3
4134842,3
4134843,3
4134844,3
4134845,3
4134846,3
4134847,3
4134848,3
4134849,3
4134850,3
4134851,3
4134852,3
4134853,3
4134854,3
4134855,3
4134856,3
4134857,3
4134858,3
4134859,3
4134860,3
4134861,3
4134862,3
4134863,3
4134864,3
4134865,3
4134866,3
4134867,3
4134868,3
4134869,3
4134870,3
4134871,3
4134872,3
4134873,3
4134874,3
4134875,3
4134876,3
4134877,3
4134878,3
4134879,3
4134880,3
4134881,3
4134882,3
4134883,3
4134884,3
4134885,3
4134886,3
4134887,3
4134888,3
4134889,3
4134890,3
4134891,3
4134892,3
4134893,3
4134894,3
4134895,3
4134896,3
4134897,3
4134898,3
4134899,3
4134900,3
4134901,3
4134902,3
4134903,3
4134904,3
4134905,3
4134906,3
4134907,3
4134908,3
4134909,3
4134910,3
4134911,3
4134912,3
4134913,3
4134914,3
4134915,3
4134916,3
4134917,3
4134918,3
4134919,3
4134920,3
4134921,3
4134922,3
4134923,3
4134924,3
4134925,3
4134926,3
4134927,3
4134928,3
4134929,3
4134930,3
4134931,3
4134932,3
4134933,3
4134934,3
4134935,3
4134936,3
4134937,3
4134938,3
4134939,3
4134940,3
4134941,3
4134942,3
4134943,3
4134944,3
4134945,3
4134946,3
4134947,3
4134948,3
4134949,3
4134950,3
4134951,3
4134952,3
4134953,3
4134954,3
4134955,3
4134956,3
4134957,3
4134958,3
4134959,3
4134960,3
4134961,3
4134962,3
4134963,3
4134964,3
4134965,3
4134966,3
4134967,3
4134968,3
4134969,3
4134970,3
4134971,3
4134972,3
4134973,3
4134974,3
4134975,3
4134976,3
4134977,3
4134978,3
4134979,3
4134980,3
4134981,3
4134982,3
4134983,3
4134984,3
4134985,3
4134986,3
4134987,3
4134988,3
4134989,3
4134990,3
4134991,3
4134992,3
4134993,3
4134994,3
4134995,3
4134996,3
4134997,3
4134998,3
4134999,3
4135000,3
4135001,3
4135002,3
4135003,3
4135004,3
4135005,3
4135006,3
4135007,3
4135008,3
4135009,3
4135010,3
4135011,3
4135012,3
4135013,3
4135014,3
4135015,3
4135016,3
4135017,3
4135018,3
4135019,3
4135020,3
4135021,3
4135022,3
4135023,3
4135024,3
4135025,3
4135026,3
4135027,3
4135028,3
4135029,3
4135030,3
4135031,3
4135032,3
4135033,3
4135034,3
4135035,3
4135036,3
4135037,3
4135038,3
4135039,3
4135040,3
4135041,3
4135042,3
4135043,3
4135044,3
4135045,3
4135046,3
4135047,3
4135048,3
4135049,3
4135050,3
4135051,3
4135052,3
4135053,3
4135054,3
4135055,3
4135056,3
4135057,3
4135058,3
4135059,3
4135060,3
4135061,3
4135062,3
4135063,3
4135064,3
4135065,3
4135066,3
4135067,3
4135068,3
4135069,3
4135071,3
4135072,3
4135073,3
4135074,3
4135075,3
4135076,3
4135077,3
4135078,3
4135079,3
4135080,3
4135081,3
4135082,3
4135083,3
4135084,3
4135085,3
4135086,3
4135087,3
4135088,3
4135089,3
4135090,3
4135091,3
4135092,3
4135093,3
4135094,3
4135095,3
4135096,3
4135097,3
4135098,3
4135099,3
4135100,3
4135101,3
4135102,3
4135103,3
4135104,3
4135105,3
4135106,3
4135107,3
4135108,3
4135109,3
4135110,3
4135111,3
4135112,3
4135113,3
4135114,3
4135115,3
4135116,3
4135117,3
4135118,3
4135119,3
4135120,3
4135121,3
4135122,3
4135123,3
4135124,3
4135125,3
4135126,3
4135127,3
4135128,3
4135129,3
4135130,3
4135131,3
4135132,3
4135133,3
4135134,3
4135135,3
4135136,3
4135137,3
4135138,3
4135139,3
4135140,3
4135141,3
4135142,3
4135143,3
4135144,3
4135145,3
4135146,3
4135147,3
4135148,3
4135149,3
4135150,3
4135151,3
4135152,3
4135153,3
4135154,3
4135155,3
4135156,3
4135157,3
4135158,3
4135159,3
4135160,3
4135161,3
4135162,3
4135163,3
4135164,3
4135165,3
4135166,3
4135167,3
4135168,3
4135169,3
4135170,3
4135171,3
4135172,3
4135173,3
4135174,3
4135175,3
4135176,3
4135177,3
4135178,3
4135179,3
4135180,3
4135181,3
4135182,3
4135183,3
4135184,3
4135185,3
4135186,3
4135187,3
4135188,3
4135189,3
4135190,3
4135191,3
4135192,3
4135193,3
4135194,3
4135195,3
4135196,3
4135197,3
4135198,3
4135199,3
4135200,3
4135201,3
4135202,3
4135203,3
4135204,3
4135205,3
4135206,3
4135207,3
4135208,3
4135209,3
4135210,3
4135211,3
4135212,3
4135213,3
4135214,3
4135215,3
4135216,3
4135217,3
4135218,3
4135219,3
4135220,3
4135221,3
4135222,3
4135223,3
4135224,3
4135225,3
4135226,3
4135227,3
4135228,3
4135229,3
4135230,3
4135231,3
4135232,3
4135233,3
4135234,3
4135235,3
4135236,3
4135237,3
4135238,3
4135239,3
4135240,3
4135241,3
4135242,3
4135243,3
4135244,3
4135245,3
4135246,3
4135247,3
4135248,3
4135249,3
4135250,3
4135251,3
4135252,3
4135253,3
4135254,3
4135255,3
4135256,3
4135257,3
4135258,3
4135259,3
4135260,3
4135261,3
4135262,3
4135263,3
4135264,3
4135265,3
4135266,3
4135267,3
4135268,3
4135269,3
4135270,3
4135271,3
4135272,3
4135273,3
4135274,3
4135275,3
4135276,3
4135277,3
4135278,3
4135279,3
4135280,3
4135281,3
4135282,3
4135283,3
4135284,3
4135285,3
4135286,3
4135287,3
4135288,3
4135289,3
4135290,3
4135291,3
4135292,3
4135293,3
4135294,3
4135295,3
4135296,3
4135297,3
4135298,3
4135299,3
4135300,3
4135301,3
4135302,3
4135303,3
4135304,3
4135305,3
4135306,3
4135307,3
4135308,3
4135309,3
4135310,3
4135311,3
4135312,3
4135313,3
4135314,3
4135315,3
4135316,3
4135317,3
4135318,3
4135319,3
4135320,3
4135321,3
4135322,3
4135323,3
4135324,3
4135325,3
4135326,3
4135327,3
4135328,3
4135329,3
4135330,3
4135331,3
4135332,3
4135333,3
4135334,3
4135335,3
4135336,3
4135337,3
4135338,3
4135339,3
4135340,3
4135341,3
4135342,3
4135343,3
4135344,3
4135345,3
4135346,3
4135347,3
4135348,3
4135349,3
4135350,3
4135351,3
4135352,3
4135353,3
4135354,3
4135355,3
4135356,3
4135357,3
4135358,3
4135359,3
4135360,3
4135361,3
4135362,3
4135363,3
4135364,3
4135365,3
4135366,3
4135367,3
4135368,3
4135369,3
4135370,3
4135371,3
4135372,3
4135373,3
4135374,3
4135375,3
4135376,3
4135377,3
4135378,3
4135379,3
4135380,3
4135381,3
4135382,3
4135383,3
4135384,3
4135385,3
4135386,3
4135387,3
4135388,3
4135389,3
4135390,3
4135391,3
4135392,3
4135393,3
4135394,3
4135395,3
4135396,3
4135397,3
4135398,3
4135399,3
4135400,3
4135401,3
4135402,3
4135403,3
4135404,3
4135405,3
4135406,3
4135407,3
4135408,3
4135409,3
4135410,3
4135411,3
4135412,3
4135413,3
4135414,3
4135415,3
4135416,3
4135417,3
4135418,3
4135419,3
4135420,3
4135421,3
4135422,3
4135423,3
4135424,3
4135425,3
4135426,3
4135427,3
4135428,3
4135429,3
4135430,3
4135431,3
4135432,3
4135433,3
4135434,3
4135435,3
4135436,3
4135437,3
4135438,3
4135439,3
4135440,3
4135441,3
4135442,3
4135443,3
4135444,3
4135445,3
4135446,3
4135447,3
4135448,3
4135449,3
4135450,3
4135451,3
4135452,3
4135453,3
4135454,3
4135455,3
4135456,3
4135457,3
4135458,3
4135459,3
4135460,3
4135461,3
4135462,3
4135463,3
4135464,3
4135465,3
4135466,3
4135467,3
4135468,3
4135469,3
4135470,3
4135471,3
4135472,3
4135473,3
4135474,3
4135475,3
4135476,3
4135477,3
4135478,3
4135479,3
4135480,3
4135481,3
4135482,3
4135483,3
4135484,3
4135485,3
4135486,3
4135487,3
4135488,3
4135489,3
4135490,3
4135491,3
4135492,3
4135493,3
4135494,3
4135495,3
4135496,3
4135497,3
4135498,3
4135499,3
4135500,3
4135501,3
4135502,3
4135503,3
4135504,3
4135505,3
4135506,3
4135507,3
4135508,3
4135509,3
4135510,3
4135511,3
4135512,3
4135513,3
4135514,3
4135515,3
4135516,3
4135517,3
4135518,3
4135519,3
4135520,3
4135521,3
4135522,3
4135523,3
4135524,3
4135525,3
4135526,3
4135527,3
4135528,3
4135529,3
4135530,3
4135531,3
4135532,3
4135533,3
4135534,3
4135535,3
4135536,3
4135537,3
4135538,3
4135539,3
4135540,3
4135541,3
4135542,3
4135543,3
4135544,3
4135545,3
4135546,3
4135547,3
4135548,3
4135549,3
4135550,3
4135551,3
4135552,3
4135553,3
4135554,3
4135555,3
4135556,3
4135557,3
4135558,3
4135559,3
4135560,3
4135561,3
4135562,3
4135563,3
4135564,3
4135565,3
4135566,3
4135567,3
4135568,3
4135569,3
4135570,3
4135571,3
4135572,3
4135573,3
4135574,3
4135575,3
4135576,3
4135577,3
4135578,3
4135579,3
4135580,3
4135581,3
4135582,3
4135583,3
4135584,3
4135585,3
4135586,3
4135587,3
4135588,3
4135589,3
4135590,3
4135591,3
4135592,3
4135593,3
4135594,3
4135595,3
4135596,3
4135597,3
4135598,3
4135599,3
4135600,3
4135601,3
4135602,3
4135603,3
4135604,3
4135605,3
4135606,3
4135607,3
4135608,3
4135609,3
4135610,3
4135611,3
4135612,3
4135613,3
4135614,3
4135615,3
4135616,3
4135617,3
4135618,3
4135619,3
4135620,3
4135621,3
4135622,3
4135623,3
4135624,3
4135625,3
4135626,3
4135627,3
4135628,3
4135629,3
4135630,3
4135631,3
4135632,3
4135633,3
4135634,3
4135635,3
4135636,3
4135637,3
4135638,3
4135639,3
4135640,3
4135641,3
4135642,3
4135643,3
4135644,3
4135645,3
4135646,3
4135647,3
4135648,3
4135649,3
4135650,3
4135651,3
4135652,3
4135653,3
4135654,3
4135655,3
4135656,3
4135657,3
4135658,3
4135659,3
4135660,3
4135661,3
4135662,3
4135663,3
4135664,3
4135665,3
4135666,3
4135667,3
4135668,3
4135669,3
4135670,3
4135671,3
4135672,3
4135673,3
4135674,3
4135675,3
4135676,3
4135677,3
4135678,3
4135679,3
4135680,3
4135681,3
4135682,3
4135683,3
4135684,3
4135685,3
4135686,3
4135687,3
4135688,3
4135689,3
4135690,3
4135691,3
4135692,3
4135693,3
4135694,3
4135695,3
4135696,3
4135697,3
4135698,3
4135699,3
4135700,3
4135701,3
4135702,3
4135703,3
4135704,3
4135705,3
4135706,3
4135707,3
4135708,3
4135709,3
4135710,3
4135711,3
4135712,3
4135713,3
4135714,3
4135715,3
4135716,3
4135717,3
4135718,3
4135719,3
4135720,3
4135721,3
4135722,3
4135723,3
4135724,3
4135725,3
4135726,3
4135727,3
4135728,3
4135729,3
4135730,3
4135731,3
4135732,3
4135733,3
4135734,3
4135735,3
4135736,3
4135737,3
4135738,3
4135739,3
4135740,3
4135741,3
4135742,3
4135743,3
4135744,3
4135745,3
4135746,3
4135747,3
4135748,3
4135749,3
4135750,3
4135751,3
4135752,3
4135753,3
4135754,3
4135755,3
4135756,3
4135757,3
4135758,3
4135759,3
4135760,3
4135761,3
4135762,3
4135763,3
4135764,3
4135765,3
4135766,3
4135767,3
4135768,3
4135769,3
4135770,3
4135771,3
4135772,3
4135773,3
4135774,3
4135775,3
4135776,3
4135777,3
4135778,3
4135779,3
4135780,3
4135781,3
4135782,3
4135783,3
4135784,3
4135785,3
4135786,3
4135787,3
4135788,3
4135789,3
4135790,3
4135791,3
4135792,3
4135793,3
4135794,3
4135795,3
4135796,3
4135797,3
4135798,3
4135799,3
4135800,3
4135801,3
4135802,3
4135803,3
4135804,3
4135805,3
4135806,3
4135807,3
4135808,3
4135809,3
4135810,3
4135811,3
4135812,3
4135813,3
4135814,3
4135815,3
4135816,3
4135817,3
4135818,3
4135819,3
4135820,3
4135821,3
4135822,3
4135823,3
4135824,3
4135825,3
4135826,3
4135827,3
4135828,3
4135829,3
4135830,3
4135831,3
4135832,3
4135833,3
4135834,3
4135835,3
4135836,3
4135837,3
4135838,3
4135839,3
4135840,3
4135841,3
4135842,3
4135843,3
4135844,3
4135845,3
4135846,3
4135847,3
4135848,3
4135849,3
4135850,3
4135851,3
4135852,3
4135853,3
4135854,3
4135855,3
4135856,3
4135857,3
4135858,3
4135859,3
4135860,3
4135861,3
4135862,3
4135863,3
4135864,3
4135865,3
4135866,3
4135867,3
4135868,3
4135869,3
4135870,3
4135871,3
4135872,3
4135873,3
4135874,3
4135875,3
4135876,3
4135877,3
4135878,3
4135879,3
4135880,3
4135881,3
4135882,3
4135883,3
4135884,3
4135885,3
4135886,3
4135887,3
4135888,3
4135889,3
4135890,3
4135891,3
4135892,3
4135893,3
4135894,3
4135895,3
4135896,3
4135897,3
4135898,3
4135899,3
4135900,3
4135901,3
4135902,3
4135903,3
4135904,3
4135905,3
4135906,3
4135907,3
4135908,3
4135909,3
4135910,3
4135911,3
4135912,3
4135913,3
4135914,3
4135915,3
4135916,3
4135917,3
4135918,3
4135919,3
4135920,3
4135921,3
4135922,3
4135923,3
4135924,3
4135925,3
4135926,3
4135927,3
4135928,3
4135929,3
4135930,3
4135931,3
4135932,3
4135933,3
4135934,3
4135935,3
4135936,3
4135937,3
4135938,3
4135939,3
4135940,3
4135941,3
4135942,3
4135943,3
4135944,3
4135945,3
4135946,3
4135947,3
4135948,3
4135949,3
4135950,3
4135951,3
4135952,3
4135953,3
4135954,3
4135955,3
4135956,3
4135957,3
4135958,3
4135959,3
4135960,3
4135961,3
4135962,3
4135963,3
4135964,3
4135965,3
4135966,3
4135967,3
4135968,3
4135969,3
4135970,3
4135971,3
4135972,3
4135973,3
4135974,3
4135975,3
4135976,3
4135977,3
4135978,3
4135979,3
4135980,3
4135981,3
4135982,3
4135983,3
4135984,3
4135985,3
4135986,3
4135987,3
4135988,3
4135989,3
4135990,3
4135991,3
4135992,3
4135993,3
4135994,3
4135995,3
4135996,3
4135997,3
4135998,3
4135999,3
4136000,3
4136001,3
4136002,3
4136003,3
4136004,3
4136005,3
4136006,3
4136007,3
4136008,3
4136009,3
4136010,3
4136011,3
4136012,3
4136013,3
4136014,3
4136015,3
4136016,3
4136017,3
4136018,3
4136019,3
4136020,3
4136021,3
4136022,3
4136023,3
4136024,3
4136025,3
4136026,3
4136027,3
4136028,3
4136029,3
4136030,3
4136031,3
4136032,3
4136033,3
4136034,3
4136035,3
4136036,3
4136037,3
4136038,3
4136039,3
4136040,3
4136041,3
4136042,3
4136043,3
4136044,3
4136045,3
4136046,3
4136047,3
4136048,3
4136049,3
4136050,3
4136051,3
4136052,3
4136053,3
4136054,3
4136055,3
4136056,3
4136057,3
4136058,3
4136059,3
4136060,3
4136061,3
4136062,3
4136063,3
4136064,3
4136065,3
4136066,3
4136067,3
4136068,3
4136069,3
4136070,3
4136071,3
4136072,3
4136073,3
4136074,3
4136075,3
4136076,3
4136077,3
4136078,3
4136079,3
4136080,3
4136081,3
4136082,3
4136083,3
4136084,3
4136085,3
4136086,3
4136087,3
4136088,3
4136089,3
4136090,3
4136091,3
4136092,3
4136093,3
4136094,3
4136095,3
4136096,3
4136097,3
4136098,3
4136099,3
4136100,3
4136101,3
4136102,3
4136103,3
4136104,3
4136105,3
4136106,3
4136107,3
4136108,3
4136109,3
4136110,3
4136111,3
4136112,3
4136113,3
4136114,3
4136115,3
4136116,3
4136117,3
4136118,3
4136119,3
4136120,3
4136121,3
4136122,3
4136123,3
4136124,3
4136125,3
4136126,3
4136127,3
4136128,3
4136129,3
4136130,3
4136131,3
4136132,3
4136133,3
4136134,3
4136135,3
4136136,3
4136137,3
4136138,3
4136139,3
4136140,3
4136141,3
4136142,3
4136143,3
4136144,3
4136145,3
4136146,3
4136147,3
4136148,3
4136149,3
4136150,3
4136151,3
4136152,3
4136153,3
4136154,3
4136155,3
4136156,3
4136157,3
4136158,3
4136159,3
4136160,3
4136161,3
4136162,3
4136163,3
4136164,3
4136165,3
4136166,3
4136167,3
4136168,3
4136169,3
4136170,3
4136171,3
4136172,3
4136173,3
4136174,3
4136175,3
4136176,3
4136177,3
4136178,3
4136179,3
4136180,3
4136181,3
4136182,3
4136183,3
4136184,3
4136185,3
4136186,3
4136187,3
4136188,3
4136189,3
4136190,3
4136191,3
4136192,3
4136193,3
4136194,3
4136195,3
4136196,3
4136197,3
4136198,3
4136199,3
4136200,3
4136201,3
4136202,3
4136203,3
4136204,3
4136205,3
4136206,3
4136207,3
4136208,3
4136209,3
4136210,3
4136211,3
4136212,3
4136213,3
4136214,3
4136215,3
4136216,3
4136217,3
4136218,3
4136219,3
4136220,3
4136221,3
4136222,3
4136223,3
4136224,3
4136225,3
4136226,3
4136227,3
4136228,3
4136229,3
4136230,3
4136231,3
4136232,3
4136233,3
4136234,3
4136235,3
4136236,3
4136237,3
4136238,3
4136239,3
4136240,3
4136241,3
4136242,3
4136243,3
4136244,3
4136245,3
4136246,3
4136247,3
4136248,3
4136249,3
4136250,3
4136251,3
4136252,3
4136253,3
4136254,3
4136255,3
4136256,3
4136257,3
4136258,3
4136259,3
4136260,3
4136261,3
4136262,3
4136263,3
4136264,3
4136265,3
4136266,3
4136267,3
4136268,3
4136269,3
4136270,3
4136271,3
4136272,3
4136273,3
4136274,3
4136275,3
4136276,3
4136277,3
4136278,3
4136279,3
4136280,3
4136281,3
4136282,3
4136283,3
4136284,3
4136285,3
4136286,3
4136287,3
4136288,3
4136289,3
4136290,3
4136291,3
4136292,3
4136293,3
4136294,3
4136295,3
4136296,3
4136297,3
4136298,3
4136299,3
4136300,3
4136301,3
4136302,3
4136303,3
4136304,3
4136305,3
4136306,3
4136307,3
4136308,3
4136309,3
4136310,3
4136311,3
4136312,3
4136313,3
4136314,3
4136315,3
4136316,3
4136317,3
4136318,3
4136319,3
4136320,3
4136321,3
4136322,3
4136323,3
4136324,3
4136325,3
4136326,3
4136327,3
4136328,3
4136329,3
4136330,3
4136331,3
4136332,3
4136333,3
4136334,3
4136335,3
4136336,3
4136337,3
4136338,3
4136339,3
4136340,3
4136341,3
4136342,3
4136343,3
4136344,3
4136345,3
4136346,3
4136347,3
4136348,3
4136349,3
4136350,3
4136351,3
4136352,3
4136353,3
4136354,3
4136355,3
4136356,3
4136357,3
4136358,3
4136359,3
4136360,3
4136361,3
4136362,3
4136363,3
4136364,3
4136365,3
4136366,3
4136367,3
4136368,3
4136369,3
4136370,3
4136371,3
4136372,3
4136373,3
4136374,3
4136375,3
4136376,3
4136377,3
4136378,3
4136379,3
4136380,3
4136381,3
4136382,3
4136383,3
4136384,3
4136385,3
4136386,3
4136387,3
4136388,3
4136389,3
4136390,3
4136391,3
4136392,3
4136393,3
4136394,3
4136395,3
4136396,3
4136397,3
4136398,3
4136399,3
4136400,3
4136401,3
4136402,3
4136403,3
4136404,3
4136405,3
4136406,3
4136407,3
4136408,3
4136409,3
4136410,3
4136411,3
4136412,3
4136413,3
4136414,3
4136415,3
4136416,3
4136417,3
4136418,3
4136419,3
4136420,3
4136421,3
4136422,3
4136423,3
4136424,3
4136425,3
4136426,3
4136427,3
4136428,3
4136429,3
4136430,3
4136431,3
4136432,3
4136433,3
4136434,3
4136435,3
4136436,3
4136437,3
4136438,3
4136439,3
4136440,3
4136441,3
4136442,3
4136443,3
4136444,3
4136445,3
4136446,3
4136447,3
4136448,3
4136449,3
4136450,3
4136451,3
4136452,3
4136453,3
4136454,3
4136455,3
4136456,3
4136457,3
4136458,3
4136459,3
4136460,3
4136461,3
4136462,3
4136463,3
4136464,3
4136465,3
4136466,3
4136467,3
4136468,3
4136469,3
4136470,3
4136471,3
4136472,3
4136473,3
4136474,3
4136475,3
4136476,3
4136477,3
4136478,3
4136479,3
4136480,3
4136481,3
4136482,3
4136483,3
4136484,3
4136485,3
4136486,3
4136487,3
4136488,3
4136489,3
4136490,3
4136491,3
4136492,3
4136493,3
4136494,3
4136495,3
4136496,3
4136497,3
4136498,3
4136499,3
4136500,3
4136501,3
4136502,3
4136503,3
4136504,3
4136505,3
4136506,3
4136507,3
4136508,3
4136509,3
4136510,3
4136511,3
4136512,3
4136513,3
4136514,3
4136515,3
4136516,3
4136517,3
4136518,3
4136519,3
4136520,3
4136521,3
4136522,3
4136523,3
4136524,3
4136525,3
4136526,3
4136527,3
4136528,3
4136529,3
4136530,3
4136531,3
4136532,3
4136533,3
4136534,3
4136535,3
4136536,3
4136537,3
4136538,3
4136539,3
4136540,3
4136541,3
4136542,3
4136543,3
4136544,3
4136545,3
4136546,3
4136547,3
4136548,3
4136549,3
4136550,3
4136551,3
4136552,3
4136553,3
4136554,3
4136555,3
4136556,3
4136557,3
4136558,3
4136559,3
4136560,3
4136561,3
4136562,3
4136563,3
4136564,3
4136565,3
4136566,3
4136567,3
4136568,3
4136569,3
4136570,3
4136571,3
4136572,3
4136573,3
4136574,3
4136575,3
4136576,3
4136577,3
4136578,3
4136579,3
4136580,3
4136581,3
4136582,3
4136583,3
4136584,3
4136585,3
4136586,3
4136587,3
4136588,3
4136589,3
4136590,3
4136591,3
4136592,3
4136593,3
4136594,3
4136595,3
4136596,3
4136597,3
4136598,3
4136599,3
4136600,3
4136601,3
4136602,3
4136603,3
4136604,3
4136605,3
4136606,3
4136607,3
4136608,3
4136609,3
4136610,3
4136611,3
4136612,3
4136613,3
4136614,3
4136615,3
4136616,3
4136617,3
4136618,3
4136619,3
4136620,3
4136621,3
4136622,3
4136623,3
4136624,3
4136625,3
4136626,3
4136627,3
4136628,3
4136629,3
4136630,3
4136631,3
4136632,3
4136633,3
4136634,3
4136635,3
4136636,3
4136637,3
4136638,3
4136639,3
4136640,3
4136641,3
4136642,3
4136643,3
4136644,3
4136645,3
4136646,3
4136647,3
4136648,3
4136649,3
4136650,3
4136651,3
4136652,3
4136653,3
4136654,3
4136655,3
4136656,3
4136657,3
4136658,3
4136659,3
4136660,3
4136661,3
4136662,3
4136663,3
4136664,3
4136665,3
4136666,3
4136667,3
4136668,3
4136669,3
4136670,3
4136671,3
4136672,3
4136673,3
4136674,3
4136675,3
4136676,3
4136677,3
4136678,3
4136679,3
4136680,3
4136681,3
4136682,3
4136683,3
4136684,3
4136685,3
4136686,3
4136687,3
4136688,3
4136689,3
4136690,3
4136691,3
4136692,3
4136693,3
4136694,3
4136695,3
4136696,3
4136697,3
4136698,3
4136699,3
4136700,3
4136701,3
4136702,3
4136703,3
4136704,3
4136705,3
4136706,3
4136707,3
4136708,3
4136709,3
4136710,3
4136711,3
4136712,3
4136713,3
4136715,3
4136716,3
4136717,3
4136718,3
4136719,3
4136720,3
4136721,3
4136722,3
4136723,3
4136724,3
4136725,3
4136726,3
4136727,3
4136728,3
4136729,3
4136730,3
4136731,3
4136732,3
4136733,3
4136734,3
4136735,3
4136736,3
4136737,3
4136738,3
4136739,3
4136740,3
4136741,3
4136742,3
4136743,3
4136744,3
4136745,3
4136746,3
4136747,3
4136748,3
4136749,3
4136750,3
4136751,3
4136752,3
4136753,3
4136754,3
4136755,3
4136756,3
4136757,3
4136758,3
4136759,3
4136760,3
4136761,3
4136762,3
4136763,3
4136764,3
4136765,3
4136766,3
4136767,3
4136768,3
4136769,3
4136770,3
4136771,3
4136772,3
4136773,3
4136774,3
4136775,3
4136776,3
4136777,3
4136778,3
4136779,3
4136780,3
4136781,3
4136782,3
4136783,3
4136784,3
4136785,3
4136786,3
4136787,3
4136788,3
4136789,3
4136790,3
4136791,3
4136792,3
4136793,3
4136794,3
4136795,3
4136796,3
4136797,3
4136798,3
4136799,3
4136800,3
4136801,3
4136802,3
4136803,3
4136804,3
4136805,3
4136806,3
4136807,3
4136808,3
4136809,3
4136810,3
4136811,3
4136812,3
4136813,3
4136814,3
4136815,3
4136816,3
4136817,3
4136818,3
4136819,3
4136820,3
4136821,3
4136822,3
4136823,3
4136824,3
4136825,3
4136826,3
4136827,3
4136828,3
4136829,3
4136830,3
4136831,3
4136832,3
4136833,3
4136834,3
4136835,3
4136836,3
4136837,3
4136838,3
4136839,3
4136840,3
4136841,3
4136842,3
4136843,3
4136844,3
4136845,3
4136846,3
4136847,3
4136848,3
4136849,3
4136850,3
4136851,3
4136852,3
4136853,3
4136854,3
4136855,3
4136856,3
4136857,3
4136858,3
4136859,3
4136860,3
4136861,3
4136862,3
4136863,3
4136864,3
4136865,3
4136866,3
4136867,3
4136868,3
4136869,3
4136870,3
4136871,3
4136872,3
4136873,3
4136874,3
4136875,3
4136876,3
4136877,3
4136878,3
4136879,3
4136880,3
4136881,3
4136882,3
4136883,3
4136884,3
4136885,3
4136886,3
4136887,3
4136888,3
4136889,3
4136890,3
4136891,3
4136892,3
4136893,3
4136894,3
4136895,3
4136896,3
4136897,3
4136898,3
4136899,3
4136900,3
4136901,3
4136902,3
4136903,3
4136904,3
4136905,3
4136906,3
4136907,3
4136908,3
4136909,3
4136910,3
4136911,3
4136912,3
4136913,3
4136914,3
4136915,3
4136916,3
4136917,3
4136918,3
4136919,3
4136920,3
4136921,3
4136922,3
4136923,3
4136924,3
4136925,3
4136926,3
4136927,3
4136928,3
4136929,3
4136930,3
4136931,3
4136932,3
4136933,3
4136934,3
4136935,3
4136936,3
4136937,3
4136938,3
4136939,3
4136940,3
4136941,3
4136942,3
4136943,3
4136944,3
4136945,3
4136946,3
4136947,3
4136948,3
4136949,3
4136950,3
4136951,3
4136952,3
4136953,3
4136954,3
4136955,3
4136956,3
4136957,3
4136958,3
4136959,3
4136960,3
4136961,3
4136962,3
4136963,3
4136964,3
4136965,3
4136966,3
4136967,3
4136968,3
4136969,3
4136970,3
4136971,3
4136972,3
4136973,3
4136974,3
4136975,3
4136976,3
4136977,3
4136978,3
4136979,3
4136980,3
4136981,3
4136982,3
4136983,3
4136984,3
4136985,3
4136986,3
4136987,3
4136988,3
4136989,3
4136990,3
4136991,3
4136992,3
4136993,3
4136994,3
4136995,3
4136996,3
4136997,3
4136998,3
4136999,3
4137000,3
4137001,3
4137002,3
4137003,3
4137004,3
4137005,3
4137006,3
4137007,3
4137008,3
4137009,3
4137010,3
4137011,3
4137012,3
4137013,3
4137014,3
4137015,3
4137016,3
4137017,3
4137018,3
4137019,3
4137020,3
4137021,3
4137022,3
4137023,3
4137024,3
4137025,3
4137026,3
4137027,3
4137028,3
4137029,3
4137030,3
4137031,3
4137032,3
4137033,3
4137034,3
4137035,3
4137036,3
4137037,3
4137038,3
4137039,3
4137040,3
4137041,3
4137042,3
4137043,3
4137044,3
4137045,3
4137046,3
4137047,3
4137048,3
4137049,3
4137050,3
4137051,3
4137052,3
4137053,3
4137054,3
4137055,3
4137056,3
4137057,3
4137058,3
4137059,3
4137060,3
4137061,3
4137062,3
4137063,3
4137064,3
4137065,3
4137066,3
4137067,3
4137068,3
4137069,3
4137070,3
4137071,3
4137072,3
4137073,3
4137074,3
4137075,3
4137076,3
4137077,3
4137078,3
4137079,3
4137080,3
4137081,3
4137082,3
4137083,3
4137084,3
4137085,3
4137086,3
4137087,3
4137088,3
4137089,3
4137090,3
4137091,3
4137092,3
4137093,3
4137094,3
4137095,3
4137096,3
4137097,3
4137098,3
4137099,3
4137100,3
4137101,3
4137102,3
4137103,3
4137104,3
4137105,3
4137106,3
4137107,3
4137108,3
4137109,3
4137110,3
4137111,3
4137112,3
4137113,3
4137114,3
4137115,3
4137116,3
4137117,3
4137118,3
4137119,3
4137120,3
4137121,3
4137122,3
4137123,3
4137124,3
4137125,3
4137126,3
4137127,3
4137128,3
4137129,3
4137130,3
4137131,3
4137132,3
4137133,3
4137134,3
4137135,3
4137136,3
4137137,3
4137138,3
4137139,3
4137140,3
4137141,3
4137142,3
4137143,3
4137144,3
4137145,3
4137146,3
4137147,3
4137148,3
4137149,3
4137150,3
4137151,3
4137152,3
4137153,3
4137154,3
4137155,3
4137156,3
4137157,3
4137158,3
4137159,3
4137160,3
4137161,3
4137162,3
4137163,3
4137164,3
4137165,3
4137166,3
4137167,3
4137168,3
4137169,3
4137170,3
4137171,3
4137172,3
4137173,3
4137174,3
4137175,3
4137176,3
4137177,3
4137178,3
4137179,3
4137180,3
4137181,3
4137182,3
4137183,3
4137184,3
4137185,3
4137186,3
4137187,3
4137188,3
4137189,3
4137190,3
4137191,3
4137192,3
4137193,3
4137194,3
4137195,3
4137196,3
4137197,3
4137198,3
4137199,3
4137200,3
4137201,3
4137202,3
4137203,3
4137204,3
4137205,3
4137206,3
4137207,3
4137208,3
4137209,3
4137210,3
4137211,3
4137212,3
4137213,3
4137214,3
4137215,3
4137216,3
4137217,3
4137218,3
4137219,3
4137220,3
4137221,3
4137222,3
4137223,3
4137224,3
4137225,3
4137226,3
4137227,3
4137228,3
4137229,3
4137230,3
4137231,3
4137232,3
4137233,3
4137234,3
4137235,3
4137236,3
4137237,3
4137238,3
4137239,3
4137240,3
4137241,3
4137242,3
4137243,3
4137244,3
4137245,3
4137246,3
4137247,3
4137248,3
4137249,3
4137250,3
4137251,3
4137252,3
4137253,3
4137254,3
4137255,3
4137256,3
4137257,3
4137258,3
4137259,3
4137260,3
4137261,3
4137262,3
4137263,3
4137264,3
4137265,3
4137266,3
4137267,3
4137268,3
4137269,3
4137270,3
4137271,3
4137272,3
4137273,3
4137274,3
4137275,3
4137276,3
4137277,3
4137278,3
4137279,3
4137280,3
4137281,3
4137282,3
4137283,3
4137284,3
4137285,3
4137286,3
4137287,3
4137288,3
4137289,3
4137290,3
4137291,3
4137292,3
4137293,3
4137294,3
4137295,3
4137296,3
4137297,3
4137298,3
4137299,3
4137300,3
4137301,3
4137302,3
4137303,3
4137304,3
4137305,3
4137306,3
4137307,3
4137308,3
4137309,3
4137310,3
4137311,3
4137312,3
4137313,3
4137314,3
4137315,3
4137316,3
4137317,3
4137318,3
4137319,3
4137320,3
4137321,3
4137322,3
4137323,3
4137324,3
4137325,3
4137326,3
4137327,3
4137328,3
4137329,3
4137330,3
4137331,3
4137332,3
4137333,3
4137334,3
4137335,3
4137336,3
4137337,3
4137338,3
4137339,3
4137340,3
4137341,3
4137342,3
4137343,3
4137344,3
4137345,3
4137346,3
4137347,3
4137348,3
4137349,3
4137350,3
4137351,3
4137352,3
4137353,3
4137354,3
4137355,3
4137356,3
4137357,3
4137358,3
4137359,3
4137360,3
4137361,3
4137362,3
4137363,3
4137364,3
4137365,3
4137366,3
4137367,3
4137368,3
4137369,3
4137370,3
4137371,3
4137372,3
4137373,3
4137374,3
4137375,3
4137376,3
4137377,3
4137378,3
4137379,3
4137380,3
4137381,3
4137382,3
4137383,3
4137384,3
4137385,3
4137386,3
4137387,3
4137388,3
4137389,3
4137390,3
4137391,3
4137392,3
4137393,3
4137394,3
4137395,3
4137396,3
4137397,3
4137398,3
4137399,3
4137400,3
4137401,3
4137402,3
4137403,3
4137404,3
4137405,3
4137406,3
4137407,3
4137408,3
4137409,3
4137410,3
4137411,3
4137412,3
4137413,3
4137414,3
4137415,3
4137416,3
4137417,3
4137418,3
4137419,3
4137420,3
4137421,3
4137422,3
4137423,3
4137424,3
4137425,3
4137426,3
4137427,3
4137428,3
4137429,3
4137430,3
4137431,3
4137432,3
4137433,3
4137434,3
4137435,3
4137436,3
4137437,3
4137438,3
4137439,3
4137440,3
4137441,3
4137442,3
4137443,3
4137444,3
4137445,3
4137446,3
4137447,3
4137448,3
4137449,3
4137450,3
4137451,3
4137452,3
4137453,3
4137454,3
4137455,3
4137456,3
4137457,3
4137458,3
4137459,3
4137460,3
4137461,3
4137462,3
4137463,3
4137464,3
4137465,3
4137466,3
4137467,3
4137468,3
4137469,3
4137470,3
4137471,3
4137472,3
4137473,3
4137474,3
4137475,3
4137476,3
4137477,3
4137478,3
4137479,3
4137480,3
4137481,3
4137482,3
4137483,3
4137484,3
4137485,3
4137486,3
4137487,3
4137488,3
4137489,3
4137490,3
4137491,3
4137492,3
4137493,3
4137494,3
4137495,3
4137496,3
4137497,3
4137498,3
4137499,3
4137500,3
4137501,3
4137502,3
4137503,3
4137504,3
4137505,3
4137506,3
4137507,3
4137508,3
4137509,3
4137510,3
4137511,3
4137512,3
4137513,3
4137514,3
4137515,3
4137516,3
4137517,3
4137518,3
4137519,3
4137520,3
4137521,3
4137522,3
4137523,3
4137524,3
4137525,3
4137526,3
4137527,3
4137528,3
4137529,3
4137530,3
4137531,3
4137532,3
4137533,3
4137534,3
4137535,3
4137536,3
4137537,3
4137538,3
4137539,3
4137540,3
4137541,3
4137542,3
4137543,3
4137544,3
4137545,3
4137546,3
4137547,3
4137548,3
4137549,3
4137550,3
4137551,3
4137552,3
4137553,3
4137554,3
4137555,3
4137556,3
4137557,3
4137558,3
4137559,3
4137560,3
4137561,3
4137562,3
4137563,3
4137564,3
4137565,3
4137566,3
4137567,3
4137568,3
4137569,3
4137570,3
4137571,3
4137572,3
4137573,3
4137574,3
4137575,3
4137576,3
4137577,3
4137578,3
4137579,3
4137580,3
4137581,3
4137582,3
4137583,3
4137584,3
4137585,3
4137586,3
4137587,3
4137588,3
4137589,3
4137590,3
4137591,3
4137592,3
4137593,3
4137594,3
4137595,3
4137596,3
4137597,3
4137598,3
4137599,3
4137600,3
4137601,3
4137602,3
4137603,3
4137604,3
4137605,3
4137606,3
4137607,3
4137608,3
4137609,3
4137610,3
4137611,3
4137612,3
4137613,3
4137614,3
4137615,3
4137616,3
4137617,3
4137618,3
4137619,3
4137620,3
4137621,3
4137622,3
4137623,3
4137624,3
4137625,3
4137626,3
4137627,3
4137628,3
4137629,3
4137630,3
4137631,3
4137632,3
4137633,3
4137634,3
4137635,3
4137636,3
4137637,3
4137638,3
4137639,3
4137640,3
4137641,3
4137642,3
4137643,3
4137644,3
4137645,3
4137646,3
4137647,3
4137648,3
4137649,3
4137650,3
4137651,3
4137652,3
4137653,3
4137654,3
4137655,3
4137656,3
4137657,3
4137658,3
4137659,3
4137660,3
4137661,3
4137662,3
4137663,3
4137664,3
4137665,3
4137666,3
4137667,3
4137668,3
4137669,3
4137670,3
4137671,3
4137672,3
4137673,3
4137674,3
4137675,3
4137676,3
4137677,3
4137678,3
4137679,3
4137680,3
4137681,3
4137682,3
4137683,3
4137684,3
4137685,3
4137686,3
4137687,3
4137688,3
4137689,3
4137690,3
4137691,3
4137692,3
4137693,3
4137694,3
4137695,3
4137696,3
4137697,3
4137698,3
4137699,3
4137700,3
4137701,3
4137702,3
4137703,3
4137704,3
4137705,3
4137706,3
4137707,3
4137708,3
4137709,3
4137710,3
4137711,3
4137712,3
4137713,3
4137714,3
4137715,3
4137716,3
4137717,3
4137718,3
4137719,3
4137720,3
4137721,3
4137722,3
4137723,3
4137724,3
4137725,3
4137726,3
4137727,3
4137728,3
4137729,3
4137730,3
4137731,3
4137732,3
4137733,3
4137734,3
4137735,3
4137736,3
4137737,3
4137738,3
4137739,3
4137740,3
4137741,3
4137742,3
4137743,3
4137744,3
4137745,3
4137746,3
4137747,3
4137748,3
4137749,3
4137750,3
4137751,3
4137752,3
4137753,3
4137754,3
4137755,3
4137756,3
4137757,3
4137758,3
4137759,3
4137760,3
4137761,3
4137762,3
4137763,3
4137764,3
4137765,3
4137766,3
4137767,3
4137768,3
4137769,3
4137770,3
4137771,3
4137772,3
4137773,3
4137774,3
4137775,3
4137776,3
4137777,3
4137778,3
4137779,3
4137780,3
4137781,3
4137782,3
4137783,3
4137784,3
4137785,3
4137786,3
4137787,3
4137788,3
4137789,3
4137790,3
4137791,3
4137792,3
4137793,3
4137794,3
4137795,3
4137796,3
4137797,3
4137798,3
4137799,3
4137800,3
4137801,3
4137802,3
4137803,3
4137804,3
4137805,3
4137806,3
4137807,3
4137808,3
4137809,3
4137810,3
4137811,3
4137812,3
4137813,3
4137814,3
4137815,3
4137816,3
4137817,3
4137818,3
4137819,3
4137820,3
4137821,3
4137822,3
4137823,3
4137824,3
4137825,3
4137826,3
4137827,3
4137828,3
4137829,3
4137830,3
4137831,3
4137832,3
4137833,3
4137834,3
4137835,3
4137836,3
4137837,3
4137838,3
4137839,3
4137840,3
4137841,3
4137842,3
4137843,3
4137844,3
4137845,3
4137846,3
4137847,3
4137848,3
4137849,3
4137850,3
4137851,3
4137852,3
4137853,3
4137854,3
4137855,3
4137856,3
4137857,3
4137858,3
4137859,3
4137860,3
4137861,3
4137862,3
4137863,3
4137864,3
4137865,3
4137866,3
4137867,3
4137868,3
4137869,3
4137870,3
4137871,3
4137872,3
4137873,3
4137874,3
4137875,3
4137876,3
4137877,3
4137878,3
4137879,3
4137880,3
4137881,3
4137882,3
4137883,3
4137884,3
4137885,3
4137886,3
4137887,3
4137888,3
4137889,3
4137890,3
4137891,3
4137892,3
4137893,3
4137894,3
4137895,3
4137896,3
4137897,3
4137898,3
4137899,3
4137900,3
4137901,3
4137903,3
4137904,3
4137905,3
4137906,3
4137907,3
4137908,3
4137909,3
4137910,3
4137911,3
4137912,3
4137913,3
4137914,3
4137915,3
4137916,3
4137917,3
4137918,3
4137919,3
4137920,3
4137921,3
4137922,3
4137923,3
4137924,3
4137925,3
4137926,3
4137927,3
4137928,3
4137929,3
4137930,3
4137931,3
4137932,3
4137933,3
4137935,3
4137936,3
4137937,3
4137938,3
4137939,3
4137940,3
4137941,3
4137942,3
4137943,3
4137944,3
4137945,3
4137946,3
4137947,3
4137948,3
4137949,3
4137950,3
4137951,3
4137952,3
4137953,3
4137954,3
4137955,3
4137956,3
4137957,3
4137958,3
4137959,3
4137960,3
4137961,3
4137962,3
4137963,3
4137964,3
4137965,3
4137966,3
4137967,3
4137968,3
4137969,3
4137970,3
4137971,3
4137972,3
4137973,3
4137974,3
4137975,3
4137976,3
4137977,3
4137978,3
4137979,3
4137980,3
4137981,3
4137982,3
4137983,3
4137984,3
4137985,3
4137986,3
4137987,3
4137988,3
4137989,3
4137990,3
4137991,3
4137992,3
4137993,3
4137994,3
4137995,3
4137996,3
4137997,3
4137998,3
4137999,3
4138000,3
4138001,3
4138002,3
4138003,3
4138004,3
4138005,3
4138006,3
4138007,3
4138008,3
4138009,3
4138010,3
4138011,3
4138012,3
4138013,3
4138014,3
4138015,3
4138016,3
4138017,3
4138018,3
4138019,3
4138020,3
4138021,3
4138022,3
4138023,3
4138024,3
4138025,3
4138026,3
4138027,3
4138028,3
4138029,3
4138030,3
4138031,3
4138032,3
4138033,3
4138034,3
4138035,3
4138036,3
4138037,3
4138038,3
4138039,3
4138040,3
4138041,3
4138042,3
4138043,3
4138044,3
4138045,3
4138046,3
4138047,3
4138048,3
4138049,3
4138050,3
4138051,3
4138052,3
4138053,3
4138054,3
4138055,3
4138056,3
4138057,3
4138058,3
4138059,3
4138060,3
4138061,3
4138062,3
4138063,3
4138064,3
4138065,3
4138066,3
4138067,3
4138068,3
4138069,3
4138070,3
4138071,3
4138072,3
4138073,3
4138074,3
4138075,3
4138076,3
4138077,3
4138078,3
4138080,3
4138081,3
4138082,3
4138083,3
4138084,3
4138085,3
4138086,3
4138087,3
4138088,3
4138089,3
4138090,3
4138091,3
4138092,3
4138093,3
4138094,3
4138095,3
4138096,3
4138097,3
4138098,3
4138099,3
4138100,3
4138101,3
4138102,3
4138103,3
4138104,3
4138105,3
4138106,3
4138107,3
4138108,3
4138109,3
4138110,3
4138111,3
4138112,3
4138113,3
4138114,3
4138115,3
4138116,3
4138117,3
4138118,3
4138119,3
4138120,3
4138121,3
4138122,3
4138123,3
4138124,3
4138125,3
4138126,3
4138127,3
4138128,3
4138129,3
4138130,3
4138131,3
4138132,3
4138133,3
4138134,3
4138135,3
4138136,3
4138137,3
4138138,3
4138139,3
4138140,3
4138141,3
4138142,3
4138143,3
4138144,3
4138145,3
4138146,3
4138147,3
4138148,3
4138149,3
4138150,3
4138151,3
4138152,3
4138153,3
4138154,3
4138155,3
4138156,3
4138157,3
4138158,3
4138159,3
4138160,3
4138161,3
4138162,3
4138163,3
4138164,3
4138165,3
4138166,3
4138167,3
4138168,3
4138169,3
4138170,3
4138171,3
4138172,3
4138173,3
4138174,3
4138175,3
4138176,3
4138177,3
4138178,3
4138179,3
4138180,3
4138181,3
4138182,3
4138183,3
4138184,3
4138185,3
4138186,3
4138187,3
4138188,3
4138189,3
4138190,3
4138191,3
4138192,3
4138193,3
4138194,3
4138195,3
4138196,3
4138197,3
4138198,3
4138199,3
4138200,3
4138201,3
4138202,3
4138203,3
4138204,3
4138205,3
4138206,3
4138207,3
4138208,3
4138209,3
4138210,3
4138211,3
4138212,3
4138213,3
4138214,3
4138215,3
4138216,3
4138217,3
4138218,3
4138219,3
4138220,3
4138221,3
4138222,3
4138223,3
4138224,3
4138225,3
4138226,3
4138227,3
4138228,3
4138229,3
4138230,3
4138231,3
4138232,3
4138233,3
4138234,3
4138235,3
4138236,3
4138237,3
4138238,3
4138239,3
4138240,3
4138241,3
4138242,3
4138243,3
4138244,3
4138245,3
4138246,3
4138247,3
4138248,3
4138249,3
4138250,3
4138251,3
4138252,3
4138253,3
4138254,3
4138255,3
4138256,3
4138257,3
4138258,3
4138259,3
4138260,3
4138261,3
4138262,3
4138263,3
4138264,3
4138265,3
4138266,3
4138267,3
4138268,3
4138269,3
4138270,3
4138271,3
4138272,3
4138273,3
4138274,3
4138275,3
4138276,3
4138277,3
4138278,3
4138279,3
4138280,3
4138281,3
4138282,3
4138283,3
4138284,3
4138285,3
4138286,3
4138287,3
4138288,3
4138289,3
4138290,3
4138291,3
4138292,3
4138293,3
4138294,3
4138295,3
4138296,3
4138297,3
4138298,3
4138299,3
4138300,3
4138301,3
4138302,3
4138303,3
4138304,3
4138305,3
4138306,3
4138307,3
4138308,3
4138309,3
4138310,3
4138311,3
4138312,3
4138313,3
4138314,3
4138315,3
4138316,3
4138317,3
4138318,3
4138319,3
4138320,3
4138321,3
4138322,3
4138323,3
4138324,3
4138325,3
4138326,3
4138327,3
4138328,3
4138329,3
4138330,3
4138331,3
4138332,3
4138333,3
4138334,3
4138335,3
4138336,3
4138337,3
4138338,3
4138341,3
4138342,3
4138343,3
4138344,3
4138345,3
4138346,3
4138347,3
4138348,3
4138349,3
4138350,3
4138351,3
4138352,3
4138353,3
4138354,3
4138355,3
4138356,3
4138357,3
4138358,3
4138359,3
4138360,3
4138361,3
4138362,3
4138363,3
4138364,3
4138365,3
4138366,3
4138367,3
4138368,3
4138369,3
4138370,3
4138371,3
4138372,3
4138373,3
4138374,3
4138375,3
4138376,3
4138377,3
4138378,3
4138379,3
4138380,3
4138381,3
4138382,3
4138383,3
4138384,3
4138385,3
4138386,3
4138387,3
4138388,3
4138389,3
4138390,3
4138391,3
4138392,3
4138393,3
4138394,3
4138395,3
4138396,3
4138397,3
4138398,3
4138399,3
4138400,3
4138401,3
4138402,3
4138403,3
4138404,3
4138405,3
4138406,3
4138407,3
4138408,3
4138409,3
4138410,3
4138411,3
4138412,3
4138413,3
4138414,3
4138415,3
4138416,3
4138417,3
4138418,3
4138419,3
4138420,3
4138421,3
4138422,3
4138423,3
4138424,3
4138425,3
4138426,3
4138427,3
4138428,3
4138429,3
4138430,3
4138431,3
4138432,3
4138433,3
4138434,3
4138435,3
4138436,3
4138437,3
4138438,3
4138439,3
4138440,3
4138441,3
4138442,3
4138443,3
4138444,3
4138445,3
4138446,3
4138447,3
4138448,3
4138449,3
4138450,3
4138451,3
4138452,3
4138453,3
4138454,3
4138455,3
4138456,3
4138457,3
4138458,3
4138459,3
4138460,3
4138461,3
4138462,3
4138463,3
4138464,3
4138465,3
4138466,3
4138467,3
4138468,3
4138469,3
4138470,3
4138471,3
4138472,3
4138473,3
4138474,3
4138475,3
4138476,3
4138477,3
4138478,3
4138479,3
4138480,3
4138481,3
4138482,3
4138483,3
4138484,3
4138485,3
4138486,3
4138487,3
4138488,3
4138489,3
4138490,3
4138491,3
4138492,3
4138493,3
4138494,3
4138495,3
4138496,3
4138497,3
4138498,3
4138499,3
4138500,3
4138501,3
4138502,3
4138503,3
4138504,3
4138505,3
4138506,3
4138507,3
4138508,3
4138509,3
4138510,3
4138511,3
4138512,3
4138513,3
4138514,3
4138515,3
4138516,3
4138517,3
4138518,3
4138519,3
4138520,3
4138521,3
4138522,3
4138523,3
4138524,3
4138525,3
4138526,3
4138527,3
4138528,3
4138529,3
4138530,3
4138531,3
4138532,3
4138533,3
4138534,3
4138535,3
4138536,3
4138537,3
4138538,3
4138539,3
4138540,3
4138541,3
4138542,3
4138543,3
4138544,3
4138545,3
4138546,3
4138547,3
4138548,3
4138549,3
4138550,3
4138551,3
4138552,3
4138553,3
4138554,3
4138555,3
4138556,3
4138557,3
4138558,3
4138559,3
4138560,3
4138561,3
4138562,3
4138563,3
4138564,3
4138565,3
4138566,3
4138567,3
4138568,3
4138569,3
4138570,3
4138571,3
4138572,3
4138573,3
4138574,3
4138575,3
4138576,3
4138577,3
4138578,3
4138579,3
4138580,3
4138581,3
4138582,3
4138583,3
4138584,3
4138585,3
4138586,3
4138587,3
4138588,3
4138589,3
4138590,3
4138591,3
4138592,3
4138593,3
4138594,3
4138595,3
4138596,3
4138597,3
4138598,3
4138599,3
4138600,3
4138601,3
4138602,3
4138603,3
4138604,3
4138605,3
4138606,3
4138607,3
4138608,3
4138609,3
4138610,3
4138611,3
4138612,3
4138613,3
4138614,3
4138615,3
4138616,3
4138617,3
4138618,3
4138619,3
4138620,3
4138621,3
4138622,3
4138623,3
4138624,3
4138625,3
4138626,3
4138627,3
4138628,3
4138629,3
4138630,3
4138631,3
4138632,3
4138633,3
4138634,3
4138635,3
4138636,3
4138637,3
4138638,3
4138639,3
4138640,3
4138641,3
4138642,3
4138643,3
4138644,3
4138645,3
4138837,0
4138863,3
4138939,3
4139069,3
4139138,3
4139139,3
4139141,3
4139142,3
4139143,3
4139144,3
4139145,3
4139146,3
4139147,3
4139148,3
4139149,3
4139150,3
4139151,3
4139152,3
4139153,3
4139154,3
4139155,3
4139156,3
4139157,3
4139158,3
4139159,3
4139160,3
4139161,3
4139162,3
4139163,3
4139164,3
4139165,3
4139166,3
4139167,3
4139168,3
4139169,3
4139170,3
4139171,3
4139172,3
4139173,3
4139174,3
4139175,3
4139176,3
4139177,3
4139178,3
4139179,3
4139180,3
4139181,3
4139182,3
4139183,3
4139184,3
4139185,3
4139195,3
4139196,3
4139197,3
4139198,3
4139199,3
4139200,3
4139201,3
4139202,3
4139203,3
4139204,3
4139205,3
4139206,3
4139207,3
4139208,3
4139209,3
4139210,3
4139211,3
4139212,3
4139213,3
4139214,3
4139215,3
4139216,3
4139217,3
4139218,3
4139219,3
4139220,3
4139221,3
4139222,3
4139223,3
4139224,3
4139225,3
4139226,3
4139227,3
4139228,3
4139229,3
4139230,3
4139231,3
4139234,3
4139235,3
4139236,3
4139237,3
4139238,3
4139240,3
4139241,3
4139242,3
4139244,3
4139245,3
4139248,3
4139249,3
4139250,3
4139251,3
4139252,3
4139253,3
4139256,3
4139258,3
4139259,3
4139260,3
4139261,3
4139262,3
4139263,3
4139264,3
4139265,3
4139266,3
4139267,3
4139268,3
4139269,3
4139270,3
4139271,3
4139272,3
4139273,3
4139274,3
4139275,3
4139276,3
4139277,3
4139278,3
4139279,3
4139280,3
4139282,3
4139284,3
4139285,3
4139286,3
4139287,3
4139288,3
4139289,3
4139290,3
4139291,3
4139292,3
4139293,3
4139294,3
4139295,3
4139296,3
4139297,3
4139298,3
4139299,3
4139300,3
4139301,3
4139302,3
4139304,3
4139305,3
4139306,3
4139307,3
4139308,3
4139309,3
4139311,3
4139312,3
4139313,3
4139314,3
4139315,3
4139316,3
4139318,3
4139320,3
4139321,3
4139322,3
4139323,3
4139324,3
4139326,3
4139327,3
4139328,3
4139329,3
4139330,3
4139331,3
4139332,3
4139333,3
4139334,3
4139335,3
4139336,3
4139337,3
4139338,3
4139339,3
4139340,3
4139341,3
4139342,3
4139343,3
4139344,3
4139345,3
4139346,3
4139347,3
4139350,3
4139351,3
4139352,3
4139353,3
4139354,3
4139356,3
4139357,3
4139358,3
4139359,3
4139360,3
4139361,3
4139362,3
4139363,3
4139364,3
4139365,3
4139366,3
4139367,3
4139368,3
4139369,3
4139370,3
4139371,3
4139373,3
4139374,3
4139375,3
4139376,3
4139377,3
4139378,3
4139379,3
4139380,3
4139381,3
4139382,3
4139383,3
4139384,3
4139385,3
4139386,3
4139387,3
4139388,3
4139389,3
4139390,3
4139391,3
4139392,3
4139394,3
4139395,3
4139396,3
4139397,3
4139398,3
4139399,3
4139400,3
4139401,3
4139402,3
4139403,3
4139404,3
4139405,3
4139406,3
4139407,3
4139408,3
4139409,3
4139411,3
4139412,3
4139414,3
4139415,3
4139416,3
4139417,3
4139418,3
4139419,3
4139420,3
4139421,3
4139422,3
4139424,3
4139425,3
4139426,3
4139427,3
4139428,3
4139429,3
4139430,3
4139431,3
4139432,3
4139435,3
4139436,3
4139437,3
4139439,3
4139440,3
4139441,3
4139442,3
4139443,3
4139444,3
4139445,3
4139446,3
4139447,3
4139448,3
4139450,3
4139451,3
4139454,3
4139455,3
4139456,3
4139457,3
4139458,3
4139459,3
4139464,3
4139465,3
4139468,3
4139469,3
4139470,3
4139471,3
